2026-02-05T12:43:07.720837+07:00 LAPTOP-6OTU1RGQ kernel: Linux version 6.6.87.2-microsoft-standard-WSL2 (root@439a258ad544) (gcc (GCC) 11.2.0, GNU ld (GNU Binutils) 2.37) #1 SMP PREEMPT_DYNAMIC Thu Jun  5 18:30:46 UTC 2025
2026-02-05T12:43:07.720848+07:00 LAPTOP-6OTU1RGQ kernel: Command line: initrd=\initrd.img WSL_ROOT_INIT=1 panic=-1 nr_cpus=24 hv_utils.timesync_implicit=1 console=hvc0 debug pty.legacy_count=0 WSL_ENABLE_CRASH_DUMP=1
2026-02-05T12:43:07.720849+07:00 LAPTOP-6OTU1RGQ kernel: KERNEL supported cpus:
2026-02-05T12:43:07.720850+07:00 LAPTOP-6OTU1RGQ kernel:   Intel GenuineIntel
2026-02-05T12:43:07.720850+07:00 LAPTOP-6OTU1RGQ kernel:   AMD AuthenticAMD
2026-02-05T12:43:07.720851+07:00 LAPTOP-6OTU1RGQ kernel: BIOS-provided physical RAM map:
2026-02-05T12:43:07.720852+07:00 LAPTOP-6OTU1RGQ kernel: BIOS-e820: [mem 0x0000000000000000-0x000000000009ffff] usable
2026-02-05T12:43:07.720854+07:00 LAPTOP-6OTU1RGQ kernel: BIOS-e820: [mem 0x00000000000e0000-0x00000000000e0fff] reserved
2026-02-05T12:43:07.720855+07:00 LAPTOP-6OTU1RGQ kernel: BIOS-e820: [mem 0x0000000000100000-0x00000000001fffff] ACPI data
2026-02-05T12:43:07.720855+07:00 LAPTOP-6OTU1RGQ kernel: BIOS-e820: [mem 0x0000000000200000-0x00000000f7ffffff] usable
2026-02-05T12:43:07.720856+07:00 LAPTOP-6OTU1RGQ kernel: BIOS-e820: [mem 0x0000000100000000-0x00000003ebbfffff] usable
2026-02-05T12:43:07.720857+07:00 LAPTOP-6OTU1RGQ kernel: NX (Execute Disable) protection: active
2026-02-05T12:43:07.720857+07:00 LAPTOP-6OTU1RGQ kernel: APIC: Static calls initialized
2026-02-05T12:43:07.720858+07:00 LAPTOP-6OTU1RGQ kernel: DMI not present or invalid.
2026-02-05T12:43:07.720860+07:00 LAPTOP-6OTU1RGQ kernel: Hypervisor detected: Microsoft Hyper-V
2026-02-05T12:43:07.720861+07:00 LAPTOP-6OTU1RGQ kernel: Hyper-V: privilege flags low 0xae7f, high 0x3b8030, hints 0x900c2c, misc 0xe4bed7b6
2026-02-05T12:43:07.720861+07:00 LAPTOP-6OTU1RGQ kernel: Hyper-V: Nested features: 0x4a0000
2026-02-05T12:43:07.720862+07:00 LAPTOP-6OTU1RGQ kernel: Hyper-V: LAPIC Timer Frequency: 0xc3500
2026-02-05T12:43:07.720862+07:00 LAPTOP-6OTU1RGQ kernel: Hyper-V: Using hypercall for remote TLB flush
2026-02-05T12:43:07.720863+07:00 LAPTOP-6OTU1RGQ kernel: clocksource: hyperv_clocksource_tsc_page: mask: 0xffffffffffffffff max_cycles: 0x24e6a1710, max_idle_ns: 440795202120 ns
2026-02-05T12:43:07.720869+07:00 LAPTOP-6OTU1RGQ kernel: clocksource: hyperv_clocksource_msr: mask: 0xffffffffffffffff max_cycles: 0x24e6a1710, max_idle_ns: 440795202120 ns
2026-02-05T12:43:07.720870+07:00 LAPTOP-6OTU1RGQ kernel: tsc: Detected 1996.204 MHz processor
2026-02-05T12:43:07.720870+07:00 LAPTOP-6OTU1RGQ kernel: e820: update [mem 0x00000000-0x00000fff] usable ==> reserved
2026-02-05T12:43:07.720871+07:00 LAPTOP-6OTU1RGQ kernel: e820: remove [mem 0x000a0000-0x000fffff] usable
2026-02-05T12:43:07.720872+07:00 LAPTOP-6OTU1RGQ kernel: last_pfn = 0x3ebc00 max_arch_pfn = 0x400000000
2026-02-05T12:43:07.720872+07:00 LAPTOP-6OTU1RGQ kernel: MTRR map: 5 entries (4 fixed + 1 variable; max 20), built from 8 variable MTRRs
2026-02-05T12:43:07.720877+07:00 LAPTOP-6OTU1RGQ kernel: x86/PAT: Configuration [0-7]: WB  WC  UC- UC  WB  WP  UC- WT  
2026-02-05T12:43:07.720878+07:00 LAPTOP-6OTU1RGQ kernel: last_pfn = 0xf8000 max_arch_pfn = 0x400000000
2026-02-05T12:43:07.720879+07:00 LAPTOP-6OTU1RGQ kernel: Using GB pages for direct mapping
2026-02-05T12:43:07.720879+07:00 LAPTOP-6OTU1RGQ kernel: RAMDISK: [mem 0x04be4000-0x04e7ffff]
2026-02-05T12:43:07.720880+07:00 LAPTOP-6OTU1RGQ kernel: ACPI: Early table checksum verification disabled
2026-02-05T12:43:07.720880+07:00 LAPTOP-6OTU1RGQ kernel: ACPI: RSDP 0x00000000000E0000 000024 (v02 VRTUAL)
2026-02-05T12:43:07.720883+07:00 LAPTOP-6OTU1RGQ kernel: ACPI: XSDT 0x0000000000100000 000044 (v01 VRTUAL MICROSFT 00000001 MSFT 00000001)
2026-02-05T12:43:07.720883+07:00 LAPTOP-6OTU1RGQ kernel: ACPI: FACP 0x0000000000101000 000114 (v06 VRTUAL MICROSFT 00000001 MSFT 00000001)
2026-02-05T12:43:07.720884+07:00 LAPTOP-6OTU1RGQ kernel: ACPI: DSDT 0x00000000001011B8 01E11C (v02 MSFTVM DSDT01   00000001 INTL 20230628)
2026-02-05T12:43:07.720885+07:00 LAPTOP-6OTU1RGQ kernel: ACPI: FACS 0x0000000000101114 000040
2026-02-05T12:43:07.720885+07:00 LAPTOP-6OTU1RGQ kernel: ACPI: OEM0 0x0000000000101154 000064 (v01 VRTUAL MICROSFT 00000001 MSFT 00000001)
2026-02-05T12:43:07.720886+07:00 LAPTOP-6OTU1RGQ kernel: ACPI: SRAT 0x000000000011F2D4 000430 (v02 VRTUAL MICROSFT 00000001 MSFT 00000001)
2026-02-05T12:43:07.720886+07:00 LAPTOP-6OTU1RGQ kernel: ACPI: APIC 0x000000000011F704 000108 (v04 VRTUAL MICROSFT 00000001 MSFT 00000001)
2026-02-05T12:43:07.720889+07:00 LAPTOP-6OTU1RGQ kernel: ACPI: Reserving FACP table memory at [mem 0x101000-0x101113]
2026-02-05T12:43:07.720889+07:00 LAPTOP-6OTU1RGQ kernel: ACPI: Reserving DSDT table memory at [mem 0x1011b8-0x11f2d3]
2026-02-05T12:43:07.720890+07:00 LAPTOP-6OTU1RGQ kernel: ACPI: Reserving FACS table memory at [mem 0x101114-0x101153]
2026-02-05T12:43:07.720891+07:00 LAPTOP-6OTU1RGQ kernel: ACPI: Reserving OEM0 table memory at [mem 0x101154-0x1011b7]
2026-02-05T12:43:07.720891+07:00 LAPTOP-6OTU1RGQ kernel: ACPI: Reserving SRAT table memory at [mem 0x11f2d4-0x11f703]
2026-02-05T12:43:07.720892+07:00 LAPTOP-6OTU1RGQ kernel: ACPI: Reserving APIC table memory at [mem 0x11f704-0x11f80b]
2026-02-05T12:43:07.720894+07:00 LAPTOP-6OTU1RGQ kernel: SRAT: PXM 0 -> APIC 0x00 -> Node 0
2026-02-05T12:43:07.720895+07:00 LAPTOP-6OTU1RGQ kernel: SRAT: PXM 0 -> APIC 0x01 -> Node 0
2026-02-05T12:43:07.720895+07:00 LAPTOP-6OTU1RGQ kernel: SRAT: PXM 0 -> APIC 0x02 -> Node 0
2026-02-05T12:43:07.720896+07:00 LAPTOP-6OTU1RGQ kernel: SRAT: PXM 0 -> APIC 0x03 -> Node 0
2026-02-05T12:43:07.721028+07:00 LAPTOP-6OTU1RGQ kernel: SRAT: PXM 0 -> APIC 0x04 -> Node 0
2026-02-05T12:43:07.721035+07:00 LAPTOP-6OTU1RGQ kernel: SRAT: PXM 0 -> APIC 0x05 -> Node 0
2026-02-05T12:43:07.721035+07:00 LAPTOP-6OTU1RGQ kernel: SRAT: PXM 0 -> APIC 0x06 -> Node 0
2026-02-05T12:43:07.721040+07:00 LAPTOP-6OTU1RGQ kernel: SRAT: PXM 0 -> APIC 0x07 -> Node 0
2026-02-05T12:43:07.721041+07:00 LAPTOP-6OTU1RGQ kernel: SRAT: PXM 0 -> APIC 0x08 -> Node 0
2026-02-05T12:43:07.721041+07:00 LAPTOP-6OTU1RGQ kernel: SRAT: PXM 0 -> APIC 0x09 -> Node 0
2026-02-05T12:43:07.721041+07:00 LAPTOP-6OTU1RGQ kernel: SRAT: PXM 0 -> APIC 0x0a -> Node 0
2026-02-05T12:43:07.721042+07:00 LAPTOP-6OTU1RGQ kernel: SRAT: PXM 0 -> APIC 0x0b -> Node 0
2026-02-05T12:43:07.721042+07:00 LAPTOP-6OTU1RGQ kernel: SRAT: PXM 0 -> APIC 0x0c -> Node 0
2026-02-05T12:43:07.721044+07:00 LAPTOP-6OTU1RGQ kernel: SRAT: PXM 0 -> APIC 0x0d -> Node 0
2026-02-05T12:43:07.721044+07:00 LAPTOP-6OTU1RGQ kernel: SRAT: PXM 0 -> APIC 0x0e -> Node 0
2026-02-05T12:43:07.721045+07:00 LAPTOP-6OTU1RGQ kernel: SRAT: PXM 0 -> APIC 0x0f -> Node 0
2026-02-05T12:43:07.721045+07:00 LAPTOP-6OTU1RGQ kernel: SRAT: PXM 0 -> APIC 0x10 -> Node 0
2026-02-05T12:43:07.721045+07:00 LAPTOP-6OTU1RGQ kernel: SRAT: PXM 0 -> APIC 0x11 -> Node 0
2026-02-05T12:43:07.721045+07:00 LAPTOP-6OTU1RGQ kernel: SRAT: PXM 0 -> APIC 0x12 -> Node 0
2026-02-05T12:43:07.721047+07:00 LAPTOP-6OTU1RGQ kernel: SRAT: PXM 0 -> APIC 0x13 -> Node 0
2026-02-05T12:43:07.721047+07:00 LAPTOP-6OTU1RGQ kernel: SRAT: PXM 0 -> APIC 0x14 -> Node 0
2026-02-05T12:43:07.721047+07:00 LAPTOP-6OTU1RGQ kernel: SRAT: PXM 0 -> APIC 0x15 -> Node 0
2026-02-05T12:43:07.721047+07:00 LAPTOP-6OTU1RGQ kernel: SRAT: PXM 0 -> APIC 0x16 -> Node 0
2026-02-05T12:43:07.721048+07:00 LAPTOP-6OTU1RGQ kernel: SRAT: PXM 0 -> APIC 0x17 -> Node 0
2026-02-05T12:43:07.721048+07:00 LAPTOP-6OTU1RGQ kernel: ACPI: SRAT: Node 0 PXM 0 [mem 0x00000000-0xf7ffffff] hotplug
2026-02-05T12:43:07.721048+07:00 LAPTOP-6OTU1RGQ kernel: ACPI: SRAT: Node 0 PXM 0 [mem 0x100000000-0x3ebbfffff] hotplug
2026-02-05T12:43:07.721114+07:00 LAPTOP-6OTU1RGQ kernel: ACPI: SRAT: Node 0 PXM 0 [mem 0x3ebc00000-0x9ffdfffff] hotplug
2026-02-05T12:43:07.721118+07:00 LAPTOP-6OTU1RGQ kernel: ACPI: SRAT: Node 0 PXM 0 [mem 0x1000000000-0xfcffffffff] hotplug
2026-02-05T12:43:07.721118+07:00 LAPTOP-6OTU1RGQ kernel: ACPI: SRAT: Node 0 PXM 0 [mem 0x10000000000-0x1ffffffffff] hotplug
2026-02-05T12:43:07.721118+07:00 LAPTOP-6OTU1RGQ kernel: ACPI: SRAT: Node 0 PXM 0 [mem 0x20000000000-0x3ffffffffff] hotplug
2026-02-05T12:43:07.721119+07:00 LAPTOP-6OTU1RGQ kernel: ACPI: SRAT: Node 0 PXM 0 [mem 0x40000000000-0x7ffffffffff] hotplug
2026-02-05T12:43:07.721119+07:00 LAPTOP-6OTU1RGQ kernel: ACPI: SRAT: Node 0 PXM 0 [mem 0x80000000000-0xfffffffffff] hotplug
2026-02-05T12:43:07.721122+07:00 LAPTOP-6OTU1RGQ kernel: ACPI: SRAT: Node 0 PXM 0 [mem 0x100000000000-0x1fffffffffff] hotplug
2026-02-05T12:43:07.721124+07:00 LAPTOP-6OTU1RGQ kernel: ACPI: SRAT: Node 0 PXM 0 [mem 0x200000000000-0x3fffffffffff] hotplug
2026-02-05T12:43:07.721124+07:00 LAPTOP-6OTU1RGQ kernel: ACPI: SRAT: Node 0 PXM 0 [mem 0x400000000000-0x7fffffffffff] hotplug
2026-02-05T12:43:07.721124+07:00 LAPTOP-6OTU1RGQ kernel: ACPI: SRAT: Node 0 PXM 0 [mem 0x800000000000-0xffffffffffff] hotplug
2026-02-05T12:43:07.721125+07:00 LAPTOP-6OTU1RGQ kernel: ACPI: SRAT: Node 0 PXM 0 [mem 0x1000000000000-0x1ffffffffffff] hotplug
2026-02-05T12:43:07.721125+07:00 LAPTOP-6OTU1RGQ kernel: ACPI: SRAT: Node 0 PXM 0 [mem 0x2000000000000-0x3ffffffffffff] hotplug
2026-02-05T12:43:07.721125+07:00 LAPTOP-6OTU1RGQ kernel: ACPI: SRAT: Node 0 PXM 0 [mem 0x4000000000000-0x7ffffffffffff] hotplug
2026-02-05T12:43:07.721129+07:00 LAPTOP-6OTU1RGQ kernel: ACPI: SRAT: Node 0 PXM 0 [mem 0x8000000000000-0xfffffffffffff] hotplug
2026-02-05T12:43:07.721129+07:00 LAPTOP-6OTU1RGQ kernel: NUMA: Node 0 [mem 0x00000000-0xf7ffffff] + [mem 0x100000000-0x3ebbfffff] -> [mem 0x00000000-0x3ebbfffff]
2026-02-05T12:43:07.721130+07:00 LAPTOP-6OTU1RGQ kernel: NODE_DATA(0) allocated [mem 0x3ebbdd000-0x3ebbfefff]
2026-02-05T12:43:07.721130+07:00 LAPTOP-6OTU1RGQ kernel: Zone ranges:
2026-02-05T12:43:07.721130+07:00 LAPTOP-6OTU1RGQ kernel:   DMA32    [mem 0x0000000000001000-0x00000000ffffffff]
2026-02-05T12:43:07.721131+07:00 LAPTOP-6OTU1RGQ kernel:   Normal   [mem 0x0000000100000000-0x00000003ebbfffff]
2026-02-05T12:43:07.721132+07:00 LAPTOP-6OTU1RGQ kernel:   Device   empty
2026-02-05T12:43:07.721132+07:00 LAPTOP-6OTU1RGQ kernel: Movable zone start for each node
2026-02-05T12:43:07.721132+07:00 LAPTOP-6OTU1RGQ kernel: Early memory node ranges
2026-02-05T12:43:07.721133+07:00 LAPTOP-6OTU1RGQ kernel:   node   0: [mem 0x0000000000001000-0x000000000009ffff]
2026-02-05T12:43:07.721133+07:00 LAPTOP-6OTU1RGQ kernel:   node   0: [mem 0x0000000000200000-0x00000000f7ffffff]
2026-02-05T12:43:07.721133+07:00 LAPTOP-6OTU1RGQ kernel:   node   0: [mem 0x0000000100000000-0x00000003ebbfffff]
2026-02-05T12:43:07.721134+07:00 LAPTOP-6OTU1RGQ kernel: Initmem setup node 0 [mem 0x0000000000001000-0x00000003ebbfffff]
2026-02-05T12:43:07.721135+07:00 LAPTOP-6OTU1RGQ kernel: On node 0, zone DMA32: 1 pages in unavailable ranges
2026-02-05T12:43:07.721135+07:00 LAPTOP-6OTU1RGQ kernel: On node 0, zone DMA32: 352 pages in unavailable ranges
2026-02-05T12:43:07.721135+07:00 LAPTOP-6OTU1RGQ kernel: On node 0, zone Normal: 17408 pages in unavailable ranges
2026-02-05T12:43:07.721135+07:00 LAPTOP-6OTU1RGQ kernel: ACPI: PM-Timer IO Port: 0x408
2026-02-05T12:43:07.721136+07:00 LAPTOP-6OTU1RGQ kernel: ACPI: LAPIC_NMI (acpi_id[0x01] dfl dfl lint[0x1])
2026-02-05T12:43:07.721136+07:00 LAPTOP-6OTU1RGQ kernel: IOAPIC[0]: apic_id 24, version 17, address 0xfec00000, GSI 0-23
2026-02-05T12:43:07.721137+07:00 LAPTOP-6OTU1RGQ kernel: ACPI: INT_SRC_OVR (bus 0 bus_irq 9 global_irq 9 high level)
2026-02-05T12:43:07.721137+07:00 LAPTOP-6OTU1RGQ kernel: ACPI: Using ACPI (MADT) for SMP configuration information
2026-02-05T12:43:07.721137+07:00 LAPTOP-6OTU1RGQ kernel: smpboot: Allowing 24 CPUs, 0 hotplug CPUs
2026-02-05T12:43:07.721138+07:00 LAPTOP-6OTU1RGQ kernel: PM: hibernation: Registered nosave memory: [mem 0x00000000-0x00000fff]
2026-02-05T12:43:07.721138+07:00 LAPTOP-6OTU1RGQ kernel: PM: hibernation: Registered nosave memory: [mem 0x000a0000-0x000dffff]
2026-02-05T12:43:07.721138+07:00 LAPTOP-6OTU1RGQ kernel: PM: hibernation: Registered nosave memory: [mem 0x000e0000-0x000e0fff]
2026-02-05T12:43:07.721139+07:00 LAPTOP-6OTU1RGQ kernel: PM: hibernation: Registered nosave memory: [mem 0x000e1000-0x000fffff]
2026-02-05T12:43:07.721139+07:00 LAPTOP-6OTU1RGQ kernel: PM: hibernation: Registered nosave memory: [mem 0x00100000-0x001fffff]
2026-02-05T12:43:07.721167+07:00 LAPTOP-6OTU1RGQ kernel: PM: hibernation: Registered nosave memory: [mem 0xf8000000-0xffffffff]
2026-02-05T12:43:07.721167+07:00 LAPTOP-6OTU1RGQ kernel: [mem 0xf8000000-0xffffffff] available for PCI devices
2026-02-05T12:43:07.721168+07:00 LAPTOP-6OTU1RGQ kernel: Booting paravirtualized kernel on Hyper-V
2026-02-05T12:43:07.721168+07:00 LAPTOP-6OTU1RGQ kernel: clocksource: refined-jiffies: mask: 0xffffffff max_cycles: 0xffffffff, max_idle_ns: 7645519600211568 ns
2026-02-05T12:43:07.721171+07:00 LAPTOP-6OTU1RGQ kernel: setup_percpu: NR_CPUS:8192 nr_cpumask_bits:24 nr_cpu_ids:24 nr_node_ids:1
2026-02-05T12:43:07.721172+07:00 LAPTOP-6OTU1RGQ kernel: percpu: Embedded 63 pages/cpu s221184 r8192 d28672 u262144
2026-02-05T12:43:07.721172+07:00 LAPTOP-6OTU1RGQ kernel: pcpu-alloc: s221184 r8192 d28672 u262144 alloc=1*2097152
2026-02-05T12:43:07.721172+07:00 LAPTOP-6OTU1RGQ kernel: pcpu-alloc: [0] 00 01 02 03 04 05 06 07 [0] 08 09 10 11 12 13 14 15 
2026-02-05T12:43:07.721173+07:00 LAPTOP-6OTU1RGQ kernel: pcpu-alloc: [0] 16 17 18 19 20 21 22 23 
2026-02-05T12:43:07.721173+07:00 LAPTOP-6OTU1RGQ kernel: Hyper-V: PV spinlocks enabled
2026-02-05T12:43:07.721173+07:00 LAPTOP-6OTU1RGQ kernel: PV qspinlock hash table entries: 256 (order: 0, 4096 bytes, linear)
2026-02-05T12:43:07.721174+07:00 LAPTOP-6OTU1RGQ kernel: Kernel command line: initrd=\initrd.img WSL_ROOT_INIT=1 panic=-1 nr_cpus=24 hv_utils.timesync_implicit=1 console=hvc0 debug pty.legacy_count=0 WSL_ENABLE_CRASH_DUMP=1
2026-02-05T12:43:07.721175+07:00 LAPTOP-6OTU1RGQ kernel: Unknown kernel command line parameters "WSL_ROOT_INIT=1 WSL_ENABLE_CRASH_DUMP=1", will be passed to user space.
2026-02-05T12:43:07.721175+07:00 LAPTOP-6OTU1RGQ kernel: random: crng init done
2026-02-05T12:43:07.721175+07:00 LAPTOP-6OTU1RGQ kernel: Dentry cache hash table entries: 2097152 (order: 12, 16777216 bytes, linear)
2026-02-05T12:43:07.721176+07:00 LAPTOP-6OTU1RGQ kernel: Inode-cache hash table entries: 1048576 (order: 11, 8388608 bytes, linear)
2026-02-05T12:43:07.721177+07:00 LAPTOP-6OTU1RGQ kernel: Fallback order for Node 0: 0 
2026-02-05T12:43:07.721178+07:00 LAPTOP-6OTU1RGQ kernel: Built 1 zonelists, mobility grouping on.  Total pages: 4013840
2026-02-05T12:43:07.721178+07:00 LAPTOP-6OTU1RGQ kernel: Policy zone: Normal
2026-02-05T12:43:07.721178+07:00 LAPTOP-6OTU1RGQ kernel: mem auto-init: stack:off, heap alloc:on, heap free:off
2026-02-05T12:43:07.721178+07:00 LAPTOP-6OTU1RGQ kernel: software IO TLB: area num 32.
2026-02-05T12:43:07.721179+07:00 LAPTOP-6OTU1RGQ kernel: Memory: 4074588K/16312956K available (20480K kernel code, 3457K rwdata, 13496K rodata, 4492K init, 6208K bss, 405816K reserved, 0K cma-reserved)
2026-02-05T12:43:07.721179+07:00 LAPTOP-6OTU1RGQ kernel: SLUB: HWalign=64, Order=0-3, MinObjects=0, CPUs=24, Nodes=1
2026-02-05T12:43:07.721180+07:00 LAPTOP-6OTU1RGQ kernel: ftrace: allocating 55808 entries in 218 pages
2026-02-05T12:43:07.721181+07:00 LAPTOP-6OTU1RGQ kernel: ftrace: allocated 218 pages with 5 groups
2026-02-05T12:43:07.721181+07:00 LAPTOP-6OTU1RGQ kernel: Dynamic Preempt: none
2026-02-05T12:43:07.721181+07:00 LAPTOP-6OTU1RGQ kernel: rcu: Preemptible hierarchical RCU implementation.
2026-02-05T12:43:07.721181+07:00 LAPTOP-6OTU1RGQ kernel: rcu: 	RCU restricting CPUs from NR_CPUS=8192 to nr_cpu_ids=24.
2026-02-05T12:43:07.721182+07:00 LAPTOP-6OTU1RGQ kernel: 	Trampoline variant of Tasks RCU enabled.
2026-02-05T12:43:07.721183+07:00 LAPTOP-6OTU1RGQ kernel: 	Rude variant of Tasks RCU enabled.
2026-02-05T12:43:07.721183+07:00 LAPTOP-6OTU1RGQ kernel: 	Tracing variant of Tasks RCU enabled.
2026-02-05T12:43:07.721183+07:00 LAPTOP-6OTU1RGQ kernel: rcu: RCU calculated value of scheduler-enlistment delay is 25 jiffies.
2026-02-05T12:43:07.721183+07:00 LAPTOP-6OTU1RGQ kernel: rcu: Adjusting geometry for rcu_fanout_leaf=16, nr_cpu_ids=24
2026-02-05T12:43:07.721184+07:00 LAPTOP-6OTU1RGQ kernel: Using NULL legacy PIC
2026-02-05T12:43:07.721184+07:00 LAPTOP-6OTU1RGQ kernel: NR_IRQS: 524544, nr_irqs: 616, preallocated irqs: 0
2026-02-05T12:43:07.721185+07:00 LAPTOP-6OTU1RGQ kernel: rcu: srcu_init: Setting srcu_struct sizes based on contention.
2026-02-05T12:43:07.721185+07:00 LAPTOP-6OTU1RGQ kernel: Console: colour dummy device 80x25
2026-02-05T12:43:07.721185+07:00 LAPTOP-6OTU1RGQ kernel: ACPI: Core revision 20230628
2026-02-05T12:43:07.721186+07:00 LAPTOP-6OTU1RGQ kernel: Failed to register legacy timer interrupt
2026-02-05T12:43:07.721186+07:00 LAPTOP-6OTU1RGQ kernel: APIC: Switch to symmetric I/O mode setup
2026-02-05T12:43:07.721186+07:00 LAPTOP-6OTU1RGQ kernel: APIC: Switched APIC routing to: physical flat
2026-02-05T12:43:07.721186+07:00 LAPTOP-6OTU1RGQ kernel: Hyper-V: Host Build 10.0.26100.7705-7-0
2026-02-05T12:43:07.721187+07:00 LAPTOP-6OTU1RGQ kernel: Hyper-V: enabling crash_kexec_post_notifiers
2026-02-05T12:43:07.721188+07:00 LAPTOP-6OTU1RGQ kernel: Hyper-V: Using IPI hypercalls
2026-02-05T12:43:07.721188+07:00 LAPTOP-6OTU1RGQ kernel: APIC: send_IPI() replaced with hv_send_ipi()
2026-02-05T12:43:07.721188+07:00 LAPTOP-6OTU1RGQ kernel: APIC: send_IPI_mask() replaced with hv_send_ipi_mask()
2026-02-05T12:43:07.721188+07:00 LAPTOP-6OTU1RGQ kernel: APIC: send_IPI_mask_allbutself() replaced with hv_send_ipi_mask_allbutself()
2026-02-05T12:43:07.721188+07:00 LAPTOP-6OTU1RGQ kernel: APIC: send_IPI_allbutself() replaced with hv_send_ipi_allbutself()
2026-02-05T12:43:07.721189+07:00 LAPTOP-6OTU1RGQ kernel: APIC: send_IPI_all() replaced with hv_send_ipi_all()
2026-02-05T12:43:07.721190+07:00 LAPTOP-6OTU1RGQ kernel: APIC: send_IPI_self() replaced with hv_send_ipi_self()
2026-02-05T12:43:07.721190+07:00 LAPTOP-6OTU1RGQ kernel: Hyper-V: Using enlightened APIC (xapic mode)
2026-02-05T12:43:07.721190+07:00 LAPTOP-6OTU1RGQ kernel: APIC: eoi() replaced with hv_apic_eoi_write()
2026-02-05T12:43:07.721190+07:00 LAPTOP-6OTU1RGQ kernel: APIC: read() replaced with hv_apic_read()
2026-02-05T12:43:07.721190+07:00 LAPTOP-6OTU1RGQ kernel: APIC: write() replaced with hv_apic_write()
2026-02-05T12:43:07.721191+07:00 LAPTOP-6OTU1RGQ kernel: APIC: icr_write() replaced with hv_apic_icr_write()
2026-02-05T12:43:07.721191+07:00 LAPTOP-6OTU1RGQ kernel: APIC: icr_read() replaced with hv_apic_icr_read()
2026-02-05T12:43:07.721192+07:00 LAPTOP-6OTU1RGQ kernel: clocksource: tsc-early: mask: 0xffffffffffffffff max_cycles: 0x398c58f3ad9, max_idle_ns: 881590744025 ns
2026-02-05T12:43:07.721192+07:00 LAPTOP-6OTU1RGQ kernel: Calibrating delay loop (skipped), value calculated using timer frequency.. 3992.40 BogoMIPS (lpj=7984816)
2026-02-05T12:43:07.721192+07:00 LAPTOP-6OTU1RGQ kernel: x86/cpu: User Mode Instruction Prevention (UMIP) activated
2026-02-05T12:43:07.721192+07:00 LAPTOP-6OTU1RGQ kernel: Last level iTLB entries: 4KB 64, 2MB 64, 4MB 32
2026-02-05T12:43:07.721193+07:00 LAPTOP-6OTU1RGQ kernel: Last level dTLB entries: 4KB 128, 2MB 128, 4MB 64, 1GB 0
2026-02-05T12:43:07.721197+07:00 LAPTOP-6OTU1RGQ kernel: Spectre V1 : Mitigation: usercopy/swapgs barriers and __user pointer sanitization
2026-02-05T12:43:07.721198+07:00 LAPTOP-6OTU1RGQ kernel: Spectre V2 : Mitigation: Retpolines
2026-02-05T12:43:07.721198+07:00 LAPTOP-6OTU1RGQ kernel: Spectre V2 : Spectre v2 / SpectreRSB mitigation: Filling RSB on context switch
2026-02-05T12:43:07.721198+07:00 LAPTOP-6OTU1RGQ kernel: Spectre V2 : Spectre v2 / SpectreRSB : Filling RSB on VMEXIT
2026-02-05T12:43:07.721199+07:00 LAPTOP-6OTU1RGQ kernel: Spectre V2 : Enabling Restricted Speculation for firmware calls
2026-02-05T12:43:07.721199+07:00 LAPTOP-6OTU1RGQ kernel: Spectre V2 : mitigation: Enabling conditional Indirect Branch Prediction Barrier
2026-02-05T12:43:07.721200+07:00 LAPTOP-6OTU1RGQ kernel: Spectre V2 : User space: Mitigation: STIBP always-on protection
2026-02-05T12:43:07.721201+07:00 LAPTOP-6OTU1RGQ kernel: Speculative Store Bypass: Mitigation: Speculative Store Bypass disabled via prctl
2026-02-05T12:43:07.721201+07:00 LAPTOP-6OTU1RGQ kernel: x86/fpu: Supporting XSAVE feature 0x001: 'x87 floating point registers'
2026-02-05T12:43:07.721201+07:00 LAPTOP-6OTU1RGQ kernel: x86/fpu: Supporting XSAVE feature 0x002: 'SSE registers'
2026-02-05T12:43:07.721201+07:00 LAPTOP-6OTU1RGQ kernel: x86/fpu: Supporting XSAVE feature 0x004: 'AVX registers'
2026-02-05T12:43:07.721202+07:00 LAPTOP-6OTU1RGQ kernel: x86/fpu: Supporting XSAVE feature 0x020: 'AVX-512 opmask'
2026-02-05T12:43:07.721203+07:00 LAPTOP-6OTU1RGQ kernel: x86/fpu: Supporting XSAVE feature 0x040: 'AVX-512 Hi256'
2026-02-05T12:43:07.721203+07:00 LAPTOP-6OTU1RGQ kernel: x86/fpu: Supporting XSAVE feature 0x080: 'AVX-512 ZMM_Hi256'
2026-02-05T12:43:07.721203+07:00 LAPTOP-6OTU1RGQ kernel: x86/fpu: Supporting XSAVE feature 0x800: 'Control-flow User registers'
2026-02-05T12:43:07.721204+07:00 LAPTOP-6OTU1RGQ kernel: x86/fpu: xstate_offset[2]:  576, xstate_sizes[2]:  256
2026-02-05T12:43:07.721204+07:00 LAPTOP-6OTU1RGQ kernel: x86/fpu: xstate_offset[5]:  832, xstate_sizes[5]:   64
2026-02-05T12:43:07.721205+07:00 LAPTOP-6OTU1RGQ kernel: x86/fpu: xstate_offset[6]:  896, xstate_sizes[6]:  512
2026-02-05T12:43:07.721205+07:00 LAPTOP-6OTU1RGQ kernel: x86/fpu: xstate_offset[7]: 1408, xstate_sizes[7]: 1024
2026-02-05T12:43:07.721206+07:00 LAPTOP-6OTU1RGQ kernel: x86/fpu: xstate_offset[11]: 2432, xstate_sizes[11]:   16
2026-02-05T12:43:07.721207+07:00 LAPTOP-6OTU1RGQ kernel: x86/fpu: Enabled xstate features 0x8e7, context size is 2448 bytes, using 'compacted' format.
2026-02-05T12:43:07.721207+07:00 LAPTOP-6OTU1RGQ kernel: Freeing SMP alternatives memory: 44K
2026-02-05T12:43:07.721207+07:00 LAPTOP-6OTU1RGQ kernel: pid_max: default: 32768 minimum: 301
2026-02-05T12:43:07.721207+07:00 LAPTOP-6OTU1RGQ kernel: LSM: initializing lsm=capability,landlock,yama,safesetid,selinux,integrity
2026-02-05T12:43:07.721208+07:00 LAPTOP-6OTU1RGQ kernel: landlock: Up and running.
2026-02-05T12:43:07.721209+07:00 LAPTOP-6OTU1RGQ kernel: Yama: becoming mindful.
2026-02-05T12:43:07.721209+07:00 LAPTOP-6OTU1RGQ kernel: SELinux:  Initializing.
2026-02-05T12:43:07.721209+07:00 LAPTOP-6OTU1RGQ kernel: Mount-cache hash table entries: 32768 (order: 6, 262144 bytes, linear)
2026-02-05T12:43:07.721210+07:00 LAPTOP-6OTU1RGQ kernel: Mountpoint-cache hash table entries: 32768 (order: 6, 262144 bytes, linear)
2026-02-05T12:43:07.721210+07:00 LAPTOP-6OTU1RGQ kernel: smpboot: CPU0: AMD Ryzen AI 9 HX 370 w/ Radeon 890M (family: 0x1a, model: 0x24, stepping: 0x0)
2026-02-05T12:43:07.721211+07:00 LAPTOP-6OTU1RGQ kernel: RCU Tasks: Setting shift to 5 and lim to 1 rcu_task_cb_adjust=1 rcu_task_cpu_ids=24.
2026-02-05T12:43:07.721211+07:00 LAPTOP-6OTU1RGQ kernel: RCU Tasks Rude: Setting shift to 5 and lim to 1 rcu_task_cb_adjust=1 rcu_task_cpu_ids=24.
2026-02-05T12:43:07.721218+07:00 LAPTOP-6OTU1RGQ kernel: RCU Tasks Trace: Setting shift to 5 and lim to 1 rcu_task_cb_adjust=1 rcu_task_cpu_ids=24.
2026-02-05T12:43:07.721219+07:00 LAPTOP-6OTU1RGQ kernel: Performance Events: Fam17h+ core perfctr, AMD PMU driver.
2026-02-05T12:43:07.721219+07:00 LAPTOP-6OTU1RGQ kernel: ... version:                0
2026-02-05T12:43:07.721220+07:00 LAPTOP-6OTU1RGQ kernel: ... bit width:              48
2026-02-05T12:43:07.721220+07:00 LAPTOP-6OTU1RGQ kernel: ... generic registers:      6
2026-02-05T12:43:07.721220+07:00 LAPTOP-6OTU1RGQ kernel: ... value mask:             0000ffffffffffff
2026-02-05T12:43:07.721224+07:00 LAPTOP-6OTU1RGQ kernel: ... max period:             00007fffffffffff
2026-02-05T12:43:07.721225+07:00 LAPTOP-6OTU1RGQ kernel: ... fixed-purpose events:   0
2026-02-05T12:43:07.721225+07:00 LAPTOP-6OTU1RGQ kernel: ... event mask:             000000000000003f
2026-02-05T12:43:07.721225+07:00 LAPTOP-6OTU1RGQ kernel: signal: max sigframe size: 3376
2026-02-05T12:43:07.721225+07:00 LAPTOP-6OTU1RGQ kernel: rcu: Hierarchical SRCU implementation.
2026-02-05T12:43:07.721225+07:00 LAPTOP-6OTU1RGQ kernel: rcu: 	Max phase no-delay instances is 1000.
2026-02-05T12:43:07.721227+07:00 LAPTOP-6OTU1RGQ kernel: smp: Bringing up secondary CPUs ...
2026-02-05T12:43:07.721228+07:00 LAPTOP-6OTU1RGQ kernel: smpboot: x86: Booting SMP configuration:
2026-02-05T12:43:07.721252+07:00 LAPTOP-6OTU1RGQ kernel: .... node  #0, CPUs:        #2  #4  #6  #8 #10 #12 #14 #16 #18 #20 #22  #1  #3  #5  #7  #9 #11 #13 #15 #17 #19 #21 #23
2026-02-05T12:43:07.721254+07:00 LAPTOP-6OTU1RGQ kernel: Spectre V2 : Update user space SMT mitigation: STIBP always-on
2026-02-05T12:43:07.721255+07:00 LAPTOP-6OTU1RGQ kernel: smp: Brought up 1 node, 24 CPUs
2026-02-05T12:43:07.721256+07:00 LAPTOP-6OTU1RGQ kernel: smpboot: Max logical packages: 1
2026-02-05T12:43:07.721257+07:00 LAPTOP-6OTU1RGQ kernel: smpboot: Total of 24 processors activated (95817.79 BogoMIPS)
2026-02-05T12:43:07.721257+07:00 LAPTOP-6OTU1RGQ kernel: node 0 deferred pages initialised in 24ms
2026-02-05T12:43:07.721258+07:00 LAPTOP-6OTU1RGQ kernel: devtmpfs: initialized
2026-02-05T12:43:07.721259+07:00 LAPTOP-6OTU1RGQ kernel: x86/mm: Memory block size: 128MB
2026-02-05T12:43:07.721338+07:00 LAPTOP-6OTU1RGQ kernel: clocksource: jiffies: mask: 0xffffffff max_cycles: 0xffffffff, max_idle_ns: 7645041785100000 ns
2026-02-05T12:43:07.721340+07:00 LAPTOP-6OTU1RGQ kernel: futex hash table entries: 8192 (order: 7, 524288 bytes, linear)
2026-02-05T12:43:07.721341+07:00 LAPTOP-6OTU1RGQ kernel: pinctrl core: initialized pinctrl subsystem
2026-02-05T12:43:07.721342+07:00 LAPTOP-6OTU1RGQ kernel: NET: Registered PF_NETLINK/PF_ROUTE protocol family
2026-02-05T12:43:07.721342+07:00 LAPTOP-6OTU1RGQ kernel: DMA: preallocated 2048 KiB GFP_KERNEL pool for atomic allocations
2026-02-05T12:43:07.721343+07:00 LAPTOP-6OTU1RGQ kernel: DMA: preallocated 2048 KiB GFP_KERNEL|GFP_DMA32 pool for atomic allocations
2026-02-05T12:43:07.721344+07:00 LAPTOP-6OTU1RGQ kernel: audit: initializing netlink subsys (disabled)
2026-02-05T12:43:07.721344+07:00 LAPTOP-6OTU1RGQ kernel: audit: type=2000 audit(1770270183.064:1): state=initialized audit_enabled=0 res=1
2026-02-05T12:43:07.721345+07:00 LAPTOP-6OTU1RGQ kernel: thermal_sys: Registered thermal governor 'step_wise'
2026-02-05T12:43:07.721345+07:00 LAPTOP-6OTU1RGQ kernel: thermal_sys: Registered thermal governor 'user_space'
2026-02-05T12:43:07.721345+07:00 LAPTOP-6OTU1RGQ kernel: cpuidle: using governor ladder
2026-02-05T12:43:07.721346+07:00 LAPTOP-6OTU1RGQ kernel: cpuidle: using governor menu
2026-02-05T12:43:07.721346+07:00 LAPTOP-6OTU1RGQ kernel: acpiphp: ACPI Hot Plug PCI Controller Driver version: 0.5
2026-02-05T12:43:07.721347+07:00 LAPTOP-6OTU1RGQ kernel: dca service started, version 1.12.1
2026-02-05T12:43:07.721348+07:00 LAPTOP-6OTU1RGQ kernel: PCI: Fatal: No config space access function found
2026-02-05T12:43:07.721349+07:00 LAPTOP-6OTU1RGQ kernel: kprobes: kprobe jump-optimization is enabled. All kprobes are optimized if possible.
2026-02-05T12:43:07.721353+07:00 LAPTOP-6OTU1RGQ kernel: HugeTLB: registered 1.00 GiB page size, pre-allocated 0 pages
2026-02-05T12:43:07.721353+07:00 LAPTOP-6OTU1RGQ kernel: HugeTLB: 16380 KiB vmemmap can be freed for a 1.00 GiB page
2026-02-05T12:43:07.721354+07:00 LAPTOP-6OTU1RGQ kernel: HugeTLB: registered 2.00 MiB page size, pre-allocated 0 pages
2026-02-05T12:43:07.721356+07:00 LAPTOP-6OTU1RGQ kernel: HugeTLB: 28 KiB vmemmap can be freed for a 2.00 MiB page
2026-02-05T12:43:07.721357+07:00 LAPTOP-6OTU1RGQ kernel: cryptd: max_cpu_qlen set to 1000
2026-02-05T12:43:07.721358+07:00 LAPTOP-6OTU1RGQ kernel: ACPI: Added _OSI(Module Device)
2026-02-05T12:43:07.721358+07:00 LAPTOP-6OTU1RGQ kernel: ACPI: Added _OSI(Processor Device)
2026-02-05T12:43:07.721359+07:00 LAPTOP-6OTU1RGQ kernel: ACPI: Added _OSI(3.0 _SCP Extensions)
2026-02-05T12:43:07.721359+07:00 LAPTOP-6OTU1RGQ kernel: ACPI: Added _OSI(Processor Aggregator Device)
2026-02-05T12:43:07.721361+07:00 LAPTOP-6OTU1RGQ kernel: ACPI: 1 ACPI AML tables successfully acquired and loaded
2026-02-05T12:43:07.721362+07:00 LAPTOP-6OTU1RGQ kernel: ACPI: _OSC evaluation for CPUs failed, trying _PDC
2026-02-05T12:43:07.721362+07:00 LAPTOP-6OTU1RGQ kernel: ACPI: Interpreter enabled
2026-02-05T12:43:07.721438+07:00 LAPTOP-6OTU1RGQ kernel: ACPI: PM: (supports S0 S5)
2026-02-05T12:43:07.721440+07:00 LAPTOP-6OTU1RGQ kernel: ACPI: Using IOAPIC for interrupt routing
2026-02-05T12:43:07.721440+07:00 LAPTOP-6OTU1RGQ kernel: PCI: Using host bridge windows from ACPI; if necessary, use "pci=nocrs" and report a bug
2026-02-05T12:43:07.721441+07:00 LAPTOP-6OTU1RGQ kernel: PCI: Using E820 reservations for host bridge windows
2026-02-05T12:43:07.721441+07:00 LAPTOP-6OTU1RGQ kernel: ACPI: Enabled 2 GPEs in block 00 to 0F
2026-02-05T12:43:07.721442+07:00 LAPTOP-6OTU1RGQ kernel: iommu: Default domain type: Translated
2026-02-05T12:43:07.721564+07:00 LAPTOP-6OTU1RGQ kernel: iommu: DMA domain TLB invalidation policy: lazy mode
2026-02-05T12:43:07.721566+07:00 LAPTOP-6OTU1RGQ kernel: SCSI subsystem initialized
2026-02-05T12:43:07.721567+07:00 LAPTOP-6OTU1RGQ kernel: libata version 3.00 loaded.
2026-02-05T12:43:07.721567+07:00 LAPTOP-6OTU1RGQ kernel: pps_core: LinuxPPS API ver. 1 registered
2026-02-05T12:43:07.721568+07:00 LAPTOP-6OTU1RGQ kernel: pps_core: Software ver. 5.3.6 - Copyright 2005-2007 Rodolfo Giometti <giometti@linux.it>
2026-02-05T12:43:07.721568+07:00 LAPTOP-6OTU1RGQ kernel: PTP clock support registered
2026-02-05T12:43:07.721569+07:00 LAPTOP-6OTU1RGQ kernel: EDAC MC: Ver: 3.0.0
2026-02-05T12:43:07.721569+07:00 LAPTOP-6OTU1RGQ kernel: hv_vmbus: Vmbus version:5.3
2026-02-05T12:43:07.721569+07:00 LAPTOP-6OTU1RGQ kernel: hv_vmbus: Unknown GUID: 6e382d18-3336-4f4b-acc4-2b7703d4df4a
2026-02-05T12:43:07.721570+07:00 LAPTOP-6OTU1RGQ kernel: hv_vmbus: Unknown GUID: dde9cbc0-5060-4436-9448-ea1254a5d177
2026-02-05T12:43:07.721617+07:00 LAPTOP-6OTU1RGQ kernel: NetLabel: Initializing
2026-02-05T12:43:07.721620+07:00 LAPTOP-6OTU1RGQ kernel: NetLabel:  domain hash size = 128
2026-02-05T12:43:07.721620+07:00 LAPTOP-6OTU1RGQ kernel: NetLabel:  protocols = UNLABELED CIPSOv4 CALIPSO
2026-02-05T12:43:07.721622+07:00 LAPTOP-6OTU1RGQ kernel: NetLabel:  unlabeled traffic allowed by default
2026-02-05T12:43:07.721622+07:00 LAPTOP-6OTU1RGQ kernel: PCI: Using ACPI for IRQ routing
2026-02-05T12:43:07.721623+07:00 LAPTOP-6OTU1RGQ kernel: PCI: System does not support PCI
2026-02-05T12:43:07.721623+07:00 LAPTOP-6OTU1RGQ kernel: vgaarb: loaded
2026-02-05T12:43:07.721624+07:00 LAPTOP-6OTU1RGQ kernel: clocksource: Switched to clocksource tsc-early
2026-02-05T12:43:07.721624+07:00 LAPTOP-6OTU1RGQ kernel: VFS: Disk quotas dquot_6.6.0
2026-02-05T12:43:07.721625+07:00 LAPTOP-6OTU1RGQ kernel: VFS: Dquot-cache hash table entries: 512 (order 0, 4096 bytes)
2026-02-05T12:43:07.721625+07:00 LAPTOP-6OTU1RGQ kernel: FS-Cache: Loaded
2026-02-05T12:43:07.721831+07:00 LAPTOP-6OTU1RGQ kernel: pnp: PnP ACPI init
2026-02-05T12:43:07.721838+07:00 LAPTOP-6OTU1RGQ kernel: pnp: PnP ACPI: found 1 devices
2026-02-05T12:43:07.721839+07:00 LAPTOP-6OTU1RGQ kernel: clocksource: acpi_pm: mask: 0xffffff max_cycles: 0xffffff, max_idle_ns: 2085701024 ns
2026-02-05T12:43:07.721840+07:00 LAPTOP-6OTU1RGQ kernel: NET: Registered PF_INET protocol family
2026-02-05T12:43:07.721841+07:00 LAPTOP-6OTU1RGQ kernel: IP idents hash table entries: 262144 (order: 9, 2097152 bytes, linear)
2026-02-05T12:43:07.721841+07:00 LAPTOP-6OTU1RGQ kernel: tcp_listen_portaddr_hash hash table entries: 8192 (order: 5, 131072 bytes, linear)
2026-02-05T12:43:07.721842+07:00 LAPTOP-6OTU1RGQ kernel: Table-perturb hash table entries: 65536 (order: 6, 262144 bytes, linear)
2026-02-05T12:43:07.721843+07:00 LAPTOP-6OTU1RGQ kernel: TCP established hash table entries: 131072 (order: 8, 1048576 bytes, linear)
2026-02-05T12:43:07.721843+07:00 LAPTOP-6OTU1RGQ kernel: TCP bind hash table entries: 65536 (order: 9, 2097152 bytes, linear)
2026-02-05T12:43:07.721844+07:00 LAPTOP-6OTU1RGQ kernel: TCP: Hash tables configured (established 131072 bind 65536)
2026-02-05T12:43:07.721845+07:00 LAPTOP-6OTU1RGQ kernel: UDP hash table entries: 8192 (order: 6, 262144 bytes, linear)
2026-02-05T12:43:07.721845+07:00 LAPTOP-6OTU1RGQ kernel: UDP-Lite hash table entries: 8192 (order: 6, 262144 bytes, linear)
2026-02-05T12:43:07.721846+07:00 LAPTOP-6OTU1RGQ kernel: NET: Registered PF_UNIX/PF_LOCAL protocol family
2026-02-05T12:43:07.721847+07:00 LAPTOP-6OTU1RGQ kernel: NET: Registered PF_XDP protocol family
2026-02-05T12:43:07.721847+07:00 LAPTOP-6OTU1RGQ kernel: PCI: CLS 0 bytes, default 64
2026-02-05T12:43:07.721848+07:00 LAPTOP-6OTU1RGQ kernel: PCI-DMA: Using software bounce buffering for IO (SWIOTLB)
2026-02-05T12:43:07.721848+07:00 LAPTOP-6OTU1RGQ kernel: software IO TLB: mapped [mem 0x00000000f4000000-0x00000000f8000000] (64MB)
2026-02-05T12:43:07.721849+07:00 LAPTOP-6OTU1RGQ kernel: Trying to unpack rootfs image as initramfs...
2026-02-05T12:43:07.721850+07:00 LAPTOP-6OTU1RGQ kernel: Freeing initrd memory: 2672K
2026-02-05T12:43:07.721850+07:00 LAPTOP-6OTU1RGQ kernel: clocksource: tsc: mask: 0xffffffffffffffff max_cycles: 0x398c58f3ad9, max_idle_ns: 881590744025 ns
2026-02-05T12:43:07.721851+07:00 LAPTOP-6OTU1RGQ kernel: clocksource: Switched to clocksource tsc
2026-02-05T12:43:07.721852+07:00 LAPTOP-6OTU1RGQ kernel: Initialise system trusted keyrings
2026-02-05T12:43:07.721852+07:00 LAPTOP-6OTU1RGQ kernel: Key type blacklist registered
2026-02-05T12:43:07.721853+07:00 LAPTOP-6OTU1RGQ kernel: workingset: timestamp_bits=36 max_order=22 bucket_order=0
2026-02-05T12:43:07.721853+07:00 LAPTOP-6OTU1RGQ kernel: squashfs: version 4.0 (2009/01/31) Phillip Lougher
2026-02-05T12:43:07.721854+07:00 LAPTOP-6OTU1RGQ kernel: fuse: init (API version 7.39)
2026-02-05T12:43:07.721855+07:00 LAPTOP-6OTU1RGQ kernel: SGI XFS with ACLs, security attributes, realtime, verbose warnings, quota, no debug enabled
2026-02-05T12:43:07.721855+07:00 LAPTOP-6OTU1RGQ kernel: 9p: Installing v9fs 9p2000 file system support
2026-02-05T12:43:07.721856+07:00 LAPTOP-6OTU1RGQ kernel: Key type asymmetric registered
2026-02-05T12:43:07.721856+07:00 LAPTOP-6OTU1RGQ kernel: Asymmetric key parser 'x509' registered
2026-02-05T12:43:07.721857+07:00 LAPTOP-6OTU1RGQ kernel: Block layer SCSI generic (bsg) driver version 0.4 loaded (major 245)
2026-02-05T12:43:07.721857+07:00 LAPTOP-6OTU1RGQ kernel: io scheduler mq-deadline registered
2026-02-05T12:43:07.721859+07:00 LAPTOP-6OTU1RGQ kernel: io scheduler kyber registered
2026-02-05T12:43:07.721859+07:00 LAPTOP-6OTU1RGQ kernel: hv_vmbus: registering driver hv_pci
2026-02-05T12:43:07.721860+07:00 LAPTOP-6OTU1RGQ kernel: hv_pci c4b741f5-5582-4c98-8f8b-2e082933c396: PCI VMBus probing: Using version 0x10004
2026-02-05T12:43:07.721860+07:00 LAPTOP-6OTU1RGQ kernel: hv_pci c4b741f5-5582-4c98-8f8b-2e082933c396: PCI host bridge to bus 5582:00
2026-02-05T12:43:07.721861+07:00 LAPTOP-6OTU1RGQ kernel: pci_bus 5582:00: root bus resource [mem 0x9ffe00000-0x9ffe02fff window]
2026-02-05T12:43:07.721861+07:00 LAPTOP-6OTU1RGQ kernel: pci_bus 5582:00: No busn resource found for root bus, will use [bus 00-ff]
2026-02-05T12:43:07.721862+07:00 LAPTOP-6OTU1RGQ kernel: pci 5582:00:00.0: [1af4:1043] type 00 class 0x010000
2026-02-05T12:43:07.721862+07:00 LAPTOP-6OTU1RGQ kernel: pci 5582:00:00.0: reg 0x10: [mem 0x9ffe00000-0x9ffe00fff 64bit]
2026-02-05T12:43:07.721863+07:00 LAPTOP-6OTU1RGQ kernel: pci 5582:00:00.0: reg 0x18: [mem 0x9ffe01000-0x9ffe01fff 64bit]
2026-02-05T12:43:07.721864+07:00 LAPTOP-6OTU1RGQ kernel: pci 5582:00:00.0: reg 0x20: [mem 0x9ffe02000-0x9ffe02fff 64bit]
2026-02-05T12:43:07.721865+07:00 LAPTOP-6OTU1RGQ kernel: pci_bus 5582:00: busn_res: [bus 00-ff] end is updated to 00
2026-02-05T12:43:07.721865+07:00 LAPTOP-6OTU1RGQ kernel: pci 5582:00:00.0: BAR 0: assigned [mem 0x9ffe00000-0x9ffe00fff 64bit]
2026-02-05T12:43:07.721866+07:00 LAPTOP-6OTU1RGQ kernel: pci 5582:00:00.0: BAR 2: assigned [mem 0x9ffe01000-0x9ffe01fff 64bit]
2026-02-05T12:43:07.721866+07:00 LAPTOP-6OTU1RGQ kernel: pci 5582:00:00.0: BAR 4: assigned [mem 0x9ffe02000-0x9ffe02fff 64bit]
2026-02-05T12:43:07.721867+07:00 LAPTOP-6OTU1RGQ kernel: hv_pci ef3da10e-9840-4f19-bdd0-a219668cf810: PCI VMBus probing: Using version 0x10004
2026-02-05T12:43:07.721867+07:00 LAPTOP-6OTU1RGQ kernel: hv_pci ef3da10e-9840-4f19-bdd0-a219668cf810: PCI host bridge to bus 9840:00
2026-02-05T12:43:07.721868+07:00 LAPTOP-6OTU1RGQ kernel: pci_bus 9840:00: No busn resource found for root bus, will use [bus 00-ff]
2026-02-05T12:43:07.721868+07:00 LAPTOP-6OTU1RGQ kernel: pci 9840:00:00.0: [1414:008a] type 00 class 0x030200
2026-02-05T12:43:07.721869+07:00 LAPTOP-6OTU1RGQ kernel: pci_bus 9840:00: busn_res: [bus 00-ff] end is updated to 00
2026-02-05T12:43:07.721869+07:00 LAPTOP-6OTU1RGQ kernel: ioatdma: Intel(R) QuickData Technology Driver 5.00
2026-02-05T12:43:07.721958+07:00 LAPTOP-6OTU1RGQ kernel: virtio-pci 5582:00:00.0: enabling device (0000 -> 0002)
2026-02-05T12:43:07.722097+07:00 LAPTOP-6OTU1RGQ kernel: Serial: 8250/16550 driver, 8 ports, IRQ sharing enabled
2026-02-05T12:43:07.722193+07:00 LAPTOP-6OTU1RGQ kernel: Linux agpgart interface v0.103
2026-02-05T12:43:07.722198+07:00 LAPTOP-6OTU1RGQ kernel: AMD-Vi: AMD IOMMUv2 functionality not available on this system - This is not a bug.
2026-02-05T12:43:07.722199+07:00 LAPTOP-6OTU1RGQ kernel: ACPI: bus type drm_connector registered
2026-02-05T12:43:07.722200+07:00 LAPTOP-6OTU1RGQ kernel: printk: console [hvc0] enabled
2026-02-05T12:43:07.722201+07:00 LAPTOP-6OTU1RGQ kernel: brd: module loaded
2026-02-05T12:43:07.722202+07:00 LAPTOP-6OTU1RGQ kernel: loop: module loaded
2026-02-05T12:43:07.722203+07:00 LAPTOP-6OTU1RGQ kernel: Loading iSCSI transport class v2.0-870.
2026-02-05T12:43:07.722204+07:00 LAPTOP-6OTU1RGQ kernel: rdac: device handler registered
2026-02-05T12:43:07.722204+07:00 LAPTOP-6OTU1RGQ kernel: Microchip SmartPQI Driver (v2.1.24-046)
2026-02-05T12:43:07.722205+07:00 LAPTOP-6OTU1RGQ kernel: VMware PVSCSI driver - version 1.0.7.0-k
2026-02-05T12:43:07.722206+07:00 LAPTOP-6OTU1RGQ kernel: hv_vmbus: registering driver hv_storvsc
2026-02-05T12:43:07.722207+07:00 LAPTOP-6OTU1RGQ kernel: PPP generic driver version 2.4.2
2026-02-05T12:43:07.722207+07:00 LAPTOP-6OTU1RGQ kernel: VMware vmxnet3 virtual NIC driver - version 1.7.0.0-k-NAPI
2026-02-05T12:43:07.722208+07:00 LAPTOP-6OTU1RGQ kernel: hv_vmbus: registering driver hv_netvsc
2026-02-05T12:43:07.722209+07:00 LAPTOP-6OTU1RGQ kernel: scsi host0: storvsc_host_t
2026-02-05T12:43:07.722210+07:00 LAPTOP-6OTU1RGQ kernel: Fusion MPT base driver 3.04.20
2026-02-05T12:43:07.722210+07:00 LAPTOP-6OTU1RGQ kernel: Copyright (c) 1999-2008 LSI Corporation
2026-02-05T12:43:07.722211+07:00 LAPTOP-6OTU1RGQ kernel: Fusion MPT SPI Host driver 3.04.20
2026-02-05T12:43:07.722212+07:00 LAPTOP-6OTU1RGQ kernel: Fusion MPT SAS Host driver 3.04.20
2026-02-05T12:43:07.722213+07:00 LAPTOP-6OTU1RGQ kernel: Fusion MPT misc device (ioctl) driver 3.04.20
2026-02-05T12:43:07.722214+07:00 LAPTOP-6OTU1RGQ kernel: mptctl: Registered with Fusion MPT base driver
2026-02-05T12:43:07.722215+07:00 LAPTOP-6OTU1RGQ kernel: mptctl: /dev/mptctl @ (major,minor=10,220)
2026-02-05T12:43:07.722215+07:00 LAPTOP-6OTU1RGQ kernel: i8042: PNP: No PS/2 controller found.
2026-02-05T12:43:07.722216+07:00 LAPTOP-6OTU1RGQ kernel: hv_vmbus: registering driver hyperv_keyboard
2026-02-05T12:43:07.722217+07:00 LAPTOP-6OTU1RGQ kernel: rtc_cmos 00:00: RTC can wake from S4
2026-02-05T12:43:07.722217+07:00 LAPTOP-6OTU1RGQ kernel: rtc_cmos 00:00: registered as rtc0
2026-02-05T12:43:07.722218+07:00 LAPTOP-6OTU1RGQ kernel: rtc_cmos 00:00: setting system clock to 2026-02-05T05:43:03 UTC (1770270183)
2026-02-05T12:43:07.722219+07:00 LAPTOP-6OTU1RGQ kernel: rtc_cmos 00:00: alarms up to one month, 114 bytes nvram
2026-02-05T12:43:07.722219+07:00 LAPTOP-6OTU1RGQ kernel: device-mapper: core: CONFIG_IMA_DISABLE_HTABLE is disabled. Duplicate IMA measurements will not be recorded in the IMA log.
2026-02-05T12:43:07.722220+07:00 LAPTOP-6OTU1RGQ kernel: device-mapper: uevent: version 1.0.3
2026-02-05T12:43:07.722221+07:00 LAPTOP-6OTU1RGQ kernel: device-mapper: ioctl: 4.48.0-ioctl (2023-03-01) initialised: dm-devel@redhat.com
2026-02-05T12:43:07.722222+07:00 LAPTOP-6OTU1RGQ kernel: hv_utils: Registering HyperV Utility Driver
2026-02-05T12:43:07.722222+07:00 LAPTOP-6OTU1RGQ kernel: hv_vmbus: registering driver hv_utils
2026-02-05T12:43:07.722223+07:00 LAPTOP-6OTU1RGQ kernel: hv_vmbus: registering driver hv_balloon
2026-02-05T12:43:07.722223+07:00 LAPTOP-6OTU1RGQ kernel: hv_vmbus: registering driver dxgkrnl
2026-02-05T12:43:07.722224+07:00 LAPTOP-6OTU1RGQ kernel: hv_utils: TimeSync IC version 4.0
2026-02-05T12:43:07.722224+07:00 LAPTOP-6OTU1RGQ kernel: hv_balloon: Using Dynamic Memory protocol version 2.0
2026-02-05T12:43:07.722225+07:00 LAPTOP-6OTU1RGQ kernel: drop_monitor: Initializing network drop monitor service
2026-02-05T12:43:07.722225+07:00 LAPTOP-6OTU1RGQ kernel: Free page reporting enabled
2026-02-05T12:43:07.722226+07:00 LAPTOP-6OTU1RGQ kernel: hv_balloon: Cold memory discard hint enabled with order 9
2026-02-05T12:43:07.722227+07:00 LAPTOP-6OTU1RGQ kernel: NET: Registered PF_INET6 protocol family
2026-02-05T12:43:07.722227+07:00 LAPTOP-6OTU1RGQ kernel: Segment Routing with IPv6
2026-02-05T12:43:07.722228+07:00 LAPTOP-6OTU1RGQ kernel: In-situ OAM (IOAM) with IPv6
2026-02-05T12:43:07.722229+07:00 LAPTOP-6OTU1RGQ kernel: NET: Registered PF_PACKET protocol family
2026-02-05T12:43:07.722229+07:00 LAPTOP-6OTU1RGQ kernel: 9pnet: Installing 9P2000 support
2026-02-05T12:43:07.722250+07:00 LAPTOP-6OTU1RGQ kernel: NET: Registered PF_VSOCK protocol family
2026-02-05T12:43:07.722250+07:00 LAPTOP-6OTU1RGQ kernel: hv_vmbus: registering driver hv_sock
2026-02-05T12:43:07.722251+07:00 LAPTOP-6OTU1RGQ kernel: IPI shorthand broadcast: enabled
2026-02-05T12:43:07.722252+07:00 LAPTOP-6OTU1RGQ kernel: AVX2 version of gcm_enc/dec engaged.
2026-02-05T12:43:07.722252+07:00 LAPTOP-6OTU1RGQ kernel: AES CTR mode by8 optimization enabled
2026-02-05T12:43:07.722253+07:00 LAPTOP-6OTU1RGQ kernel: sched_clock: Marking stable (384004935, 479129)->(409256108, -24772044)
2026-02-05T12:43:07.722254+07:00 LAPTOP-6OTU1RGQ kernel: registered taskstats version 1
2026-02-05T12:43:07.722254+07:00 LAPTOP-6OTU1RGQ kernel: Loading compiled-in X.509 certificates
2026-02-05T12:43:07.722255+07:00 LAPTOP-6OTU1RGQ kernel: ima: No TPM chip found, activating TPM-bypass!
2026-02-05T12:43:07.722255+07:00 LAPTOP-6OTU1RGQ kernel: ima: Allocated hash algorithm: sha256
2026-02-05T12:43:07.722256+07:00 LAPTOP-6OTU1RGQ kernel: ima: No architecture policies found
2026-02-05T12:43:07.722256+07:00 LAPTOP-6OTU1RGQ kernel: RAS: Correctable Errors collector initialized.
2026-02-05T12:43:07.722257+07:00 LAPTOP-6OTU1RGQ kernel: clk: Disabling unused clocks
2026-02-05T12:43:07.722258+07:00 LAPTOP-6OTU1RGQ kernel: Freeing unused decrypted memory: 2028K
2026-02-05T12:43:07.722258+07:00 LAPTOP-6OTU1RGQ kernel: Freeing unused kernel image (initmem) memory: 4492K
2026-02-05T12:43:07.722259+07:00 LAPTOP-6OTU1RGQ kernel: Write protecting the kernel read-only data: 34816k
2026-02-05T12:43:07.722260+07:00 LAPTOP-6OTU1RGQ kernel: Freeing unused kernel image (rodata/data gap) memory: 840K
2026-02-05T12:43:07.722261+07:00 LAPTOP-6OTU1RGQ kernel: Run /init as init process
2026-02-05T12:43:07.722261+07:00 LAPTOP-6OTU1RGQ kernel:   with arguments:
2026-02-05T12:43:07.722262+07:00 LAPTOP-6OTU1RGQ kernel:     /init
2026-02-05T12:43:07.722263+07:00 LAPTOP-6OTU1RGQ kernel:   with environment:
2026-02-05T12:43:07.722263+07:00 LAPTOP-6OTU1RGQ kernel:     HOME=/
2026-02-05T12:43:07.722264+07:00 LAPTOP-6OTU1RGQ kernel:     TERM=linux
2026-02-05T12:43:07.722264+07:00 LAPTOP-6OTU1RGQ kernel:     WSL_ROOT_INIT=1
2026-02-05T12:43:07.722265+07:00 LAPTOP-6OTU1RGQ kernel:     WSL_ENABLE_CRASH_DUMP=1
2026-02-05T12:43:07.722266+07:00 LAPTOP-6OTU1RGQ kernel: hv_vmbus: Unknown GUID: 6e382d18-3336-4f4b-acc4-2b7703d4df4a
2026-02-05T12:43:07.722266+07:00 LAPTOP-6OTU1RGQ kernel: hv_pci 1fe8c24e-8eaa-43fd-b8a9-d553e4f33dfa: PCI VMBus probing: Using version 0x10004
2026-02-05T12:43:07.722267+07:00 LAPTOP-6OTU1RGQ kernel: hv_vmbus: Unknown GUID: 6e382d18-3336-4f4b-acc4-2b7703d4df4a
2026-02-05T12:43:07.722267+07:00 LAPTOP-6OTU1RGQ kernel: hv_pci 1fe8c24e-8eaa-43fd-b8a9-d553e4f33dfa: PCI host bridge to bus 8eaa:00
2026-02-05T12:43:07.722268+07:00 LAPTOP-6OTU1RGQ kernel: pci_bus 8eaa:00: No busn resource found for root bus, will use [bus 00-ff]
2026-02-05T12:43:07.722269+07:00 LAPTOP-6OTU1RGQ kernel: pci 8eaa:00:00.0: [1414:008e] type 00 class 0x030200
2026-02-05T12:43:07.722270+07:00 LAPTOP-6OTU1RGQ kernel: pci_bus 8eaa:00: busn_res: [bus 00-ff] end is updated to 00
2026-02-05T12:43:07.722270+07:00 LAPTOP-6OTU1RGQ kernel: hv_pci 00e0e308-9064-4ee3-9718-a010ff4098f1: PCI VMBus probing: Using version 0x10004
2026-02-05T12:43:07.722271+07:00 LAPTOP-6OTU1RGQ kernel: hv_pci 00e0e308-9064-4ee3-9718-a010ff4098f1: PCI host bridge to bus 9064:00
2026-02-05T12:43:07.722271+07:00 LAPTOP-6OTU1RGQ kernel: pci_bus 9064:00: No busn resource found for root bus, will use [bus 00-ff]
2026-02-05T12:43:07.722272+07:00 LAPTOP-6OTU1RGQ kernel: pci 9064:00:00.0: [1414:008e] type 00 class 0x030200
2026-02-05T12:43:07.722273+07:00 LAPTOP-6OTU1RGQ kernel: scsi 0:0:0:0: Direct-Access     Msft     Virtual Disk     1.0  PQ: 0 ANSI: 5
2026-02-05T12:43:07.722273+07:00 LAPTOP-6OTU1RGQ kernel: pci_bus 9064:00: busn_res: [bus 00-ff] end is updated to 00
2026-02-05T12:43:07.722274+07:00 LAPTOP-6OTU1RGQ kernel: scsi 0:0:0:1: Direct-Access     Msft     Virtual Disk     1.0  PQ: 0 ANSI: 5
2026-02-05T12:43:07.722275+07:00 LAPTOP-6OTU1RGQ kernel: sd 0:0:0:0: Attached scsi generic sg0 type 0
2026-02-05T12:43:07.722275+07:00 LAPTOP-6OTU1RGQ kernel: sd 0:0:0:0: [sda] 795536 512-byte logical blocks: (407 MB/388 MiB)
2026-02-05T12:43:07.722276+07:00 LAPTOP-6OTU1RGQ kernel: sd 0:0:0:1: Attached scsi generic sg1 type 0
2026-02-05T12:43:07.722277+07:00 LAPTOP-6OTU1RGQ kernel: sd 0:0:0:0: [sda] Write Protect is on
2026-02-05T12:43:07.722277+07:00 LAPTOP-6OTU1RGQ kernel: sd 0:0:0:1: [sdb] 381016 512-byte logical blocks: (195 MB/186 MiB)
2026-02-05T12:43:07.722278+07:00 LAPTOP-6OTU1RGQ kernel: sd 0:0:0:1: [sdb] Write Protect is on
2026-02-05T12:43:07.722279+07:00 LAPTOP-6OTU1RGQ kernel: sd 0:0:0:1: [sdb] Mode Sense: 0f 00 80 00
2026-02-05T12:43:07.722279+07:00 LAPTOP-6OTU1RGQ kernel: sd 0:0:0:1: [sdb] Write cache: disabled, read cache: enabled, doesn't support DPO or FUA
2026-02-05T12:43:07.722280+07:00 LAPTOP-6OTU1RGQ kernel: sd 0:0:0:0: [sda] Mode Sense: 0f 00 80 00
2026-02-05T12:43:07.722280+07:00 LAPTOP-6OTU1RGQ kernel: sd 0:0:0:0: [sda] Write cache: disabled, read cache: enabled, doesn't support DPO or FUA
2026-02-05T12:43:07.722281+07:00 LAPTOP-6OTU1RGQ kernel: sd 0:0:0:1: [sdb] Attached SCSI disk
2026-02-05T12:43:07.722281+07:00 LAPTOP-6OTU1RGQ kernel: sd 0:0:0:0: [sda] Attached SCSI disk
2026-02-05T12:43:07.722283+07:00 LAPTOP-6OTU1RGQ kernel: scsi 0:0:0:2: Direct-Access     Msft     Virtual Disk     1.0  PQ: 0 ANSI: 5
2026-02-05T12:43:07.722283+07:00 LAPTOP-6OTU1RGQ kernel: sd 0:0:0:2: Attached scsi generic sg2 type 0
2026-02-05T12:43:07.722284+07:00 LAPTOP-6OTU1RGQ kernel: sd 0:0:0:2: [sdc] 8388616 512-byte logical blocks: (4.29 GB/4.00 GiB)
2026-02-05T12:43:07.722285+07:00 LAPTOP-6OTU1RGQ kernel: sd 0:0:0:2: [sdc] 4096-byte physical blocks
2026-02-05T12:43:07.722285+07:00 LAPTOP-6OTU1RGQ kernel: sd 0:0:0:2: [sdc] Write Protect is off
2026-02-05T12:43:07.722286+07:00 LAPTOP-6OTU1RGQ kernel: sd 0:0:0:2: [sdc] Mode Sense: 0f 00 00 00
2026-02-05T12:43:07.722286+07:00 LAPTOP-6OTU1RGQ kernel: sd 0:0:0:2: [sdc] Write cache: enabled, read cache: enabled, doesn't support DPO or FUA
2026-02-05T12:43:07.722287+07:00 LAPTOP-6OTU1RGQ kernel: sd 0:0:0:2: [sdc] Attached SCSI disk
2026-02-05T12:43:07.722288+07:00 LAPTOP-6OTU1RGQ kernel: EXT4-fs (sda): mounted filesystem 00000000-0000-0000-0000-000000000000 ro without journal. Quota mode: none.
2026-02-05T12:43:07.722289+07:00 LAPTOP-6OTU1RGQ kernel: EXT4-fs (sdb): mounted filesystem 00000000-0000-0000-0000-000000000000 ro without journal. Quota mode: none.
2026-02-05T12:43:07.722289+07:00 LAPTOP-6OTU1RGQ kernel: tun: Universal TUN/TAP device driver, 1.6
2026-02-05T12:43:07.722290+07:00 LAPTOP-6OTU1RGQ kernel: Adding 4194304k swap on /dev/sdc.  Priority:-2 extents:1 across:4194304k 
2026-02-05T12:43:07.722291+07:00 LAPTOP-6OTU1RGQ kernel: bridge: filtering via arp/ip/ip6tables is no longer available by default. Update your scripts to load br_netfilter if you need this.
2026-02-05T12:43:07.722291+07:00 LAPTOP-6OTU1RGQ kernel: Bridge firewalling registered
2026-02-05T12:43:07.722292+07:00 LAPTOP-6OTU1RGQ kernel: hv_pci 7fca775a-7760-4672-8f95-a3569dc79690: PCI VMBus probing: Using version 0x10004
2026-02-05T12:43:07.722292+07:00 LAPTOP-6OTU1RGQ kernel: hv_pci 7fca775a-7760-4672-8f95-a3569dc79690: PCI host bridge to bus 7760:00
2026-02-05T12:43:07.722293+07:00 LAPTOP-6OTU1RGQ kernel: pci_bus 7760:00: root bus resource [mem 0xc00000000-0xe00001fff window]
2026-02-05T12:43:07.722293+07:00 LAPTOP-6OTU1RGQ kernel: pci_bus 7760:00: No busn resource found for root bus, will use [bus 00-ff]
2026-02-05T12:43:07.722294+07:00 LAPTOP-6OTU1RGQ kernel: pci 7760:00:00.0: [1af4:105a] type 00 class 0x088000
2026-02-05T12:43:07.722295+07:00 LAPTOP-6OTU1RGQ kernel: pci 7760:00:00.0: reg 0x10: [mem 0xe00000000-0xe00000fff 64bit]
2026-02-05T12:43:07.722336+07:00 LAPTOP-6OTU1RGQ kernel: pci 7760:00:00.0: reg 0x18: [mem 0xe00001000-0xe00001fff 64bit]
2026-02-05T12:43:07.722407+07:00 LAPTOP-6OTU1RGQ kernel: pci 7760:00:00.0: reg 0x20: [mem 0xc00000000-0xdffffffff 64bit]
2026-02-05T12:43:07.722408+07:00 LAPTOP-6OTU1RGQ kernel: pci_bus 7760:00: busn_res: [bus 00-ff] end is updated to 00
2026-02-05T12:43:07.722409+07:00 LAPTOP-6OTU1RGQ kernel: pci 7760:00:00.0: BAR 4: assigned [mem 0xc00000000-0xdffffffff 64bit]
2026-02-05T12:43:07.722411+07:00 LAPTOP-6OTU1RGQ kernel: pci 7760:00:00.0: BAR 0: assigned [mem 0xe00000000-0xe00000fff 64bit]
2026-02-05T12:43:07.722412+07:00 LAPTOP-6OTU1RGQ kernel: pci 7760:00:00.0: BAR 2: assigned [mem 0xe00001000-0xe00001fff 64bit]
2026-02-05T12:43:07.722413+07:00 LAPTOP-6OTU1RGQ kernel: virtio-pci 7760:00:00.0: enabling device (0000 -> 0002)
2026-02-05T12:43:07.722414+07:00 LAPTOP-6OTU1RGQ kernel: virtiofs virtio1: Cache len: 0x200000000 @ 0xc00000000
2026-02-05T12:43:07.722415+07:00 LAPTOP-6OTU1RGQ kernel: scsi 0:0:0:3: Direct-Access     Msft     Virtual Disk     1.0  PQ: 0 ANSI: 5
2026-02-05T12:43:07.722415+07:00 LAPTOP-6OTU1RGQ kernel: sd 0:0:0:3: Attached scsi generic sg3 type 0
2026-02-05T12:43:07.722416+07:00 LAPTOP-6OTU1RGQ kernel: sd 0:0:0:3: [sdd] 2147483648 512-byte logical blocks: (1.10 TB/1.00 TiB)
2026-02-05T12:43:07.722417+07:00 LAPTOP-6OTU1RGQ kernel: sd 0:0:0:3: [sdd] 4096-byte physical blocks
2026-02-05T12:43:07.722418+07:00 LAPTOP-6OTU1RGQ kernel: sd 0:0:0:3: [sdd] Write Protect is off
2026-02-05T12:43:07.722418+07:00 LAPTOP-6OTU1RGQ kernel: sd 0:0:0:3: [sdd] Mode Sense: 0f 00 00 00
2026-02-05T12:43:07.722419+07:00 LAPTOP-6OTU1RGQ kernel: sd 0:0:0:3: [sdd] Write cache: enabled, read cache: enabled, doesn't support DPO or FUA
2026-02-05T12:43:07.722420+07:00 LAPTOP-6OTU1RGQ kernel: sd 0:0:0:3: [sdd] Attached SCSI disk
2026-02-05T12:43:07.722421+07:00 LAPTOP-6OTU1RGQ kernel: EXT4-fs (sdd): mounted filesystem 0d10eddf-f9e8-493f-b603-175a38043c85 r/w with ordered data mode. Quota mode: none.
2026-02-05T12:43:07.722422+07:00 LAPTOP-6OTU1RGQ kernel: pulseaudio[356]: memfd_create() called without MFD_EXEC or MFD_NOEXEC_SEAL set
2026-02-05T12:43:07.722423+07:00 LAPTOP-6OTU1RGQ kernel: misc dxg: dxgk: dxgkio_is_feature_enabled: Ioctl failed: -22
2026-02-05T12:43:07.722424+07:00 LAPTOP-6OTU1RGQ kernel: misc dxg: dxgk: dxgkio_query_adapter_info: Ioctl failed: -1
2026-02-05T12:43:07.722425+07:00 LAPTOP-6OTU1RGQ kernel: misc dxg: dxgk: dxgkio_query_adapter_info: Ioctl failed: -22
2026-02-05T12:43:07.722433+07:00 LAPTOP-6OTU1RGQ kernel: message repeated 4 times: [ misc dxg: dxgk: dxgkio_query_adapter_info: Ioctl failed: -22]
2026-02-05T12:43:07.722434+07:00 LAPTOP-6OTU1RGQ kernel: misc dxg: dxgk: dxgkio_query_adapter_info: Ioctl failed: -2
2026-02-05T12:43:07.722440+07:00 LAPTOP-6OTU1RGQ kernel: misc dxg: dxgk: dxgkio_query_adapter_info: Ioctl failed: -22
2026-02-05T12:43:07.722442+07:00 LAPTOP-6OTU1RGQ kernel: message repeated 2 times: [ misc dxg: dxgk: dxgkio_query_adapter_info: Ioctl failed: -22]
2026-02-05T12:43:07.722443+07:00 LAPTOP-6OTU1RGQ kernel: misc dxg: dxgk: dxgkio_query_adapter_info: Ioctl failed: -2
2026-02-05T12:43:07.722445+07:00 LAPTOP-6OTU1RGQ kernel: misc dxg: dxgk: dxgkio_query_adapter_info: Ioctl failed: -22
2026-02-05T12:43:07.722446+07:00 LAPTOP-6OTU1RGQ kernel: message repeated 2 times: [ misc dxg: dxgk: dxgkio_query_adapter_info: Ioctl failed: -22]
2026-02-05T12:43:07.722447+07:00 LAPTOP-6OTU1RGQ kernel: misc dxg: dxgk: dxgkio_query_adapter_info: Ioctl failed: -2
2026-02-05T12:43:07.722531+07:00 LAPTOP-6OTU1RGQ kernel: ACPI: AC: AC Adapter [AC1] (on-line)
2026-02-05T12:43:07.722532+07:00 LAPTOP-6OTU1RGQ kernel: ACPI: battery: Slot [BAT1] (battery present)
2026-02-05T12:43:07.798497+07:00 LAPTOP-6OTU1RGQ kernel: kvm_amd: TSC scaling supported
2026-02-05T12:43:07.798588+07:00 LAPTOP-6OTU1RGQ kernel: kvm_amd: Nested Virtualization enabled
2026-02-05T12:43:07.798592+07:00 LAPTOP-6OTU1RGQ kernel: kvm_amd: Nested Paging enabled
2026-02-05T12:43:07.798594+07:00 LAPTOP-6OTU1RGQ kernel: kvm_amd: kvm_amd: Hyper-V enlightened NPT TLB flush enabled
2026-02-05T12:43:07.798594+07:00 LAPTOP-6OTU1RGQ kernel: kvm_amd: kvm_amd: Hyper-V Direct TLB Flush enabled
2026-02-05T12:43:07.798595+07:00 LAPTOP-6OTU1RGQ kernel: kvm_amd: Virtual VMLOAD VMSAVE supported
2026-02-05T12:43:07.537492+07:00 LAPTOP-6OTU1RGQ kernel: TCP: eth0: Driver has suspect GRO implementation, TCP performance may be compromised.
2026-02-05T12:43:51.159753+07:00 LAPTOP-6OTU1RGQ kernel: hv_balloon: Max. dynamic memory size: 15932 MB
2026-02-05T15:09:00.821792+07:00 LAPTOP-6OTU1RGQ kernel: Linux version 6.6.87.2-microsoft-standard-WSL2 (root@439a258ad544) (gcc (GCC) 11.2.0, GNU ld (GNU Binutils) 2.37) #1 SMP PREEMPT_DYNAMIC Thu Jun  5 18:30:46 UTC 2025
2026-02-05T15:09:00.821985+07:00 LAPTOP-6OTU1RGQ kernel: Command line: initrd=\initrd.img WSL_ROOT_INIT=1 panic=-1 nr_cpus=24 hv_utils.timesync_implicit=1 console=hvc0 debug pty.legacy_count=0 WSL_ENABLE_CRASH_DUMP=1
2026-02-05T15:09:00.821987+07:00 LAPTOP-6OTU1RGQ kernel: KERNEL supported cpus:
2026-02-05T15:09:00.821987+07:00 LAPTOP-6OTU1RGQ kernel:   Intel GenuineIntel
2026-02-05T15:09:00.821987+07:00 LAPTOP-6OTU1RGQ kernel:   AMD AuthenticAMD
2026-02-05T15:09:00.821987+07:00 LAPTOP-6OTU1RGQ kernel: BIOS-provided physical RAM map:
2026-02-05T15:09:00.821988+07:00 LAPTOP-6OTU1RGQ kernel: BIOS-e820: [mem 0x0000000000000000-0x000000000009ffff] usable
2026-02-05T15:09:00.821989+07:00 LAPTOP-6OTU1RGQ kernel: BIOS-e820: [mem 0x00000000000e0000-0x00000000000e0fff] reserved
2026-02-05T15:09:00.821989+07:00 LAPTOP-6OTU1RGQ kernel: BIOS-e820: [mem 0x0000000000100000-0x00000000001fffff] ACPI data
2026-02-05T15:09:00.821995+07:00 LAPTOP-6OTU1RGQ kernel: BIOS-e820: [mem 0x0000000000200000-0x00000000f7ffffff] usable
2026-02-05T15:09:00.821995+07:00 LAPTOP-6OTU1RGQ kernel: BIOS-e820: [mem 0x0000000100000000-0x00000003ebbfffff] usable
2026-02-05T15:09:00.821995+07:00 LAPTOP-6OTU1RGQ kernel: NX (Execute Disable) protection: active
2026-02-05T15:09:00.821996+07:00 LAPTOP-6OTU1RGQ kernel: APIC: Static calls initialized
2026-02-05T15:09:00.821996+07:00 LAPTOP-6OTU1RGQ kernel: DMI not present or invalid.
2026-02-05T15:09:00.821997+07:00 LAPTOP-6OTU1RGQ kernel: Hypervisor detected: Microsoft Hyper-V
2026-02-05T15:09:00.821997+07:00 LAPTOP-6OTU1RGQ kernel: Hyper-V: privilege flags low 0xae7f, high 0x3b8030, hints 0x900c2c, misc 0xe4bed7b6
2026-02-05T15:09:00.821997+07:00 LAPTOP-6OTU1RGQ kernel: Hyper-V: Nested features: 0x4a0000
2026-02-05T15:09:00.821997+07:00 LAPTOP-6OTU1RGQ kernel: Hyper-V: LAPIC Timer Frequency: 0xc3500
2026-02-05T15:09:00.821997+07:00 LAPTOP-6OTU1RGQ kernel: Hyper-V: Using hypercall for remote TLB flush
2026-02-05T15:09:00.821998+07:00 LAPTOP-6OTU1RGQ kernel: clocksource: hyperv_clocksource_tsc_page: mask: 0xffffffffffffffff max_cycles: 0x24e6a1710, max_idle_ns: 440795202120 ns
2026-02-05T15:09:00.822000+07:00 LAPTOP-6OTU1RGQ kernel: clocksource: hyperv_clocksource_msr: mask: 0xffffffffffffffff max_cycles: 0x24e6a1710, max_idle_ns: 440795202120 ns
2026-02-05T15:09:00.822000+07:00 LAPTOP-6OTU1RGQ kernel: tsc: Detected 1996.204 MHz processor
2026-02-05T15:09:00.822000+07:00 LAPTOP-6OTU1RGQ kernel: e820: update [mem 0x00000000-0x00000fff] usable ==> reserved
2026-02-05T15:09:00.822000+07:00 LAPTOP-6OTU1RGQ kernel: e820: remove [mem 0x000a0000-0x000fffff] usable
2026-02-05T15:09:00.822000+07:00 LAPTOP-6OTU1RGQ kernel: last_pfn = 0x3ebc00 max_arch_pfn = 0x400000000
2026-02-05T15:09:00.822001+07:00 LAPTOP-6OTU1RGQ kernel: MTRR map: 5 entries (4 fixed + 1 variable; max 20), built from 8 variable MTRRs
2026-02-05T15:09:00.822002+07:00 LAPTOP-6OTU1RGQ kernel: x86/PAT: Configuration [0-7]: WB  WC  UC- UC  WB  WP  UC- WT  
2026-02-05T15:09:00.822002+07:00 LAPTOP-6OTU1RGQ kernel: last_pfn = 0xf8000 max_arch_pfn = 0x400000000
2026-02-05T15:09:00.822002+07:00 LAPTOP-6OTU1RGQ kernel: Using GB pages for direct mapping
2026-02-05T15:09:00.822002+07:00 LAPTOP-6OTU1RGQ kernel: RAMDISK: [mem 0x04be4000-0x04e7ffff]
2026-02-05T15:09:00.822002+07:00 LAPTOP-6OTU1RGQ kernel: ACPI: Early table checksum verification disabled
2026-02-05T15:09:00.822002+07:00 LAPTOP-6OTU1RGQ kernel: ACPI: RSDP 0x00000000000E0000 000024 (v02 VRTUAL)
2026-02-05T15:09:00.822003+07:00 LAPTOP-6OTU1RGQ kernel: ACPI: XSDT 0x0000000000100000 000044 (v01 VRTUAL MICROSFT 00000001 MSFT 00000001)
2026-02-05T15:09:00.822003+07:00 LAPTOP-6OTU1RGQ kernel: ACPI: FACP 0x0000000000101000 000114 (v06 VRTUAL MICROSFT 00000001 MSFT 00000001)
2026-02-05T15:09:00.822004+07:00 LAPTOP-6OTU1RGQ kernel: ACPI: DSDT 0x00000000001011B8 01E11C (v02 MSFTVM DSDT01   00000001 INTL 20230628)
2026-02-05T15:09:00.822004+07:00 LAPTOP-6OTU1RGQ kernel: ACPI: FACS 0x0000000000101114 000040
2026-02-05T15:09:00.822004+07:00 LAPTOP-6OTU1RGQ kernel: ACPI: OEM0 0x0000000000101154 000064 (v01 VRTUAL MICROSFT 00000001 MSFT 00000001)
2026-02-05T15:09:00.822004+07:00 LAPTOP-6OTU1RGQ kernel: ACPI: SRAT 0x000000000011F2D4 000430 (v02 VRTUAL MICROSFT 00000001 MSFT 00000001)
2026-02-05T15:09:00.822004+07:00 LAPTOP-6OTU1RGQ kernel: ACPI: APIC 0x000000000011F704 000108 (v04 VRTUAL MICROSFT 00000001 MSFT 00000001)
2026-02-05T15:09:00.822005+07:00 LAPTOP-6OTU1RGQ kernel: ACPI: Reserving FACP table memory at [mem 0x101000-0x101113]
2026-02-05T15:09:00.822005+07:00 LAPTOP-6OTU1RGQ kernel: ACPI: Reserving DSDT table memory at [mem 0x1011b8-0x11f2d3]
2026-02-05T15:09:00.822005+07:00 LAPTOP-6OTU1RGQ kernel: ACPI: Reserving FACS table memory at [mem 0x101114-0x101153]
2026-02-05T15:09:00.822006+07:00 LAPTOP-6OTU1RGQ kernel: ACPI: Reserving OEM0 table memory at [mem 0x101154-0x1011b7]
2026-02-05T15:09:00.822006+07:00 LAPTOP-6OTU1RGQ kernel: ACPI: Reserving SRAT table memory at [mem 0x11f2d4-0x11f703]
2026-02-05T15:09:00.822006+07:00 LAPTOP-6OTU1RGQ kernel: ACPI: Reserving APIC table memory at [mem 0x11f704-0x11f80b]
2026-02-05T15:09:00.822007+07:00 LAPTOP-6OTU1RGQ kernel: SRAT: PXM 0 -> APIC 0x00 -> Node 0
2026-02-05T15:09:00.822007+07:00 LAPTOP-6OTU1RGQ kernel: SRAT: PXM 0 -> APIC 0x01 -> Node 0
2026-02-05T15:09:00.822007+07:00 LAPTOP-6OTU1RGQ kernel: SRAT: PXM 0 -> APIC 0x02 -> Node 0
2026-02-05T15:09:00.822008+07:00 LAPTOP-6OTU1RGQ kernel: SRAT: PXM 0 -> APIC 0x03 -> Node 0
2026-02-05T15:09:00.822008+07:00 LAPTOP-6OTU1RGQ kernel: SRAT: PXM 0 -> APIC 0x04 -> Node 0
2026-02-05T15:09:00.822008+07:00 LAPTOP-6OTU1RGQ kernel: SRAT: PXM 0 -> APIC 0x05 -> Node 0
2026-02-05T15:09:00.822008+07:00 LAPTOP-6OTU1RGQ kernel: SRAT: PXM 0 -> APIC 0x06 -> Node 0
2026-02-05T15:09:00.822009+07:00 LAPTOP-6OTU1RGQ kernel: SRAT: PXM 0 -> APIC 0x07 -> Node 0
2026-02-05T15:09:00.822009+07:00 LAPTOP-6OTU1RGQ kernel: SRAT: PXM 0 -> APIC 0x08 -> Node 0
2026-02-05T15:09:00.822009+07:00 LAPTOP-6OTU1RGQ kernel: SRAT: PXM 0 -> APIC 0x09 -> Node 0
2026-02-05T15:09:00.822010+07:00 LAPTOP-6OTU1RGQ kernel: SRAT: PXM 0 -> APIC 0x0a -> Node 0
2026-02-05T15:09:00.822010+07:00 LAPTOP-6OTU1RGQ kernel: SRAT: PXM 0 -> APIC 0x0b -> Node 0
2026-02-05T15:09:00.822010+07:00 LAPTOP-6OTU1RGQ kernel: SRAT: PXM 0 -> APIC 0x0c -> Node 0
2026-02-05T15:09:00.822011+07:00 LAPTOP-6OTU1RGQ kernel: SRAT: PXM 0 -> APIC 0x0d -> Node 0
2026-02-05T15:09:00.822012+07:00 LAPTOP-6OTU1RGQ kernel: SRAT: PXM 0 -> APIC 0x0e -> Node 0
2026-02-05T15:09:00.822012+07:00 LAPTOP-6OTU1RGQ kernel: SRAT: PXM 0 -> APIC 0x0f -> Node 0
2026-02-05T15:09:00.822012+07:00 LAPTOP-6OTU1RGQ kernel: SRAT: PXM 0 -> APIC 0x10 -> Node 0
2026-02-05T15:09:00.822012+07:00 LAPTOP-6OTU1RGQ kernel: SRAT: PXM 0 -> APIC 0x11 -> Node 0
2026-02-05T15:09:00.822012+07:00 LAPTOP-6OTU1RGQ kernel: SRAT: PXM 0 -> APIC 0x12 -> Node 0
2026-02-05T15:09:00.822058+07:00 LAPTOP-6OTU1RGQ kernel: SRAT: PXM 0 -> APIC 0x13 -> Node 0
2026-02-05T15:09:00.822060+07:00 LAPTOP-6OTU1RGQ kernel: SRAT: PXM 0 -> APIC 0x14 -> Node 0
2026-02-05T15:09:00.822061+07:00 LAPTOP-6OTU1RGQ kernel: SRAT: PXM 0 -> APIC 0x15 -> Node 0
2026-02-05T15:09:00.822061+07:00 LAPTOP-6OTU1RGQ kernel: SRAT: PXM 0 -> APIC 0x16 -> Node 0
2026-02-05T15:09:00.822061+07:00 LAPTOP-6OTU1RGQ kernel: SRAT: PXM 0 -> APIC 0x17 -> Node 0
2026-02-05T15:09:00.822061+07:00 LAPTOP-6OTU1RGQ kernel: ACPI: SRAT: Node 0 PXM 0 [mem 0x00000000-0xf7ffffff] hotplug
2026-02-05T15:09:00.822062+07:00 LAPTOP-6OTU1RGQ kernel: ACPI: SRAT: Node 0 PXM 0 [mem 0x100000000-0x3ebbfffff] hotplug
2026-02-05T15:09:00.822066+07:00 LAPTOP-6OTU1RGQ kernel: ACPI: SRAT: Node 0 PXM 0 [mem 0x3ebc00000-0x9ffdfffff] hotplug
2026-02-05T15:09:00.822066+07:00 LAPTOP-6OTU1RGQ kernel: ACPI: SRAT: Node 0 PXM 0 [mem 0x1000000000-0xfcffffffff] hotplug
2026-02-05T15:09:00.822066+07:00 LAPTOP-6OTU1RGQ kernel: ACPI: SRAT: Node 0 PXM 0 [mem 0x10000000000-0x1ffffffffff] hotplug
2026-02-05T15:09:00.822066+07:00 LAPTOP-6OTU1RGQ kernel: ACPI: SRAT: Node 0 PXM 0 [mem 0x20000000000-0x3ffffffffff] hotplug
2026-02-05T15:09:00.822067+07:00 LAPTOP-6OTU1RGQ kernel: ACPI: SRAT: Node 0 PXM 0 [mem 0x40000000000-0x7ffffffffff] hotplug
2026-02-05T15:09:00.822067+07:00 LAPTOP-6OTU1RGQ kernel: ACPI: SRAT: Node 0 PXM 0 [mem 0x80000000000-0xfffffffffff] hotplug
2026-02-05T15:09:00.822070+07:00 LAPTOP-6OTU1RGQ kernel: ACPI: SRAT: Node 0 PXM 0 [mem 0x100000000000-0x1fffffffffff] hotplug
2026-02-05T15:09:00.822241+07:00 LAPTOP-6OTU1RGQ kernel: ACPI: SRAT: Node 0 PXM 0 [mem 0x200000000000-0x3fffffffffff] hotplug
2026-02-05T15:09:00.822243+07:00 LAPTOP-6OTU1RGQ kernel: ACPI: SRAT: Node 0 PXM 0 [mem 0x400000000000-0x7fffffffffff] hotplug
2026-02-05T15:09:00.822243+07:00 LAPTOP-6OTU1RGQ kernel: ACPI: SRAT: Node 0 PXM 0 [mem 0x800000000000-0xffffffffffff] hotplug
2026-02-05T15:09:00.822244+07:00 LAPTOP-6OTU1RGQ kernel: ACPI: SRAT: Node 0 PXM 0 [mem 0x1000000000000-0x1ffffffffffff] hotplug
2026-02-05T15:09:00.822244+07:00 LAPTOP-6OTU1RGQ kernel: ACPI: SRAT: Node 0 PXM 0 [mem 0x2000000000000-0x3ffffffffffff] hotplug
2026-02-05T15:09:00.822244+07:00 LAPTOP-6OTU1RGQ kernel: ACPI: SRAT: Node 0 PXM 0 [mem 0x4000000000000-0x7ffffffffffff] hotplug
2026-02-05T15:09:00.822248+07:00 LAPTOP-6OTU1RGQ kernel: ACPI: SRAT: Node 0 PXM 0 [mem 0x8000000000000-0xfffffffffffff] hotplug
2026-02-05T15:09:00.822248+07:00 LAPTOP-6OTU1RGQ kernel: NUMA: Node 0 [mem 0x00000000-0xf7ffffff] + [mem 0x100000000-0x3ebbfffff] -> [mem 0x00000000-0x3ebbfffff]
2026-02-05T15:09:00.822249+07:00 LAPTOP-6OTU1RGQ kernel: NODE_DATA(0) allocated [mem 0x3ebbde000-0x3ebbfffff]
2026-02-05T15:09:00.822249+07:00 LAPTOP-6OTU1RGQ kernel: Zone ranges:
2026-02-05T15:09:00.822249+07:00 LAPTOP-6OTU1RGQ kernel:   DMA32    [mem 0x0000000000001000-0x00000000ffffffff]
2026-02-05T15:09:00.822249+07:00 LAPTOP-6OTU1RGQ kernel:   Normal   [mem 0x0000000100000000-0x00000003ebbfffff]
2026-02-05T15:09:00.822251+07:00 LAPTOP-6OTU1RGQ kernel:   Device   empty
2026-02-05T15:09:00.822251+07:00 LAPTOP-6OTU1RGQ kernel: Movable zone start for each node
2026-02-05T15:09:00.822251+07:00 LAPTOP-6OTU1RGQ kernel: Early memory node ranges
2026-02-05T15:09:00.822251+07:00 LAPTOP-6OTU1RGQ kernel:   node   0: [mem 0x0000000000001000-0x000000000009ffff]
2026-02-05T15:09:00.822251+07:00 LAPTOP-6OTU1RGQ kernel:   node   0: [mem 0x0000000000200000-0x00000000f7ffffff]
2026-02-05T15:09:00.822251+07:00 LAPTOP-6OTU1RGQ kernel:   node   0: [mem 0x0000000100000000-0x00000003ebbfffff]
2026-02-05T15:09:00.822252+07:00 LAPTOP-6OTU1RGQ kernel: Initmem setup node 0 [mem 0x0000000000001000-0x00000003ebbfffff]
2026-02-05T15:09:00.822252+07:00 LAPTOP-6OTU1RGQ kernel: On node 0, zone DMA32: 1 pages in unavailable ranges
2026-02-05T15:09:00.822253+07:00 LAPTOP-6OTU1RGQ kernel: On node 0, zone DMA32: 352 pages in unavailable ranges
2026-02-05T15:09:00.822253+07:00 LAPTOP-6OTU1RGQ kernel: On node 0, zone Normal: 17408 pages in unavailable ranges
2026-02-05T15:09:00.822253+07:00 LAPTOP-6OTU1RGQ kernel: ACPI: PM-Timer IO Port: 0x408
2026-02-05T15:09:00.822253+07:00 LAPTOP-6OTU1RGQ kernel: ACPI: LAPIC_NMI (acpi_id[0x01] dfl dfl lint[0x1])
2026-02-05T15:09:00.822253+07:00 LAPTOP-6OTU1RGQ kernel: IOAPIC[0]: apic_id 24, version 17, address 0xfec00000, GSI 0-23
2026-02-05T15:09:00.822254+07:00 LAPTOP-6OTU1RGQ kernel: ACPI: INT_SRC_OVR (bus 0 bus_irq 9 global_irq 9 high level)
2026-02-05T15:09:00.822254+07:00 LAPTOP-6OTU1RGQ kernel: ACPI: Using ACPI (MADT) for SMP configuration information
2026-02-05T15:09:00.822254+07:00 LAPTOP-6OTU1RGQ kernel: smpboot: Allowing 24 CPUs, 0 hotplug CPUs
2026-02-05T15:09:00.822254+07:00 LAPTOP-6OTU1RGQ kernel: PM: hibernation: Registered nosave memory: [mem 0x00000000-0x00000fff]
2026-02-05T15:09:00.822255+07:00 LAPTOP-6OTU1RGQ kernel: PM: hibernation: Registered nosave memory: [mem 0x000a0000-0x000dffff]
2026-02-05T15:09:00.822255+07:00 LAPTOP-6OTU1RGQ kernel: PM: hibernation: Registered nosave memory: [mem 0x000e0000-0x000e0fff]
2026-02-05T15:09:00.822256+07:00 LAPTOP-6OTU1RGQ kernel: PM: hibernation: Registered nosave memory: [mem 0x000e1000-0x000fffff]
2026-02-05T15:09:00.822256+07:00 LAPTOP-6OTU1RGQ kernel: PM: hibernation: Registered nosave memory: [mem 0x00100000-0x001fffff]
2026-02-05T15:09:00.822281+07:00 LAPTOP-6OTU1RGQ kernel: PM: hibernation: Registered nosave memory: [mem 0xf8000000-0xffffffff]
2026-02-05T15:09:00.822281+07:00 LAPTOP-6OTU1RGQ kernel: [mem 0xf8000000-0xffffffff] available for PCI devices
2026-02-05T15:09:00.822281+07:00 LAPTOP-6OTU1RGQ kernel: Booting paravirtualized kernel on Hyper-V
2026-02-05T15:09:00.822281+07:00 LAPTOP-6OTU1RGQ kernel: clocksource: refined-jiffies: mask: 0xffffffff max_cycles: 0xffffffff, max_idle_ns: 7645519600211568 ns
2026-02-05T15:09:00.822284+07:00 LAPTOP-6OTU1RGQ kernel: setup_percpu: NR_CPUS:8192 nr_cpumask_bits:24 nr_cpu_ids:24 nr_node_ids:1
2026-02-05T15:09:00.822284+07:00 LAPTOP-6OTU1RGQ kernel: percpu: Embedded 63 pages/cpu s221184 r8192 d28672 u262144
2026-02-05T15:09:00.822284+07:00 LAPTOP-6OTU1RGQ kernel: pcpu-alloc: s221184 r8192 d28672 u262144 alloc=1*2097152
2026-02-05T15:09:00.822284+07:00 LAPTOP-6OTU1RGQ kernel: pcpu-alloc: [0] 00 01 02 03 04 05 06 07 [0] 08 09 10 11 12 13 14 15 
2026-02-05T15:09:00.822284+07:00 LAPTOP-6OTU1RGQ kernel: pcpu-alloc: [0] 16 17 18 19 20 21 22 23 
2026-02-05T15:09:00.822284+07:00 LAPTOP-6OTU1RGQ kernel: Hyper-V: PV spinlocks enabled
2026-02-05T15:09:00.822285+07:00 LAPTOP-6OTU1RGQ kernel: PV qspinlock hash table entries: 256 (order: 0, 4096 bytes, linear)
2026-02-05T15:09:00.822286+07:00 LAPTOP-6OTU1RGQ kernel: Kernel command line: initrd=\initrd.img WSL_ROOT_INIT=1 panic=-1 nr_cpus=24 hv_utils.timesync_implicit=1 console=hvc0 debug pty.legacy_count=0 WSL_ENABLE_CRASH_DUMP=1
2026-02-05T15:09:00.822286+07:00 LAPTOP-6OTU1RGQ kernel: Unknown kernel command line parameters "WSL_ROOT_INIT=1 WSL_ENABLE_CRASH_DUMP=1", will be passed to user space.
2026-02-05T15:09:00.822286+07:00 LAPTOP-6OTU1RGQ kernel: random: crng init done
2026-02-05T15:09:00.822286+07:00 LAPTOP-6OTU1RGQ kernel: Dentry cache hash table entries: 2097152 (order: 12, 16777216 bytes, linear)
2026-02-05T15:09:00.822286+07:00 LAPTOP-6OTU1RGQ kernel: Inode-cache hash table entries: 1048576 (order: 11, 8388608 bytes, linear)
2026-02-05T15:09:00.822287+07:00 LAPTOP-6OTU1RGQ kernel: Fallback order for Node 0: 0 
2026-02-05T15:09:00.822288+07:00 LAPTOP-6OTU1RGQ kernel: Built 1 zonelists, mobility grouping on.  Total pages: 4013840
2026-02-05T15:09:00.822290+07:00 LAPTOP-6OTU1RGQ kernel: Policy zone: Normal
2026-02-05T15:09:00.822290+07:00 LAPTOP-6OTU1RGQ kernel: mem auto-init: stack:off, heap alloc:on, heap free:off
2026-02-05T15:09:00.822291+07:00 LAPTOP-6OTU1RGQ kernel: software IO TLB: area num 32.
2026-02-05T15:09:00.822291+07:00 LAPTOP-6OTU1RGQ kernel: Memory: 4123788K/16312956K available (20480K kernel code, 3457K rwdata, 13496K rodata, 4492K init, 6208K bss, 405816K reserved, 0K cma-reserved)
2026-02-05T15:09:00.822291+07:00 LAPTOP-6OTU1RGQ kernel: SLUB: HWalign=64, Order=0-3, MinObjects=0, CPUs=24, Nodes=1
2026-02-05T15:09:00.822292+07:00 LAPTOP-6OTU1RGQ kernel: ftrace: allocating 55808 entries in 218 pages
2026-02-05T15:09:00.822293+07:00 LAPTOP-6OTU1RGQ kernel: ftrace: allocated 218 pages with 5 groups
2026-02-05T15:09:00.822293+07:00 LAPTOP-6OTU1RGQ kernel: Dynamic Preempt: none
2026-02-05T15:09:00.822293+07:00 LAPTOP-6OTU1RGQ kernel: rcu: Preemptible hierarchical RCU implementation.
2026-02-05T15:09:00.822293+07:00 LAPTOP-6OTU1RGQ kernel: rcu: 	RCU restricting CPUs from NR_CPUS=8192 to nr_cpu_ids=24.
2026-02-05T15:09:00.822293+07:00 LAPTOP-6OTU1RGQ kernel: 	Trampoline variant of Tasks RCU enabled.
2026-02-05T15:09:00.822294+07:00 LAPTOP-6OTU1RGQ kernel: 	Rude variant of Tasks RCU enabled.
2026-02-05T15:09:00.822295+07:00 LAPTOP-6OTU1RGQ kernel: 	Tracing variant of Tasks RCU enabled.
2026-02-05T15:09:00.822295+07:00 LAPTOP-6OTU1RGQ kernel: rcu: RCU calculated value of scheduler-enlistment delay is 25 jiffies.
2026-02-05T15:09:00.822295+07:00 LAPTOP-6OTU1RGQ kernel: rcu: Adjusting geometry for rcu_fanout_leaf=16, nr_cpu_ids=24
2026-02-05T15:09:00.822295+07:00 LAPTOP-6OTU1RGQ kernel: Using NULL legacy PIC
2026-02-05T15:09:00.822295+07:00 LAPTOP-6OTU1RGQ kernel: NR_IRQS: 524544, nr_irqs: 616, preallocated irqs: 0
2026-02-05T15:09:00.822296+07:00 LAPTOP-6OTU1RGQ kernel: rcu: srcu_init: Setting srcu_struct sizes based on contention.
2026-02-05T15:09:00.822296+07:00 LAPTOP-6OTU1RGQ kernel: Console: colour dummy device 80x25
2026-02-05T15:09:00.822297+07:00 LAPTOP-6OTU1RGQ kernel: ACPI: Core revision 20230628
2026-02-05T15:09:00.822297+07:00 LAPTOP-6OTU1RGQ kernel: Failed to register legacy timer interrupt
2026-02-05T15:09:00.822297+07:00 LAPTOP-6OTU1RGQ kernel: APIC: Switch to symmetric I/O mode setup
2026-02-05T15:09:00.822297+07:00 LAPTOP-6OTU1RGQ kernel: APIC: Switched APIC routing to: physical flat
2026-02-05T15:09:00.822297+07:00 LAPTOP-6OTU1RGQ kernel: Hyper-V: Host Build 10.0.26100.7705-7-0
2026-02-05T15:09:00.822298+07:00 LAPTOP-6OTU1RGQ kernel: Hyper-V: enabling crash_kexec_post_notifiers
2026-02-05T15:09:00.822298+07:00 LAPTOP-6OTU1RGQ kernel: Hyper-V: Using IPI hypercalls
2026-02-05T15:09:00.822299+07:00 LAPTOP-6OTU1RGQ kernel: APIC: send_IPI() replaced with hv_send_ipi()
2026-02-05T15:09:00.822299+07:00 LAPTOP-6OTU1RGQ kernel: APIC: send_IPI_mask() replaced with hv_send_ipi_mask()
2026-02-05T15:09:00.822299+07:00 LAPTOP-6OTU1RGQ kernel: APIC: send_IPI_mask_allbutself() replaced with hv_send_ipi_mask_allbutself()
2026-02-05T15:09:00.822299+07:00 LAPTOP-6OTU1RGQ kernel: APIC: send_IPI_allbutself() replaced with hv_send_ipi_allbutself()
2026-02-05T15:09:00.822300+07:00 LAPTOP-6OTU1RGQ kernel: APIC: send_IPI_all() replaced with hv_send_ipi_all()
2026-02-05T15:09:00.822300+07:00 LAPTOP-6OTU1RGQ kernel: APIC: send_IPI_self() replaced with hv_send_ipi_self()
2026-02-05T15:09:00.822301+07:00 LAPTOP-6OTU1RGQ kernel: Hyper-V: Using enlightened APIC (xapic mode)
2026-02-05T15:09:00.822301+07:00 LAPTOP-6OTU1RGQ kernel: APIC: eoi() replaced with hv_apic_eoi_write()
2026-02-05T15:09:00.822301+07:00 LAPTOP-6OTU1RGQ kernel: APIC: read() replaced with hv_apic_read()
2026-02-05T15:09:00.822301+07:00 LAPTOP-6OTU1RGQ kernel: APIC: write() replaced with hv_apic_write()
2026-02-05T15:09:00.822301+07:00 LAPTOP-6OTU1RGQ kernel: APIC: icr_write() replaced with hv_apic_icr_write()
2026-02-05T15:09:00.822416+07:00 LAPTOP-6OTU1RGQ kernel: APIC: icr_read() replaced with hv_apic_icr_read()
2026-02-05T15:09:00.822418+07:00 LAPTOP-6OTU1RGQ kernel: clocksource: tsc-early: mask: 0xffffffffffffffff max_cycles: 0x398c58f3ad9, max_idle_ns: 881590744025 ns
2026-02-05T15:09:00.822419+07:00 LAPTOP-6OTU1RGQ kernel: Calibrating delay loop (skipped), value calculated using timer frequency.. 3992.40 BogoMIPS (lpj=7984816)
2026-02-05T15:09:00.822419+07:00 LAPTOP-6OTU1RGQ kernel: x86/cpu: User Mode Instruction Prevention (UMIP) activated
2026-02-05T15:09:00.822419+07:00 LAPTOP-6OTU1RGQ kernel: Last level iTLB entries: 4KB 64, 2MB 64, 4MB 32
2026-02-05T15:09:00.822420+07:00 LAPTOP-6OTU1RGQ kernel: Last level dTLB entries: 4KB 128, 2MB 128, 4MB 64, 1GB 0
2026-02-05T15:09:00.822422+07:00 LAPTOP-6OTU1RGQ kernel: Spectre V1 : Mitigation: usercopy/swapgs barriers and __user pointer sanitization
2026-02-05T15:09:00.822422+07:00 LAPTOP-6OTU1RGQ kernel: Spectre V2 : Mitigation: Retpolines
2026-02-05T15:09:00.822422+07:00 LAPTOP-6OTU1RGQ kernel: Spectre V2 : Spectre v2 / SpectreRSB mitigation: Filling RSB on context switch
2026-02-05T15:09:00.822422+07:00 LAPTOP-6OTU1RGQ kernel: Spectre V2 : Spectre v2 / SpectreRSB : Filling RSB on VMEXIT
2026-02-05T15:09:00.822422+07:00 LAPTOP-6OTU1RGQ kernel: Spectre V2 : Enabling Restricted Speculation for firmware calls
2026-02-05T15:09:00.822423+07:00 LAPTOP-6OTU1RGQ kernel: Spectre V2 : mitigation: Enabling conditional Indirect Branch Prediction Barrier
2026-02-05T15:09:00.822423+07:00 LAPTOP-6OTU1RGQ kernel: Spectre V2 : User space: Mitigation: STIBP always-on protection
2026-02-05T15:09:00.822424+07:00 LAPTOP-6OTU1RGQ kernel: Speculative Store Bypass: Mitigation: Speculative Store Bypass disabled via prctl
2026-02-05T15:09:00.822424+07:00 LAPTOP-6OTU1RGQ kernel: x86/fpu: Supporting XSAVE feature 0x001: 'x87 floating point registers'
2026-02-05T15:09:00.822424+07:00 LAPTOP-6OTU1RGQ kernel: x86/fpu: Supporting XSAVE feature 0x002: 'SSE registers'
2026-02-05T15:09:00.822424+07:00 LAPTOP-6OTU1RGQ kernel: x86/fpu: Supporting XSAVE feature 0x004: 'AVX registers'
2026-02-05T15:09:00.822424+07:00 LAPTOP-6OTU1RGQ kernel: x86/fpu: Supporting XSAVE feature 0x020: 'AVX-512 opmask'
2026-02-05T15:09:00.822425+07:00 LAPTOP-6OTU1RGQ kernel: x86/fpu: Supporting XSAVE feature 0x040: 'AVX-512 Hi256'
2026-02-05T15:09:00.822425+07:00 LAPTOP-6OTU1RGQ kernel: x86/fpu: Supporting XSAVE feature 0x080: 'AVX-512 ZMM_Hi256'
2026-02-05T15:09:00.822425+07:00 LAPTOP-6OTU1RGQ kernel: x86/fpu: Supporting XSAVE feature 0x800: 'Control-flow User registers'
2026-02-05T15:09:00.822426+07:00 LAPTOP-6OTU1RGQ kernel: x86/fpu: xstate_offset[2]:  576, xstate_sizes[2]:  256
2026-02-05T15:09:00.822426+07:00 LAPTOP-6OTU1RGQ kernel: x86/fpu: xstate_offset[5]:  832, xstate_sizes[5]:   64
2026-02-05T15:09:00.822426+07:00 LAPTOP-6OTU1RGQ kernel: x86/fpu: xstate_offset[6]:  896, xstate_sizes[6]:  512
2026-02-05T15:09:00.822426+07:00 LAPTOP-6OTU1RGQ kernel: x86/fpu: xstate_offset[7]: 1408, xstate_sizes[7]: 1024
2026-02-05T15:09:00.822427+07:00 LAPTOP-6OTU1RGQ kernel: x86/fpu: xstate_offset[11]: 2432, xstate_sizes[11]:   16
2026-02-05T15:09:00.822427+07:00 LAPTOP-6OTU1RGQ kernel: x86/fpu: Enabled xstate features 0x8e7, context size is 2448 bytes, using 'compacted' format.
2026-02-05T15:09:00.822427+07:00 LAPTOP-6OTU1RGQ kernel: Freeing SMP alternatives memory: 44K
2026-02-05T15:09:00.822427+07:00 LAPTOP-6OTU1RGQ kernel: pid_max: default: 32768 minimum: 301
2026-02-05T15:09:00.822428+07:00 LAPTOP-6OTU1RGQ kernel: LSM: initializing lsm=capability,landlock,yama,safesetid,selinux,integrity
2026-02-05T15:09:00.822428+07:00 LAPTOP-6OTU1RGQ kernel: landlock: Up and running.
2026-02-05T15:09:00.822429+07:00 LAPTOP-6OTU1RGQ kernel: Yama: becoming mindful.
2026-02-05T15:09:00.822429+07:00 LAPTOP-6OTU1RGQ kernel: SELinux:  Initializing.
2026-02-05T15:09:00.822429+07:00 LAPTOP-6OTU1RGQ kernel: Mount-cache hash table entries: 32768 (order: 6, 262144 bytes, linear)
2026-02-05T15:09:00.822429+07:00 LAPTOP-6OTU1RGQ kernel: Mountpoint-cache hash table entries: 32768 (order: 6, 262144 bytes, linear)
2026-02-05T15:09:00.822429+07:00 LAPTOP-6OTU1RGQ kernel: smpboot: CPU0: AMD Ryzen AI 9 HX 370 w/ Radeon 890M (family: 0x1a, model: 0x24, stepping: 0x0)
2026-02-05T15:09:00.822429+07:00 LAPTOP-6OTU1RGQ kernel: RCU Tasks: Setting shift to 5 and lim to 1 rcu_task_cb_adjust=1 rcu_task_cpu_ids=24.
2026-02-05T15:09:00.822430+07:00 LAPTOP-6OTU1RGQ kernel: RCU Tasks Rude: Setting shift to 5 and lim to 1 rcu_task_cb_adjust=1 rcu_task_cpu_ids=24.
2026-02-05T15:09:00.822434+07:00 LAPTOP-6OTU1RGQ kernel: RCU Tasks Trace: Setting shift to 5 and lim to 1 rcu_task_cb_adjust=1 rcu_task_cpu_ids=24.
2026-02-05T15:09:00.822434+07:00 LAPTOP-6OTU1RGQ kernel: Performance Events: Fam17h+ core perfctr, AMD PMU driver.
2026-02-05T15:09:00.822435+07:00 LAPTOP-6OTU1RGQ kernel: ... version:                0
2026-02-05T15:09:00.822435+07:00 LAPTOP-6OTU1RGQ kernel: ... bit width:              48
2026-02-05T15:09:00.822435+07:00 LAPTOP-6OTU1RGQ kernel: ... generic registers:      6
2026-02-05T15:09:00.822435+07:00 LAPTOP-6OTU1RGQ kernel: ... value mask:             0000ffffffffffff
2026-02-05T15:09:00.822438+07:00 LAPTOP-6OTU1RGQ kernel: ... max period:             00007fffffffffff
2026-02-05T15:09:00.822438+07:00 LAPTOP-6OTU1RGQ kernel: ... fixed-purpose events:   0
2026-02-05T15:09:00.822438+07:00 LAPTOP-6OTU1RGQ kernel: ... event mask:             000000000000003f
2026-02-05T15:09:00.822438+07:00 LAPTOP-6OTU1RGQ kernel: signal: max sigframe size: 3376
2026-02-05T15:09:00.822438+07:00 LAPTOP-6OTU1RGQ kernel: rcu: Hierarchical SRCU implementation.
2026-02-05T15:09:00.822438+07:00 LAPTOP-6OTU1RGQ kernel: rcu: 	Max phase no-delay instances is 1000.
2026-02-05T15:09:00.822440+07:00 LAPTOP-6OTU1RGQ kernel: smp: Bringing up secondary CPUs ...
2026-02-05T15:09:00.822440+07:00 LAPTOP-6OTU1RGQ kernel: smpboot: x86: Booting SMP configuration:
2026-02-05T15:09:00.822457+07:00 LAPTOP-6OTU1RGQ kernel: .... node  #0, CPUs:        #2  #4  #6  #8 #10 #12 #14 #16 #18 #20 #22  #1  #3  #5  #7  #9 #11 #13 #15 #17 #19 #21 #23
2026-02-05T15:09:00.822457+07:00 LAPTOP-6OTU1RGQ kernel: Spectre V2 : Update user space SMT mitigation: STIBP always-on
2026-02-05T15:09:00.822457+07:00 LAPTOP-6OTU1RGQ kernel: smp: Brought up 1 node, 24 CPUs
2026-02-05T15:09:00.822458+07:00 LAPTOP-6OTU1RGQ kernel: smpboot: Max logical packages: 1
2026-02-05T15:09:00.822458+07:00 LAPTOP-6OTU1RGQ kernel: smpboot: Total of 24 processors activated (95817.79 BogoMIPS)
2026-02-05T15:09:00.822459+07:00 LAPTOP-6OTU1RGQ kernel: node 0 deferred pages initialised in 24ms
2026-02-05T15:09:00.822459+07:00 LAPTOP-6OTU1RGQ kernel: devtmpfs: initialized
2026-02-05T15:09:00.822459+07:00 LAPTOP-6OTU1RGQ kernel: x86/mm: Memory block size: 128MB
2026-02-05T15:09:00.822459+07:00 LAPTOP-6OTU1RGQ kernel: clocksource: jiffies: mask: 0xffffffff max_cycles: 0xffffffff, max_idle_ns: 7645041785100000 ns
2026-02-05T15:09:00.822460+07:00 LAPTOP-6OTU1RGQ kernel: futex hash table entries: 8192 (order: 7, 524288 bytes, linear)
2026-02-05T15:09:00.822460+07:00 LAPTOP-6OTU1RGQ kernel: pinctrl core: initialized pinctrl subsystem
2026-02-05T15:09:00.822461+07:00 LAPTOP-6OTU1RGQ kernel: NET: Registered PF_NETLINK/PF_ROUTE protocol family
2026-02-05T15:09:00.822461+07:00 LAPTOP-6OTU1RGQ kernel: DMA: preallocated 2048 KiB GFP_KERNEL pool for atomic allocations
2026-02-05T15:09:00.822461+07:00 LAPTOP-6OTU1RGQ kernel: DMA: preallocated 2048 KiB GFP_KERNEL|GFP_DMA32 pool for atomic allocations
2026-02-05T15:09:00.822462+07:00 LAPTOP-6OTU1RGQ kernel: audit: initializing netlink subsys (disabled)
2026-02-05T15:09:00.822462+07:00 LAPTOP-6OTU1RGQ kernel: audit: type=2000 audit(1770278937.056:1): state=initialized audit_enabled=0 res=1
2026-02-05T15:09:00.822462+07:00 LAPTOP-6OTU1RGQ kernel: thermal_sys: Registered thermal governor 'step_wise'
2026-02-05T15:09:00.822463+07:00 LAPTOP-6OTU1RGQ kernel: thermal_sys: Registered thermal governor 'user_space'
2026-02-05T15:09:00.822463+07:00 LAPTOP-6OTU1RGQ kernel: cpuidle: using governor ladder
2026-02-05T15:09:00.822463+07:00 LAPTOP-6OTU1RGQ kernel: cpuidle: using governor menu
2026-02-05T15:09:00.822464+07:00 LAPTOP-6OTU1RGQ kernel: acpiphp: ACPI Hot Plug PCI Controller Driver version: 0.5
2026-02-05T15:09:00.822464+07:00 LAPTOP-6OTU1RGQ kernel: dca service started, version 1.12.1
2026-02-05T15:09:00.822464+07:00 LAPTOP-6OTU1RGQ kernel: PCI: Fatal: No config space access function found
2026-02-05T15:09:00.822464+07:00 LAPTOP-6OTU1RGQ kernel: kprobes: kprobe jump-optimization is enabled. All kprobes are optimized if possible.
2026-02-05T15:09:00.822465+07:00 LAPTOP-6OTU1RGQ kernel: HugeTLB: registered 1.00 GiB page size, pre-allocated 0 pages
2026-02-05T15:09:00.822466+07:00 LAPTOP-6OTU1RGQ kernel: HugeTLB: 16380 KiB vmemmap can be freed for a 1.00 GiB page
2026-02-05T15:09:00.822466+07:00 LAPTOP-6OTU1RGQ kernel: HugeTLB: registered 2.00 MiB page size, pre-allocated 0 pages
2026-02-05T15:09:00.822466+07:00 LAPTOP-6OTU1RGQ kernel: HugeTLB: 28 KiB vmemmap can be freed for a 2.00 MiB page
2026-02-05T15:09:00.822466+07:00 LAPTOP-6OTU1RGQ kernel: cryptd: max_cpu_qlen set to 1000
2026-02-05T15:09:00.822466+07:00 LAPTOP-6OTU1RGQ kernel: ACPI: Added _OSI(Module Device)
2026-02-05T15:09:00.822468+07:00 LAPTOP-6OTU1RGQ kernel: ACPI: Added _OSI(Processor Device)
2026-02-05T15:09:00.822468+07:00 LAPTOP-6OTU1RGQ kernel: ACPI: Added _OSI(3.0 _SCP Extensions)
2026-02-05T15:09:00.822468+07:00 LAPTOP-6OTU1RGQ kernel: ACPI: Added _OSI(Processor Aggregator Device)
2026-02-05T15:09:00.822469+07:00 LAPTOP-6OTU1RGQ kernel: ACPI: 1 ACPI AML tables successfully acquired and loaded
2026-02-05T15:09:00.822469+07:00 LAPTOP-6OTU1RGQ kernel: ACPI: _OSC evaluation for CPUs failed, trying _PDC
2026-02-05T15:09:00.822469+07:00 LAPTOP-6OTU1RGQ kernel: ACPI: Interpreter enabled
2026-02-05T15:09:00.822469+07:00 LAPTOP-6OTU1RGQ kernel: ACPI: PM: (supports S0 S5)
2026-02-05T15:09:00.822470+07:00 LAPTOP-6OTU1RGQ kernel: ACPI: Using IOAPIC for interrupt routing
2026-02-05T15:09:00.822470+07:00 LAPTOP-6OTU1RGQ kernel: PCI: Using host bridge windows from ACPI; if necessary, use "pci=nocrs" and report a bug
2026-02-05T15:09:00.822471+07:00 LAPTOP-6OTU1RGQ kernel: PCI: Using E820 reservations for host bridge windows
2026-02-05T15:09:00.822471+07:00 LAPTOP-6OTU1RGQ kernel: ACPI: Enabled 2 GPEs in block 00 to 0F
2026-02-05T15:09:00.822471+07:00 LAPTOP-6OTU1RGQ kernel: iommu: Default domain type: Translated
2026-02-05T15:09:00.822471+07:00 LAPTOP-6OTU1RGQ kernel: iommu: DMA domain TLB invalidation policy: lazy mode
2026-02-05T15:09:00.822472+07:00 LAPTOP-6OTU1RGQ kernel: SCSI subsystem initialized
2026-02-05T15:09:00.822472+07:00 LAPTOP-6OTU1RGQ kernel: libata version 3.00 loaded.
2026-02-05T15:09:00.822472+07:00 LAPTOP-6OTU1RGQ kernel: pps_core: LinuxPPS API ver. 1 registered
2026-02-05T15:09:00.822473+07:00 LAPTOP-6OTU1RGQ kernel: pps_core: Software ver. 5.3.6 - Copyright 2005-2007 Rodolfo Giometti <giometti@linux.it>
2026-02-05T15:09:00.822473+07:00 LAPTOP-6OTU1RGQ kernel: PTP clock support registered
2026-02-05T15:09:00.822473+07:00 LAPTOP-6OTU1RGQ kernel: EDAC MC: Ver: 3.0.0
2026-02-05T15:09:00.822503+07:00 LAPTOP-6OTU1RGQ kernel: hv_vmbus: Vmbus version:5.3
2026-02-05T15:09:00.822505+07:00 LAPTOP-6OTU1RGQ kernel: NetLabel: Initializing
2026-02-05T15:09:00.822505+07:00 LAPTOP-6OTU1RGQ kernel: NetLabel:  domain hash size = 128
2026-02-05T15:09:00.822505+07:00 LAPTOP-6OTU1RGQ kernel: NetLabel:  protocols = UNLABELED CIPSOv4 CALIPSO
2026-02-05T15:09:00.822505+07:00 LAPTOP-6OTU1RGQ kernel: NetLabel:  unlabeled traffic allowed by default
2026-02-05T15:09:00.822505+07:00 LAPTOP-6OTU1RGQ kernel: PCI: Using ACPI for IRQ routing
2026-02-05T15:09:00.822506+07:00 LAPTOP-6OTU1RGQ kernel: PCI: System does not support PCI
2026-02-05T15:09:00.822511+07:00 LAPTOP-6OTU1RGQ kernel: hv_vmbus: Unknown GUID: 6e382d18-3336-4f4b-acc4-2b7703d4df4a
2026-02-05T15:09:00.822511+07:00 LAPTOP-6OTU1RGQ kernel: hv_vmbus: Unknown GUID: dde9cbc0-5060-4436-9448-ea1254a5d177
2026-02-05T15:09:00.822511+07:00 LAPTOP-6OTU1RGQ kernel: vgaarb: loaded
2026-02-05T15:09:00.822511+07:00 LAPTOP-6OTU1RGQ kernel: clocksource: Switched to clocksource tsc-early
2026-02-05T15:09:00.822511+07:00 LAPTOP-6OTU1RGQ kernel: VFS: Disk quotas dquot_6.6.0
2026-02-05T15:09:00.822512+07:00 LAPTOP-6OTU1RGQ kernel: VFS: Dquot-cache hash table entries: 512 (order 0, 4096 bytes)
2026-02-05T15:09:00.822513+07:00 LAPTOP-6OTU1RGQ kernel: FS-Cache: Loaded
2026-02-05T15:09:00.822514+07:00 LAPTOP-6OTU1RGQ kernel: pnp: PnP ACPI init
2026-02-05T15:09:00.822514+07:00 LAPTOP-6OTU1RGQ kernel: pnp: PnP ACPI: found 1 devices
2026-02-05T15:09:00.822514+07:00 LAPTOP-6OTU1RGQ kernel: clocksource: acpi_pm: mask: 0xffffff max_cycles: 0xffffff, max_idle_ns: 2085701024 ns
2026-02-05T15:09:00.822514+07:00 LAPTOP-6OTU1RGQ kernel: NET: Registered PF_INET protocol family
2026-02-05T15:09:00.822514+07:00 LAPTOP-6OTU1RGQ kernel: IP idents hash table entries: 262144 (order: 9, 2097152 bytes, linear)
2026-02-05T15:09:00.822514+07:00 LAPTOP-6OTU1RGQ kernel: tcp_listen_portaddr_hash hash table entries: 8192 (order: 5, 131072 bytes, linear)
2026-02-05T15:09:00.822516+07:00 LAPTOP-6OTU1RGQ kernel: Table-perturb hash table entries: 65536 (order: 6, 262144 bytes, linear)
2026-02-05T15:09:00.822516+07:00 LAPTOP-6OTU1RGQ kernel: TCP established hash table entries: 131072 (order: 8, 1048576 bytes, linear)
2026-02-05T15:09:00.822516+07:00 LAPTOP-6OTU1RGQ kernel: TCP bind hash table entries: 65536 (order: 9, 2097152 bytes, linear)
2026-02-05T15:09:00.822517+07:00 LAPTOP-6OTU1RGQ kernel: TCP: Hash tables configured (established 131072 bind 65536)
2026-02-05T15:09:00.822517+07:00 LAPTOP-6OTU1RGQ kernel: UDP hash table entries: 8192 (order: 6, 262144 bytes, linear)
2026-02-05T15:09:00.822517+07:00 LAPTOP-6OTU1RGQ kernel: UDP-Lite hash table entries: 8192 (order: 6, 262144 bytes, linear)
2026-02-05T15:09:00.822518+07:00 LAPTOP-6OTU1RGQ kernel: NET: Registered PF_UNIX/PF_LOCAL protocol family
2026-02-05T15:09:00.822518+07:00 LAPTOP-6OTU1RGQ kernel: NET: Registered PF_XDP protocol family
2026-02-05T15:09:00.822518+07:00 LAPTOP-6OTU1RGQ kernel: PCI: CLS 0 bytes, default 64
2026-02-05T15:09:00.822519+07:00 LAPTOP-6OTU1RGQ kernel: PCI-DMA: Using software bounce buffering for IO (SWIOTLB)
2026-02-05T15:09:00.822519+07:00 LAPTOP-6OTU1RGQ kernel: software IO TLB: mapped [mem 0x00000000f4000000-0x00000000f8000000] (64MB)
2026-02-05T15:09:00.822519+07:00 LAPTOP-6OTU1RGQ kernel: Trying to unpack rootfs image as initramfs...
2026-02-05T15:09:00.822520+07:00 LAPTOP-6OTU1RGQ kernel: Freeing initrd memory: 2672K
2026-02-05T15:09:00.822521+07:00 LAPTOP-6OTU1RGQ kernel: clocksource: tsc: mask: 0xffffffffffffffff max_cycles: 0x398c58f3ad9, max_idle_ns: 881590744025 ns
2026-02-05T15:09:00.822521+07:00 LAPTOP-6OTU1RGQ kernel: clocksource: Switched to clocksource tsc
2026-02-05T15:09:00.822521+07:00 LAPTOP-6OTU1RGQ kernel: Initialise system trusted keyrings
2026-02-05T15:09:00.822521+07:00 LAPTOP-6OTU1RGQ kernel: Key type blacklist registered
2026-02-05T15:09:00.822521+07:00 LAPTOP-6OTU1RGQ kernel: workingset: timestamp_bits=36 max_order=22 bucket_order=0
2026-02-05T15:09:00.822522+07:00 LAPTOP-6OTU1RGQ kernel: squashfs: version 4.0 (2009/01/31) Phillip Lougher
2026-02-05T15:09:00.822524+07:00 LAPTOP-6OTU1RGQ kernel: fuse: init (API version 7.39)
2026-02-05T15:09:00.822524+07:00 LAPTOP-6OTU1RGQ kernel: SGI XFS with ACLs, security attributes, realtime, verbose warnings, quota, no debug enabled
2026-02-05T15:09:00.822525+07:00 LAPTOP-6OTU1RGQ kernel: 9p: Installing v9fs 9p2000 file system support
2026-02-05T15:09:00.822525+07:00 LAPTOP-6OTU1RGQ kernel: Key type asymmetric registered
2026-02-05T15:09:00.822525+07:00 LAPTOP-6OTU1RGQ kernel: Asymmetric key parser 'x509' registered
2026-02-05T15:09:00.822525+07:00 LAPTOP-6OTU1RGQ kernel: Block layer SCSI generic (bsg) driver version 0.4 loaded (major 245)
2026-02-05T15:09:00.822526+07:00 LAPTOP-6OTU1RGQ kernel: io scheduler mq-deadline registered
2026-02-05T15:09:00.822526+07:00 LAPTOP-6OTU1RGQ kernel: io scheduler kyber registered
2026-02-05T15:09:00.822526+07:00 LAPTOP-6OTU1RGQ kernel: hv_vmbus: registering driver hv_pci
2026-02-05T15:09:00.822527+07:00 LAPTOP-6OTU1RGQ kernel: hv_pci c4b741f5-5582-4c98-8f8b-2e082933c396: PCI VMBus probing: Using version 0x10004
2026-02-05T15:09:00.822527+07:00 LAPTOP-6OTU1RGQ kernel: hv_pci c4b741f5-5582-4c98-8f8b-2e082933c396: PCI host bridge to bus 5582:00
2026-02-05T15:09:00.822527+07:00 LAPTOP-6OTU1RGQ kernel: pci_bus 5582:00: root bus resource [mem 0x9ffe00000-0x9ffe02fff window]
2026-02-05T15:09:00.822527+07:00 LAPTOP-6OTU1RGQ kernel: pci_bus 5582:00: No busn resource found for root bus, will use [bus 00-ff]
2026-02-05T15:09:00.822528+07:00 LAPTOP-6OTU1RGQ kernel: pci 5582:00:00.0: [1af4:1043] type 00 class 0x010000
2026-02-05T15:09:00.822529+07:00 LAPTOP-6OTU1RGQ kernel: pci 5582:00:00.0: reg 0x10: [mem 0x9ffe00000-0x9ffe00fff 64bit]
2026-02-05T15:09:00.822529+07:00 LAPTOP-6OTU1RGQ kernel: pci 5582:00:00.0: reg 0x18: [mem 0x9ffe01000-0x9ffe01fff 64bit]
2026-02-05T15:09:00.822529+07:00 LAPTOP-6OTU1RGQ kernel: pci 5582:00:00.0: reg 0x20: [mem 0x9ffe02000-0x9ffe02fff 64bit]
2026-02-05T15:09:00.822529+07:00 LAPTOP-6OTU1RGQ kernel: pci_bus 5582:00: busn_res: [bus 00-ff] end is updated to 00
2026-02-05T15:09:00.822529+07:00 LAPTOP-6OTU1RGQ kernel: pci 5582:00:00.0: BAR 0: assigned [mem 0x9ffe00000-0x9ffe00fff 64bit]
2026-02-05T15:09:00.822530+07:00 LAPTOP-6OTU1RGQ kernel: pci 5582:00:00.0: BAR 2: assigned [mem 0x9ffe01000-0x9ffe01fff 64bit]
2026-02-05T15:09:00.822531+07:00 LAPTOP-6OTU1RGQ kernel: pci 5582:00:00.0: BAR 4: assigned [mem 0x9ffe02000-0x9ffe02fff 64bit]
2026-02-05T15:09:00.822531+07:00 LAPTOP-6OTU1RGQ kernel: hv_pci e58d2812-cff2-4828-9ac1-f64c8788bfdf: PCI VMBus probing: Using version 0x10004
2026-02-05T15:09:00.822531+07:00 LAPTOP-6OTU1RGQ kernel: hv_pci e58d2812-cff2-4828-9ac1-f64c8788bfdf: PCI host bridge to bus cff2:00
2026-02-05T15:09:00.822531+07:00 LAPTOP-6OTU1RGQ kernel: pci_bus cff2:00: No busn resource found for root bus, will use [bus 00-ff]
2026-02-05T15:09:00.822531+07:00 LAPTOP-6OTU1RGQ kernel: pci cff2:00:00.0: [1414:008a] type 00 class 0x030200
2026-02-05T15:09:00.822532+07:00 LAPTOP-6OTU1RGQ kernel: pci_bus cff2:00: busn_res: [bus 00-ff] end is updated to 00
2026-02-05T15:09:00.822533+07:00 LAPTOP-6OTU1RGQ kernel: ioatdma: Intel(R) QuickData Technology Driver 5.00
2026-02-05T15:09:00.822550+07:00 LAPTOP-6OTU1RGQ kernel: virtio-pci 5582:00:00.0: enabling device (0000 -> 0002)
2026-02-05T15:09:00.822550+07:00 LAPTOP-6OTU1RGQ kernel: Serial: 8250/16550 driver, 8 ports, IRQ sharing enabled
2026-02-05T15:09:00.822553+07:00 LAPTOP-6OTU1RGQ kernel: Linux agpgart interface v0.103
2026-02-05T15:09:00.822553+07:00 LAPTOP-6OTU1RGQ kernel: AMD-Vi: AMD IOMMUv2 functionality not available on this system - This is not a bug.
2026-02-05T15:09:00.822553+07:00 LAPTOP-6OTU1RGQ kernel: ACPI: bus type drm_connector registered
2026-02-05T15:09:00.822555+07:00 LAPTOP-6OTU1RGQ kernel: printk: console [hvc0] enabled
2026-02-05T15:09:00.822556+07:00 LAPTOP-6OTU1RGQ kernel: brd: module loaded
2026-02-05T15:09:00.822556+07:00 LAPTOP-6OTU1RGQ kernel: loop: module loaded
2026-02-05T15:09:00.822556+07:00 LAPTOP-6OTU1RGQ kernel: Loading iSCSI transport class v2.0-870.
2026-02-05T15:09:00.822556+07:00 LAPTOP-6OTU1RGQ kernel: rdac: device handler registered
2026-02-05T15:09:00.822556+07:00 LAPTOP-6OTU1RGQ kernel: Microchip SmartPQI Driver (v2.1.24-046)
2026-02-05T15:09:00.822558+07:00 LAPTOP-6OTU1RGQ kernel: VMware PVSCSI driver - version 1.0.7.0-k
2026-02-05T15:09:00.822558+07:00 LAPTOP-6OTU1RGQ kernel: hv_vmbus: registering driver hv_storvsc
2026-02-05T15:09:00.822559+07:00 LAPTOP-6OTU1RGQ kernel: PPP generic driver version 2.4.2
2026-02-05T15:09:00.822559+07:00 LAPTOP-6OTU1RGQ kernel: scsi host0: storvsc_host_t
2026-02-05T15:09:00.822559+07:00 LAPTOP-6OTU1RGQ kernel: VMware vmxnet3 virtual NIC driver - version 1.7.0.0-k-NAPI
2026-02-05T15:09:00.822560+07:00 LAPTOP-6OTU1RGQ kernel: hv_vmbus: registering driver hv_netvsc
2026-02-05T15:09:00.822561+07:00 LAPTOP-6OTU1RGQ kernel: Fusion MPT base driver 3.04.20
2026-02-05T15:09:00.822562+07:00 LAPTOP-6OTU1RGQ kernel: Copyright (c) 1999-2008 LSI Corporation
2026-02-05T15:09:00.822562+07:00 LAPTOP-6OTU1RGQ kernel: Fusion MPT SPI Host driver 3.04.20
2026-02-05T15:09:00.822563+07:00 LAPTOP-6OTU1RGQ kernel: Fusion MPT SAS Host driver 3.04.20
2026-02-05T15:09:00.822563+07:00 LAPTOP-6OTU1RGQ kernel: Fusion MPT misc device (ioctl) driver 3.04.20
2026-02-05T15:09:00.822563+07:00 LAPTOP-6OTU1RGQ kernel: mptctl: Registered with Fusion MPT base driver
2026-02-05T15:09:00.822563+07:00 LAPTOP-6OTU1RGQ kernel: mptctl: /dev/mptctl @ (major,minor=10,220)
2026-02-05T15:09:00.822564+07:00 LAPTOP-6OTU1RGQ kernel: i8042: PNP: No PS/2 controller found.
2026-02-05T15:09:00.822565+07:00 LAPTOP-6OTU1RGQ kernel: hv_vmbus: registering driver hyperv_keyboard
2026-02-05T15:09:00.822565+07:00 LAPTOP-6OTU1RGQ kernel: rtc_cmos 00:00: RTC can wake from S4
2026-02-05T15:09:00.822565+07:00 LAPTOP-6OTU1RGQ kernel: rtc_cmos 00:00: registered as rtc0
2026-02-05T15:09:00.822565+07:00 LAPTOP-6OTU1RGQ kernel: rtc_cmos 00:00: setting system clock to 2026-02-05T08:08:57 UTC (1770278937)
2026-02-05T15:09:00.822566+07:00 LAPTOP-6OTU1RGQ kernel: rtc_cmos 00:00: alarms up to one month, 114 bytes nvram
2026-02-05T15:09:00.822567+07:00 LAPTOP-6OTU1RGQ kernel: device-mapper: core: CONFIG_IMA_DISABLE_HTABLE is disabled. Duplicate IMA measurements will not be recorded in the IMA log.
2026-02-05T15:09:00.822567+07:00 LAPTOP-6OTU1RGQ kernel: device-mapper: uevent: version 1.0.3
2026-02-05T15:09:00.822567+07:00 LAPTOP-6OTU1RGQ kernel: device-mapper: ioctl: 4.48.0-ioctl (2023-03-01) initialised: dm-devel@redhat.com
2026-02-05T15:09:00.822567+07:00 LAPTOP-6OTU1RGQ kernel: hv_utils: Registering HyperV Utility Driver
2026-02-05T15:09:00.822568+07:00 LAPTOP-6OTU1RGQ kernel: hv_vmbus: registering driver hv_utils
2026-02-05T15:09:00.822568+07:00 LAPTOP-6OTU1RGQ kernel: hv_vmbus: registering driver hv_balloon
2026-02-05T15:09:00.822568+07:00 LAPTOP-6OTU1RGQ kernel: hv_utils: TimeSync IC version 4.0
2026-02-05T15:09:00.822598+07:00 LAPTOP-6OTU1RGQ kernel: hv_vmbus: registering driver dxgkrnl
2026-02-05T15:09:00.822601+07:00 LAPTOP-6OTU1RGQ kernel: hv_balloon: Using Dynamic Memory protocol version 2.0
2026-02-05T15:09:00.822611+07:00 LAPTOP-6OTU1RGQ kernel: drop_monitor: Initializing network drop monitor service
2026-02-05T15:09:00.822613+07:00 LAPTOP-6OTU1RGQ kernel: Free page reporting enabled
2026-02-05T15:09:00.822613+07:00 LAPTOP-6OTU1RGQ kernel: hv_balloon: Cold memory discard hint enabled with order 9
2026-02-05T15:09:00.822614+07:00 LAPTOP-6OTU1RGQ kernel: NET: Registered PF_INET6 protocol family
2026-02-05T15:09:00.822622+07:00 LAPTOP-6OTU1RGQ kernel: Segment Routing with IPv6
2026-02-05T15:09:00.822625+07:00 LAPTOP-6OTU1RGQ kernel: In-situ OAM (IOAM) with IPv6
2026-02-05T15:09:00.822625+07:00 LAPTOP-6OTU1RGQ kernel: NET: Registered PF_PACKET protocol family
2026-02-05T15:09:00.822626+07:00 LAPTOP-6OTU1RGQ kernel: 9pnet: Installing 9P2000 support
2026-02-05T15:09:00.822626+07:00 LAPTOP-6OTU1RGQ kernel: NET: Registered PF_VSOCK protocol family
2026-02-05T15:09:00.822626+07:00 LAPTOP-6OTU1RGQ kernel: hv_vmbus: registering driver hv_sock
2026-02-05T15:09:00.822633+07:00 LAPTOP-6OTU1RGQ kernel: IPI shorthand broadcast: enabled
2026-02-05T15:09:00.822634+07:00 LAPTOP-6OTU1RGQ kernel: AVX2 version of gcm_enc/dec engaged.
2026-02-05T15:09:00.822634+07:00 LAPTOP-6OTU1RGQ kernel: AES CTR mode by8 optimization enabled
2026-02-05T15:09:00.822634+07:00 LAPTOP-6OTU1RGQ kernel: sched_clock: Marking stable (348251524, 459452)->(370673618, -21962642)
2026-02-05T15:09:00.822634+07:00 LAPTOP-6OTU1RGQ kernel: registered taskstats version 1
2026-02-05T15:09:00.822636+07:00 LAPTOP-6OTU1RGQ kernel: Loading compiled-in X.509 certificates
2026-02-05T15:09:00.822637+07:00 LAPTOP-6OTU1RGQ kernel: ima: No TPM chip found, activating TPM-bypass!
2026-02-05T15:09:00.822644+07:00 LAPTOP-6OTU1RGQ kernel: ima: Allocated hash algorithm: sha256
2026-02-05T15:09:00.822646+07:00 LAPTOP-6OTU1RGQ kernel: ima: No architecture policies found
2026-02-05T15:09:00.822647+07:00 LAPTOP-6OTU1RGQ kernel: RAS: Correctable Errors collector initialized.
2026-02-05T15:09:00.822647+07:00 LAPTOP-6OTU1RGQ kernel: clk: Disabling unused clocks
2026-02-05T15:09:00.822680+07:00 LAPTOP-6OTU1RGQ kernel: Freeing unused decrypted memory: 2028K
2026-02-05T15:09:00.822682+07:00 LAPTOP-6OTU1RGQ kernel: Freeing unused kernel image (initmem) memory: 4492K
2026-02-05T15:09:00.822689+07:00 LAPTOP-6OTU1RGQ kernel: Write protecting the kernel read-only data: 34816k
2026-02-05T15:09:00.822689+07:00 LAPTOP-6OTU1RGQ kernel: Freeing unused kernel image (rodata/data gap) memory: 840K
2026-02-05T15:09:00.822689+07:00 LAPTOP-6OTU1RGQ kernel: Run /init as init process
2026-02-05T15:09:00.822689+07:00 LAPTOP-6OTU1RGQ kernel:   with arguments:
2026-02-05T15:09:00.822690+07:00 LAPTOP-6OTU1RGQ kernel:     /init
2026-02-05T15:09:00.822690+07:00 LAPTOP-6OTU1RGQ kernel:   with environment:
2026-02-05T15:09:00.822690+07:00 LAPTOP-6OTU1RGQ kernel:     HOME=/
2026-02-05T15:09:00.822693+07:00 LAPTOP-6OTU1RGQ kernel:     TERM=linux
2026-02-05T15:09:00.822694+07:00 LAPTOP-6OTU1RGQ kernel:     WSL_ROOT_INIT=1
2026-02-05T15:09:00.822694+07:00 LAPTOP-6OTU1RGQ kernel:     WSL_ENABLE_CRASH_DUMP=1
2026-02-05T15:09:00.822694+07:00 LAPTOP-6OTU1RGQ kernel: hv_vmbus: Unknown GUID: 6e382d18-3336-4f4b-acc4-2b7703d4df4a
2026-02-05T15:09:00.822694+07:00 LAPTOP-6OTU1RGQ kernel: hv_pci 78488952-9b8a-4223-a3a9-303bbd6fcdf3: PCI VMBus probing: Using version 0x10004
2026-02-05T15:09:00.822694+07:00 LAPTOP-6OTU1RGQ kernel: hv_vmbus: Unknown GUID: 6e382d18-3336-4f4b-acc4-2b7703d4df4a
2026-02-05T15:09:00.822696+07:00 LAPTOP-6OTU1RGQ kernel: hv_pci 78488952-9b8a-4223-a3a9-303bbd6fcdf3: PCI host bridge to bus 9b8a:00
2026-02-05T15:09:00.822696+07:00 LAPTOP-6OTU1RGQ kernel: pci_bus 9b8a:00: No busn resource found for root bus, will use [bus 00-ff]
2026-02-05T15:09:00.822696+07:00 LAPTOP-6OTU1RGQ kernel: pci 9b8a:00:00.0: [1414:008e] type 00 class 0x030200
2026-02-05T15:09:00.822696+07:00 LAPTOP-6OTU1RGQ kernel: pci_bus 9b8a:00: busn_res: [bus 00-ff] end is updated to 00
2026-02-05T15:09:00.822696+07:00 LAPTOP-6OTU1RGQ kernel: hv_pci 7b1d13af-7cce-4b52-9170-1a76459d0fe3: PCI VMBus probing: Using version 0x10004
2026-02-05T15:09:00.822696+07:00 LAPTOP-6OTU1RGQ kernel: hv_pci 7b1d13af-7cce-4b52-9170-1a76459d0fe3: PCI host bridge to bus 7cce:00
2026-02-05T15:09:00.822698+07:00 LAPTOP-6OTU1RGQ kernel: pci_bus 7cce:00: No busn resource found for root bus, will use [bus 00-ff]
2026-02-05T15:09:00.822698+07:00 LAPTOP-6OTU1RGQ kernel: pci 7cce:00:00.0: [1414:008e] type 00 class 0x030200
2026-02-05T15:09:00.822698+07:00 LAPTOP-6OTU1RGQ kernel: scsi 0:0:0:0: Direct-Access     Msft     Virtual Disk     1.0  PQ: 0 ANSI: 5
2026-02-05T15:09:00.822698+07:00 LAPTOP-6OTU1RGQ kernel: pci_bus 7cce:00: busn_res: [bus 00-ff] end is updated to 00
2026-02-05T15:09:00.822698+07:00 LAPTOP-6OTU1RGQ kernel: scsi 0:0:0:1: Direct-Access     Msft     Virtual Disk     1.0  PQ: 0 ANSI: 5
2026-02-05T15:09:00.822699+07:00 LAPTOP-6OTU1RGQ kernel: sd 0:0:0:0: Attached scsi generic sg0 type 0
2026-02-05T15:09:00.822699+07:00 LAPTOP-6OTU1RGQ kernel: sd 0:0:0:0: [sda] 795536 512-byte logical blocks: (407 MB/388 MiB)
2026-02-05T15:09:00.822700+07:00 LAPTOP-6OTU1RGQ kernel: sd 0:0:0:1: Attached scsi generic sg1 type 0
2026-02-05T15:09:00.822700+07:00 LAPTOP-6OTU1RGQ kernel: sd 0:0:0:1: [sdb] 381016 512-byte logical blocks: (195 MB/186 MiB)
2026-02-05T15:09:00.822701+07:00 LAPTOP-6OTU1RGQ kernel: sd 0:0:0:0: [sda] Write Protect is on
2026-02-05T15:09:00.822701+07:00 LAPTOP-6OTU1RGQ kernel: sd 0:0:0:0: [sda] Mode Sense: 0f 00 80 00
2026-02-05T15:09:00.822701+07:00 LAPTOP-6OTU1RGQ kernel: sd 0:0:0:0: [sda] Write cache: disabled, read cache: enabled, doesn't support DPO or FUA
2026-02-05T15:09:00.822701+07:00 LAPTOP-6OTU1RGQ kernel: sd 0:0:0:0: [sda] Attached SCSI disk
2026-02-05T15:09:00.822702+07:00 LAPTOP-6OTU1RGQ kernel: sd 0:0:0:1: [sdb] Write Protect is on
2026-02-05T15:09:00.822703+07:00 LAPTOP-6OTU1RGQ kernel: sd 0:0:0:1: [sdb] Mode Sense: 0f 00 80 00
2026-02-05T15:09:00.822703+07:00 LAPTOP-6OTU1RGQ kernel: sd 0:0:0:1: [sdb] Write cache: disabled, read cache: enabled, doesn't support DPO or FUA
2026-02-05T15:09:00.822703+07:00 LAPTOP-6OTU1RGQ kernel: sd 0:0:0:1: [sdb] Attached SCSI disk
2026-02-05T15:09:00.822704+07:00 LAPTOP-6OTU1RGQ kernel: scsi 0:0:0:2: Direct-Access     Msft     Virtual Disk     1.0  PQ: 0 ANSI: 5
2026-02-05T15:09:00.822704+07:00 LAPTOP-6OTU1RGQ kernel: sd 0:0:0:2: Attached scsi generic sg2 type 0
2026-02-05T15:09:00.822704+07:00 LAPTOP-6OTU1RGQ kernel: sd 0:0:0:2: [sdc] 8388616 512-byte logical blocks: (4.29 GB/4.00 GiB)
2026-02-05T15:09:00.822705+07:00 LAPTOP-6OTU1RGQ kernel: sd 0:0:0:2: [sdc] 4096-byte physical blocks
2026-02-05T15:09:00.822705+07:00 LAPTOP-6OTU1RGQ kernel: sd 0:0:0:2: [sdc] Write Protect is off
2026-02-05T15:09:00.822706+07:00 LAPTOP-6OTU1RGQ kernel: sd 0:0:0:2: [sdc] Mode Sense: 0f 00 00 00
2026-02-05T15:09:00.822706+07:00 LAPTOP-6OTU1RGQ kernel: sd 0:0:0:2: [sdc] Write cache: enabled, read cache: enabled, doesn't support DPO or FUA
2026-02-05T15:09:00.822706+07:00 LAPTOP-6OTU1RGQ kernel: sd 0:0:0:2: [sdc] Attached SCSI disk
2026-02-05T15:09:00.822706+07:00 LAPTOP-6OTU1RGQ kernel: EXT4-fs (sda): mounted filesystem 00000000-0000-0000-0000-000000000000 ro without journal. Quota mode: none.
2026-02-05T15:09:00.822907+07:00 LAPTOP-6OTU1RGQ kernel: EXT4-fs (sdb): mounted filesystem 00000000-0000-0000-0000-000000000000 ro without journal. Quota mode: none.
2026-02-05T15:09:00.822911+07:00 LAPTOP-6OTU1RGQ kernel: tun: Universal TUN/TAP device driver, 1.6
2026-02-05T15:09:00.822912+07:00 LAPTOP-6OTU1RGQ kernel: Adding 4194304k swap on /dev/sdc.  Priority:-2 extents:1 across:4194304k 
2026-02-05T15:09:00.822912+07:00 LAPTOP-6OTU1RGQ kernel: bridge: filtering via arp/ip/ip6tables is no longer available by default. Update your scripts to load br_netfilter if you need this.
2026-02-05T15:09:00.822912+07:00 LAPTOP-6OTU1RGQ kernel: Bridge firewalling registered
2026-02-05T15:09:00.822912+07:00 LAPTOP-6OTU1RGQ kernel: hv_pci a29b468a-db26-4a0b-a063-42f668183e61: PCI VMBus probing: Using version 0x10004
2026-02-05T15:09:00.822915+07:00 LAPTOP-6OTU1RGQ kernel: hv_pci a29b468a-db26-4a0b-a063-42f668183e61: PCI host bridge to bus db26:00
2026-02-05T15:09:00.822916+07:00 LAPTOP-6OTU1RGQ kernel: pci_bus db26:00: root bus resource [mem 0xc00000000-0xe00001fff window]
2026-02-05T15:09:00.822916+07:00 LAPTOP-6OTU1RGQ kernel: pci_bus db26:00: No busn resource found for root bus, will use [bus 00-ff]
2026-02-05T15:09:00.822916+07:00 LAPTOP-6OTU1RGQ kernel: pci db26:00:00.0: [1af4:105a] type 00 class 0x088000
2026-02-05T15:09:00.822916+07:00 LAPTOP-6OTU1RGQ kernel: pci db26:00:00.0: reg 0x10: [mem 0xe00000000-0xe00000fff 64bit]
2026-02-05T15:09:00.822926+07:00 LAPTOP-6OTU1RGQ kernel: pci db26:00:00.0: reg 0x18: [mem 0xe00001000-0xe00001fff 64bit]
2026-02-05T15:09:00.822928+07:00 LAPTOP-6OTU1RGQ kernel: pci db26:00:00.0: reg 0x20: [mem 0xc00000000-0xdffffffff 64bit]
2026-02-05T15:09:00.822928+07:00 LAPTOP-6OTU1RGQ kernel: pci_bus db26:00: busn_res: [bus 00-ff] end is updated to 00
2026-02-05T15:09:00.822928+07:00 LAPTOP-6OTU1RGQ kernel: pci db26:00:00.0: BAR 4: assigned [mem 0xc00000000-0xdffffffff 64bit]
2026-02-05T15:09:00.822928+07:00 LAPTOP-6OTU1RGQ kernel: pci db26:00:00.0: BAR 0: assigned [mem 0xe00000000-0xe00000fff 64bit]
2026-02-05T15:09:00.822929+07:00 LAPTOP-6OTU1RGQ kernel: pci db26:00:00.0: BAR 2: assigned [mem 0xe00001000-0xe00001fff 64bit]
2026-02-05T15:09:00.822929+07:00 LAPTOP-6OTU1RGQ kernel: virtio-pci db26:00:00.0: enabling device (0000 -> 0002)
2026-02-05T15:09:00.822929+07:00 LAPTOP-6OTU1RGQ kernel: virtiofs virtio1: Cache len: 0x200000000 @ 0xc00000000
2026-02-05T15:09:00.822930+07:00 LAPTOP-6OTU1RGQ kernel: scsi 0:0:0:3: Direct-Access     Msft     Virtual Disk     1.0  PQ: 0 ANSI: 5
2026-02-05T15:09:00.822931+07:00 LAPTOP-6OTU1RGQ kernel: sd 0:0:0:3: Attached scsi generic sg3 type 0
2026-02-05T15:09:00.822931+07:00 LAPTOP-6OTU1RGQ kernel: sd 0:0:0:3: [sdd] 2147483648 512-byte logical blocks: (1.10 TB/1.00 TiB)
2026-02-05T15:09:00.822931+07:00 LAPTOP-6OTU1RGQ kernel: sd 0:0:0:3: [sdd] 4096-byte physical blocks
2026-02-05T15:09:00.822931+07:00 LAPTOP-6OTU1RGQ kernel: sd 0:0:0:3: [sdd] Write Protect is off
2026-02-05T15:09:00.822931+07:00 LAPTOP-6OTU1RGQ kernel: sd 0:0:0:3: [sdd] Mode Sense: 0f 00 00 00
2026-02-05T15:09:00.822933+07:00 LAPTOP-6OTU1RGQ kernel: sd 0:0:0:3: [sdd] Write cache: enabled, read cache: enabled, doesn't support DPO or FUA
2026-02-05T15:09:00.822933+07:00 LAPTOP-6OTU1RGQ kernel: sd 0:0:0:3: [sdd] Attached SCSI disk
2026-02-05T15:09:00.822933+07:00 LAPTOP-6OTU1RGQ kernel: EXT4-fs (sdd): mounted filesystem 0d10eddf-f9e8-493f-b603-175a38043c85 r/w with ordered data mode. Quota mode: none.
2026-02-05T15:09:00.822933+07:00 LAPTOP-6OTU1RGQ kernel: pulseaudio[361]: memfd_create() called without MFD_EXEC or MFD_NOEXEC_SEAL set
2026-02-05T15:09:00.822934+07:00 LAPTOP-6OTU1RGQ kernel: misc dxg: dxgk: dxgkio_is_feature_enabled: Ioctl failed: -22
2026-02-05T15:09:00.822934+07:00 LAPTOP-6OTU1RGQ kernel: misc dxg: dxgk: dxgkio_query_adapter_info: Ioctl failed: -1
2026-02-05T15:09:00.822975+07:00 LAPTOP-6OTU1RGQ kernel: misc dxg: dxgk: dxgkio_query_adapter_info: Ioctl failed: -22
2026-02-05T15:09:00.822980+07:00 LAPTOP-6OTU1RGQ kernel: message repeated 4 times: [ misc dxg: dxgk: dxgkio_query_adapter_info: Ioctl failed: -22]
2026-02-05T15:09:00.822981+07:00 LAPTOP-6OTU1RGQ kernel: misc dxg: dxgk: dxgkio_query_adapter_info: Ioctl failed: -2
2026-02-05T15:09:00.822984+07:00 LAPTOP-6OTU1RGQ kernel: misc dxg: dxgk: dxgkio_query_adapter_info: Ioctl failed: -22
2026-02-05T15:09:00.822984+07:00 LAPTOP-6OTU1RGQ kernel: message repeated 2 times: [ misc dxg: dxgk: dxgkio_query_adapter_info: Ioctl failed: -22]
2026-02-05T15:09:00.822985+07:00 LAPTOP-6OTU1RGQ kernel: misc dxg: dxgk: dxgkio_query_adapter_info: Ioctl failed: -2
2026-02-05T15:09:00.822993+07:00 LAPTOP-6OTU1RGQ kernel: misc dxg: dxgk: dxgkio_query_adapter_info: Ioctl failed: -22
2026-02-05T15:09:00.822993+07:00 LAPTOP-6OTU1RGQ kernel: message repeated 2 times: [ misc dxg: dxgk: dxgkio_query_adapter_info: Ioctl failed: -22]
2026-02-05T15:09:00.822993+07:00 LAPTOP-6OTU1RGQ kernel: misc dxg: dxgk: dxgkio_query_adapter_info: Ioctl failed: -2
2026-02-05T15:09:00.822996+07:00 LAPTOP-6OTU1RGQ kernel: ACPI: AC: AC Adapter [AC1] (off-line)
2026-02-05T15:09:00.822996+07:00 LAPTOP-6OTU1RGQ kernel: ACPI: battery: Slot [BAT1] (battery present)
2026-02-05T15:09:00.822996+07:00 LAPTOP-6OTU1RGQ kernel: kvm_amd: TSC scaling supported
2026-02-05T15:09:00.822997+07:00 LAPTOP-6OTU1RGQ kernel: kvm_amd: Nested Virtualization enabled
2026-02-05T15:09:00.822997+07:00 LAPTOP-6OTU1RGQ kernel: kvm_amd: Nested Paging enabled
2026-02-05T15:09:00.822997+07:00 LAPTOP-6OTU1RGQ kernel: kvm_amd: kvm_amd: Hyper-V enlightened NPT TLB flush enabled
2026-02-05T15:09:00.822998+07:00 LAPTOP-6OTU1RGQ kernel: kvm_amd: kvm_amd: Hyper-V Direct TLB Flush enabled
2026-02-05T15:09:00.822998+07:00 LAPTOP-6OTU1RGQ kernel: kvm_amd: Virtual VMLOAD VMSAVE supported
2026-02-05T15:09:01.730479+07:00 LAPTOP-6OTU1RGQ kernel: TCP: eth0: Driver has suspect GRO implementation, TCP performance may be compromised.
2026-02-05T15:09:46.654186+07:00 LAPTOP-6OTU1RGQ kernel: hv_balloon: Max. dynamic memory size: 15932 MB
2026-02-05T15:18:38.881409+07:00 LAPTOP-6OTU1RGQ kernel: mini_init (316): drop_caches: 1
2026-02-05T15:32:36.959011+07:00 LAPTOP-6OTU1RGQ kernel: Linux version 6.6.87.2-microsoft-standard-WSL2 (root@439a258ad544) (gcc (GCC) 11.2.0, GNU ld (GNU Binutils) 2.37) #1 SMP PREEMPT_DYNAMIC Thu Jun  5 18:30:46 UTC 2025
2026-02-05T15:32:36.959204+07:00 LAPTOP-6OTU1RGQ kernel: Command line: initrd=\initrd.img WSL_ROOT_INIT=1 panic=-1 nr_cpus=24 hv_utils.timesync_implicit=1 console=hvc0 debug pty.legacy_count=0 WSL_ENABLE_CRASH_DUMP=1
2026-02-05T15:32:36.959211+07:00 LAPTOP-6OTU1RGQ kernel: KERNEL supported cpus:
2026-02-05T15:32:36.959212+07:00 LAPTOP-6OTU1RGQ kernel:   Intel GenuineIntel
2026-02-05T15:32:36.959212+07:00 LAPTOP-6OTU1RGQ kernel:   AMD AuthenticAMD
2026-02-05T15:32:36.959213+07:00 LAPTOP-6OTU1RGQ kernel: BIOS-provided physical RAM map:
2026-02-05T15:32:36.959213+07:00 LAPTOP-6OTU1RGQ kernel: BIOS-e820: [mem 0x0000000000000000-0x000000000009ffff] usable
2026-02-05T15:32:36.959216+07:00 LAPTOP-6OTU1RGQ kernel: BIOS-e820: [mem 0x00000000000e0000-0x00000000000e0fff] reserved
2026-02-05T15:32:36.959217+07:00 LAPTOP-6OTU1RGQ kernel: BIOS-e820: [mem 0x0000000000100000-0x00000000001fffff] ACPI data
2026-02-05T15:32:36.959217+07:00 LAPTOP-6OTU1RGQ kernel: BIOS-e820: [mem 0x0000000000200000-0x00000000f7ffffff] usable
2026-02-05T15:32:36.959218+07:00 LAPTOP-6OTU1RGQ kernel: BIOS-e820: [mem 0x0000000100000000-0x00000003ebbfffff] usable
2026-02-05T15:32:36.959218+07:00 LAPTOP-6OTU1RGQ kernel: NX (Execute Disable) protection: active
2026-02-05T15:32:36.959219+07:00 LAPTOP-6OTU1RGQ kernel: APIC: Static calls initialized
2026-02-05T15:32:36.959219+07:00 LAPTOP-6OTU1RGQ kernel: DMI not present or invalid.
2026-02-05T15:32:36.959221+07:00 LAPTOP-6OTU1RGQ kernel: Hypervisor detected: Microsoft Hyper-V
2026-02-05T15:32:36.959222+07:00 LAPTOP-6OTU1RGQ kernel: Hyper-V: privilege flags low 0xae7f, high 0x3b8030, hints 0x900c2c, misc 0xe4bed7b6
2026-02-05T15:32:36.959222+07:00 LAPTOP-6OTU1RGQ kernel: Hyper-V: Nested features: 0x4a0000
2026-02-05T15:32:36.959229+07:00 LAPTOP-6OTU1RGQ kernel: Hyper-V: LAPIC Timer Frequency: 0xc3500
2026-02-05T15:32:36.959230+07:00 LAPTOP-6OTU1RGQ kernel: Hyper-V: Using hypercall for remote TLB flush
2026-02-05T15:32:36.959230+07:00 LAPTOP-6OTU1RGQ kernel: clocksource: hyperv_clocksource_tsc_page: mask: 0xffffffffffffffff max_cycles: 0x24e6a1710, max_idle_ns: 440795202120 ns
2026-02-05T15:32:36.959235+07:00 LAPTOP-6OTU1RGQ kernel: clocksource: hyperv_clocksource_msr: mask: 0xffffffffffffffff max_cycles: 0x24e6a1710, max_idle_ns: 440795202120 ns
2026-02-05T15:32:36.959236+07:00 LAPTOP-6OTU1RGQ kernel: tsc: Detected 1996.204 MHz processor
2026-02-05T15:32:36.959236+07:00 LAPTOP-6OTU1RGQ kernel: e820: update [mem 0x00000000-0x00000fff] usable ==> reserved
2026-02-05T15:32:36.959237+07:00 LAPTOP-6OTU1RGQ kernel: e820: remove [mem 0x000a0000-0x000fffff] usable
2026-02-05T15:32:36.959237+07:00 LAPTOP-6OTU1RGQ kernel: last_pfn = 0x3ebc00 max_arch_pfn = 0x400000000
2026-02-05T15:32:36.959237+07:00 LAPTOP-6OTU1RGQ kernel: MTRR map: 5 entries (4 fixed + 1 variable; max 20), built from 8 variable MTRRs
2026-02-05T15:32:36.959239+07:00 LAPTOP-6OTU1RGQ kernel: x86/PAT: Configuration [0-7]: WB  WC  UC- UC  WB  WP  UC- WT  
2026-02-05T15:32:36.959240+07:00 LAPTOP-6OTU1RGQ kernel: last_pfn = 0xf8000 max_arch_pfn = 0x400000000
2026-02-05T15:32:36.959240+07:00 LAPTOP-6OTU1RGQ kernel: Using GB pages for direct mapping
2026-02-05T15:32:36.959240+07:00 LAPTOP-6OTU1RGQ kernel: RAMDISK: [mem 0x04be4000-0x04e7ffff]
2026-02-05T15:32:36.959241+07:00 LAPTOP-6OTU1RGQ kernel: ACPI: Early table checksum verification disabled
2026-02-05T15:32:36.959241+07:00 LAPTOP-6OTU1RGQ kernel: ACPI: RSDP 0x00000000000E0000 000024 (v02 VRTUAL)
2026-02-05T15:32:36.959243+07:00 LAPTOP-6OTU1RGQ kernel: ACPI: XSDT 0x0000000000100000 000044 (v01 VRTUAL MICROSFT 00000001 MSFT 00000001)
2026-02-05T15:32:36.959244+07:00 LAPTOP-6OTU1RGQ kernel: ACPI: FACP 0x0000000000101000 000114 (v06 VRTUAL MICROSFT 00000001 MSFT 00000001)
2026-02-05T15:32:36.959244+07:00 LAPTOP-6OTU1RGQ kernel: ACPI: DSDT 0x00000000001011B8 01E11C (v02 MSFTVM DSDT01   00000001 INTL 20230628)
2026-02-05T15:32:36.959245+07:00 LAPTOP-6OTU1RGQ kernel: ACPI: FACS 0x0000000000101114 000040
2026-02-05T15:32:36.959245+07:00 LAPTOP-6OTU1RGQ kernel: ACPI: OEM0 0x0000000000101154 000064 (v01 VRTUAL MICROSFT 00000001 MSFT 00000001)
2026-02-05T15:32:36.959245+07:00 LAPTOP-6OTU1RGQ kernel: ACPI: SRAT 0x000000000011F2D4 000430 (v02 VRTUAL MICROSFT 00000001 MSFT 00000001)
2026-02-05T15:32:36.959246+07:00 LAPTOP-6OTU1RGQ kernel: ACPI: APIC 0x000000000011F704 000108 (v04 VRTUAL MICROSFT 00000001 MSFT 00000001)
2026-02-05T15:32:36.959248+07:00 LAPTOP-6OTU1RGQ kernel: ACPI: Reserving FACP table memory at [mem 0x101000-0x101113]
2026-02-05T15:32:36.959248+07:00 LAPTOP-6OTU1RGQ kernel: ACPI: Reserving DSDT table memory at [mem 0x1011b8-0x11f2d3]
2026-02-05T15:32:36.959389+07:00 LAPTOP-6OTU1RGQ kernel: ACPI: Reserving FACS table memory at [mem 0x101114-0x101153]
2026-02-05T15:32:36.959391+07:00 LAPTOP-6OTU1RGQ kernel: ACPI: Reserving OEM0 table memory at [mem 0x101154-0x1011b7]
2026-02-05T15:32:36.959392+07:00 LAPTOP-6OTU1RGQ kernel: ACPI: Reserving SRAT table memory at [mem 0x11f2d4-0x11f703]
2026-02-05T15:32:36.959392+07:00 LAPTOP-6OTU1RGQ kernel: ACPI: Reserving APIC table memory at [mem 0x11f704-0x11f80b]
2026-02-05T15:32:36.959403+07:00 LAPTOP-6OTU1RGQ kernel: SRAT: PXM 0 -> APIC 0x00 -> Node 0
2026-02-05T15:32:36.959403+07:00 LAPTOP-6OTU1RGQ kernel: SRAT: PXM 0 -> APIC 0x01 -> Node 0
2026-02-05T15:32:36.959404+07:00 LAPTOP-6OTU1RGQ kernel: SRAT: PXM 0 -> APIC 0x02 -> Node 0
2026-02-05T15:32:36.959404+07:00 LAPTOP-6OTU1RGQ kernel: SRAT: PXM 0 -> APIC 0x03 -> Node 0
2026-02-05T15:32:36.959405+07:00 LAPTOP-6OTU1RGQ kernel: SRAT: PXM 0 -> APIC 0x04 -> Node 0
2026-02-05T15:32:36.959405+07:00 LAPTOP-6OTU1RGQ kernel: SRAT: PXM 0 -> APIC 0x05 -> Node 0
2026-02-05T15:32:36.959405+07:00 LAPTOP-6OTU1RGQ kernel: SRAT: PXM 0 -> APIC 0x06 -> Node 0
2026-02-05T15:32:36.959474+07:00 LAPTOP-6OTU1RGQ kernel: SRAT: PXM 0 -> APIC 0x07 -> Node 0
2026-02-05T15:32:36.959481+07:00 LAPTOP-6OTU1RGQ kernel: SRAT: PXM 0 -> APIC 0x08 -> Node 0
2026-02-05T15:32:36.959482+07:00 LAPTOP-6OTU1RGQ kernel: SRAT: PXM 0 -> APIC 0x09 -> Node 0
2026-02-05T15:32:36.959482+07:00 LAPTOP-6OTU1RGQ kernel: SRAT: PXM 0 -> APIC 0x0a -> Node 0
2026-02-05T15:32:36.959483+07:00 LAPTOP-6OTU1RGQ kernel: SRAT: PXM 0 -> APIC 0x0b -> Node 0
2026-02-05T15:32:36.959483+07:00 LAPTOP-6OTU1RGQ kernel: SRAT: PXM 0 -> APIC 0x0c -> Node 0
2026-02-05T15:32:36.959486+07:00 LAPTOP-6OTU1RGQ kernel: SRAT: PXM 0 -> APIC 0x0d -> Node 0
2026-02-05T15:32:36.959486+07:00 LAPTOP-6OTU1RGQ kernel: SRAT: PXM 0 -> APIC 0x0e -> Node 0
2026-02-05T15:32:36.959487+07:00 LAPTOP-6OTU1RGQ kernel: SRAT: PXM 0 -> APIC 0x0f -> Node 0
2026-02-05T15:32:36.959487+07:00 LAPTOP-6OTU1RGQ kernel: SRAT: PXM 0 -> APIC 0x10 -> Node 0
2026-02-05T15:32:36.959487+07:00 LAPTOP-6OTU1RGQ kernel: SRAT: PXM 0 -> APIC 0x11 -> Node 0
2026-02-05T15:32:36.959487+07:00 LAPTOP-6OTU1RGQ kernel: SRAT: PXM 0 -> APIC 0x12 -> Node 0
2026-02-05T15:32:36.959488+07:00 LAPTOP-6OTU1RGQ kernel: SRAT: PXM 0 -> APIC 0x13 -> Node 0
2026-02-05T15:32:36.959488+07:00 LAPTOP-6OTU1RGQ kernel: SRAT: PXM 0 -> APIC 0x14 -> Node 0
2026-02-05T15:32:36.959489+07:00 LAPTOP-6OTU1RGQ kernel: SRAT: PXM 0 -> APIC 0x15 -> Node 0
2026-02-05T15:32:36.959489+07:00 LAPTOP-6OTU1RGQ kernel: SRAT: PXM 0 -> APIC 0x16 -> Node 0
2026-02-05T15:32:36.959489+07:00 LAPTOP-6OTU1RGQ kernel: SRAT: PXM 0 -> APIC 0x17 -> Node 0
2026-02-05T15:32:36.959489+07:00 LAPTOP-6OTU1RGQ kernel: ACPI: SRAT: Node 0 PXM 0 [mem 0x00000000-0xf7ffffff] hotplug
2026-02-05T15:32:36.959489+07:00 LAPTOP-6OTU1RGQ kernel: ACPI: SRAT: Node 0 PXM 0 [mem 0x100000000-0x3ebbfffff] hotplug
2026-02-05T15:32:36.959490+07:00 LAPTOP-6OTU1RGQ kernel: ACPI: SRAT: Node 0 PXM 0 [mem 0x3ebc00000-0x9ffdfffff] hotplug
2026-02-05T15:32:36.959491+07:00 LAPTOP-6OTU1RGQ kernel: ACPI: SRAT: Node 0 PXM 0 [mem 0x1000000000-0xfcffffffff] hotplug
2026-02-05T15:32:36.959492+07:00 LAPTOP-6OTU1RGQ kernel: ACPI: SRAT: Node 0 PXM 0 [mem 0x10000000000-0x1ffffffffff] hotplug
2026-02-05T15:32:36.959492+07:00 LAPTOP-6OTU1RGQ kernel: ACPI: SRAT: Node 0 PXM 0 [mem 0x20000000000-0x3ffffffffff] hotplug
2026-02-05T15:32:36.959492+07:00 LAPTOP-6OTU1RGQ kernel: ACPI: SRAT: Node 0 PXM 0 [mem 0x40000000000-0x7ffffffffff] hotplug
2026-02-05T15:32:36.959492+07:00 LAPTOP-6OTU1RGQ kernel: ACPI: SRAT: Node 0 PXM 0 [mem 0x80000000000-0xfffffffffff] hotplug
2026-02-05T15:32:36.959493+07:00 LAPTOP-6OTU1RGQ kernel: ACPI: SRAT: Node 0 PXM 0 [mem 0x100000000000-0x1fffffffffff] hotplug
2026-02-05T15:32:36.959493+07:00 LAPTOP-6OTU1RGQ kernel: ACPI: SRAT: Node 0 PXM 0 [mem 0x200000000000-0x3fffffffffff] hotplug
2026-02-05T15:32:36.959493+07:00 LAPTOP-6OTU1RGQ kernel: ACPI: SRAT: Node 0 PXM 0 [mem 0x400000000000-0x7fffffffffff] hotplug
2026-02-05T15:32:36.959493+07:00 LAPTOP-6OTU1RGQ kernel: ACPI: SRAT: Node 0 PXM 0 [mem 0x800000000000-0xffffffffffff] hotplug
2026-02-05T15:32:36.959493+07:00 LAPTOP-6OTU1RGQ kernel: ACPI: SRAT: Node 0 PXM 0 [mem 0x1000000000000-0x1ffffffffffff] hotplug
2026-02-05T15:32:36.959494+07:00 LAPTOP-6OTU1RGQ kernel: ACPI: SRAT: Node 0 PXM 0 [mem 0x2000000000000-0x3ffffffffffff] hotplug
2026-02-05T15:32:36.959494+07:00 LAPTOP-6OTU1RGQ kernel: ACPI: SRAT: Node 0 PXM 0 [mem 0x4000000000000-0x7ffffffffffff] hotplug
2026-02-05T15:32:36.959494+07:00 LAPTOP-6OTU1RGQ kernel: ACPI: SRAT: Node 0 PXM 0 [mem 0x8000000000000-0xfffffffffffff] hotplug
2026-02-05T15:32:36.959495+07:00 LAPTOP-6OTU1RGQ kernel: NUMA: Node 0 [mem 0x00000000-0xf7ffffff] + [mem 0x100000000-0x3ebbfffff] -> [mem 0x00000000-0x3ebbfffff]
2026-02-05T15:32:36.959495+07:00 LAPTOP-6OTU1RGQ kernel: NODE_DATA(0) allocated [mem 0x3ebbde000-0x3ebbfffff]
2026-02-05T15:32:36.959496+07:00 LAPTOP-6OTU1RGQ kernel: Zone ranges:
2026-02-05T15:32:36.959496+07:00 LAPTOP-6OTU1RGQ kernel:   DMA32    [mem 0x0000000000001000-0x00000000ffffffff]
2026-02-05T15:32:36.959525+07:00 LAPTOP-6OTU1RGQ kernel:   Normal   [mem 0x0000000100000000-0x00000003ebbfffff]
2026-02-05T15:32:36.959529+07:00 LAPTOP-6OTU1RGQ kernel:   Device   empty
2026-02-05T15:32:36.959530+07:00 LAPTOP-6OTU1RGQ kernel: Movable zone start for each node
2026-02-05T15:32:36.959542+07:00 LAPTOP-6OTU1RGQ kernel: Early memory node ranges
2026-02-05T15:32:36.959542+07:00 LAPTOP-6OTU1RGQ kernel:   node   0: [mem 0x0000000000001000-0x000000000009ffff]
2026-02-05T15:32:36.959543+07:00 LAPTOP-6OTU1RGQ kernel:   node   0: [mem 0x0000000000200000-0x00000000f7ffffff]
2026-02-05T15:32:36.959543+07:00 LAPTOP-6OTU1RGQ kernel:   node   0: [mem 0x0000000100000000-0x00000003ebbfffff]
2026-02-05T15:32:36.959544+07:00 LAPTOP-6OTU1RGQ kernel: Initmem setup node 0 [mem 0x0000000000001000-0x00000003ebbfffff]
2026-02-05T15:32:36.959545+07:00 LAPTOP-6OTU1RGQ kernel: On node 0, zone DMA32: 1 pages in unavailable ranges
2026-02-05T15:32:36.959546+07:00 LAPTOP-6OTU1RGQ kernel: On node 0, zone DMA32: 352 pages in unavailable ranges
2026-02-05T15:32:36.959546+07:00 LAPTOP-6OTU1RGQ kernel: On node 0, zone Normal: 17408 pages in unavailable ranges
2026-02-05T15:32:36.959547+07:00 LAPTOP-6OTU1RGQ kernel: ACPI: PM-Timer IO Port: 0x408
2026-02-05T15:32:36.959547+07:00 LAPTOP-6OTU1RGQ kernel: ACPI: LAPIC_NMI (acpi_id[0x01] dfl dfl lint[0x1])
2026-02-05T15:32:36.959547+07:00 LAPTOP-6OTU1RGQ kernel: IOAPIC[0]: apic_id 24, version 17, address 0xfec00000, GSI 0-23
2026-02-05T15:32:36.959548+07:00 LAPTOP-6OTU1RGQ kernel: ACPI: INT_SRC_OVR (bus 0 bus_irq 9 global_irq 9 high level)
2026-02-05T15:32:36.959549+07:00 LAPTOP-6OTU1RGQ kernel: ACPI: Using ACPI (MADT) for SMP configuration information
2026-02-05T15:32:36.959549+07:00 LAPTOP-6OTU1RGQ kernel: smpboot: Allowing 24 CPUs, 0 hotplug CPUs
2026-02-05T15:32:36.959549+07:00 LAPTOP-6OTU1RGQ kernel: PM: hibernation: Registered nosave memory: [mem 0x00000000-0x00000fff]
2026-02-05T15:32:36.959608+07:00 LAPTOP-6OTU1RGQ kernel: PM: hibernation: Registered nosave memory: [mem 0x000a0000-0x000dffff]
2026-02-05T15:32:36.959609+07:00 LAPTOP-6OTU1RGQ kernel: PM: hibernation: Registered nosave memory: [mem 0x000e0000-0x000e0fff]
2026-02-05T15:32:36.959613+07:00 LAPTOP-6OTU1RGQ kernel: PM: hibernation: Registered nosave memory: [mem 0x000e1000-0x000fffff]
2026-02-05T15:32:36.959613+07:00 LAPTOP-6OTU1RGQ kernel: PM: hibernation: Registered nosave memory: [mem 0x00100000-0x001fffff]
2026-02-05T15:32:36.959631+07:00 LAPTOP-6OTU1RGQ kernel: PM: hibernation: Registered nosave memory: [mem 0xf8000000-0xffffffff]
2026-02-05T15:32:36.959632+07:00 LAPTOP-6OTU1RGQ kernel: [mem 0xf8000000-0xffffffff] available for PCI devices
2026-02-05T15:32:36.959633+07:00 LAPTOP-6OTU1RGQ kernel: Booting paravirtualized kernel on Hyper-V
2026-02-05T15:32:36.959633+07:00 LAPTOP-6OTU1RGQ kernel: clocksource: refined-jiffies: mask: 0xffffffff max_cycles: 0xffffffff, max_idle_ns: 7645519600211568 ns
2026-02-05T15:32:36.959636+07:00 LAPTOP-6OTU1RGQ kernel: setup_percpu: NR_CPUS:8192 nr_cpumask_bits:24 nr_cpu_ids:24 nr_node_ids:1
2026-02-05T15:32:36.959637+07:00 LAPTOP-6OTU1RGQ kernel: percpu: Embedded 63 pages/cpu s221184 r8192 d28672 u262144
2026-02-05T15:32:36.959637+07:00 LAPTOP-6OTU1RGQ kernel: pcpu-alloc: s221184 r8192 d28672 u262144 alloc=1*2097152
2026-02-05T15:32:36.959637+07:00 LAPTOP-6OTU1RGQ kernel: pcpu-alloc: [0] 00 01 02 03 04 05 06 07 [0] 08 09 10 11 12 13 14 15 
2026-02-05T15:32:36.959638+07:00 LAPTOP-6OTU1RGQ kernel: pcpu-alloc: [0] 16 17 18 19 20 21 22 23 
2026-02-05T15:32:36.959638+07:00 LAPTOP-6OTU1RGQ kernel: Hyper-V: PV spinlocks enabled
2026-02-05T15:32:36.959638+07:00 LAPTOP-6OTU1RGQ kernel: PV qspinlock hash table entries: 256 (order: 0, 4096 bytes, linear)
2026-02-05T15:32:36.959639+07:00 LAPTOP-6OTU1RGQ kernel: Kernel command line: initrd=\initrd.img WSL_ROOT_INIT=1 panic=-1 nr_cpus=24 hv_utils.timesync_implicit=1 console=hvc0 debug pty.legacy_count=0 WSL_ENABLE_CRASH_DUMP=1
2026-02-05T15:32:36.959640+07:00 LAPTOP-6OTU1RGQ kernel: Unknown kernel command line parameters "WSL_ROOT_INIT=1 WSL_ENABLE_CRASH_DUMP=1", will be passed to user space.
2026-02-05T15:32:36.959640+07:00 LAPTOP-6OTU1RGQ kernel: random: crng init done
2026-02-05T15:32:36.959640+07:00 LAPTOP-6OTU1RGQ kernel: Dentry cache hash table entries: 2097152 (order: 12, 16777216 bytes, linear)
2026-02-05T15:32:36.959641+07:00 LAPTOP-6OTU1RGQ kernel: Inode-cache hash table entries: 1048576 (order: 11, 8388608 bytes, linear)
2026-02-05T15:32:36.959644+07:00 LAPTOP-6OTU1RGQ kernel: Fallback order for Node 0: 0 
2026-02-05T15:32:36.959647+07:00 LAPTOP-6OTU1RGQ kernel: Built 1 zonelists, mobility grouping on.  Total pages: 4013840
2026-02-05T15:32:36.959648+07:00 LAPTOP-6OTU1RGQ kernel: Policy zone: Normal
2026-02-05T15:32:36.959649+07:00 LAPTOP-6OTU1RGQ kernel: mem auto-init: stack:off, heap alloc:on, heap free:off
2026-02-05T15:32:36.959649+07:00 LAPTOP-6OTU1RGQ kernel: software IO TLB: area num 32.
2026-02-05T15:32:36.959650+07:00 LAPTOP-6OTU1RGQ kernel: Memory: 4123788K/16312956K available (20480K kernel code, 3457K rwdata, 13496K rodata, 4492K init, 6208K bss, 405816K reserved, 0K cma-reserved)
2026-02-05T15:32:36.959650+07:00 LAPTOP-6OTU1RGQ kernel: SLUB: HWalign=64, Order=0-3, MinObjects=0, CPUs=24, Nodes=1
2026-02-05T15:32:36.959655+07:00 LAPTOP-6OTU1RGQ kernel: ftrace: allocating 55808 entries in 218 pages
2026-02-05T15:32:36.959657+07:00 LAPTOP-6OTU1RGQ kernel: ftrace: allocated 218 pages with 5 groups
2026-02-05T15:32:36.959658+07:00 LAPTOP-6OTU1RGQ kernel: Dynamic Preempt: none
2026-02-05T15:32:36.959658+07:00 LAPTOP-6OTU1RGQ kernel: rcu: Preemptible hierarchical RCU implementation.
2026-02-05T15:32:36.959658+07:00 LAPTOP-6OTU1RGQ kernel: rcu: 	RCU restricting CPUs from NR_CPUS=8192 to nr_cpu_ids=24.
2026-02-05T15:32:36.959659+07:00 LAPTOP-6OTU1RGQ kernel: 	Trampoline variant of Tasks RCU enabled.
2026-02-05T15:32:36.959661+07:00 LAPTOP-6OTU1RGQ kernel: 	Rude variant of Tasks RCU enabled.
2026-02-05T15:32:36.959662+07:00 LAPTOP-6OTU1RGQ kernel: 	Tracing variant of Tasks RCU enabled.
2026-02-05T15:32:36.959662+07:00 LAPTOP-6OTU1RGQ kernel: rcu: RCU calculated value of scheduler-enlistment delay is 25 jiffies.
2026-02-05T15:32:36.959663+07:00 LAPTOP-6OTU1RGQ kernel: rcu: Adjusting geometry for rcu_fanout_leaf=16, nr_cpu_ids=24
2026-02-05T15:32:36.959664+07:00 LAPTOP-6OTU1RGQ kernel: Using NULL legacy PIC
2026-02-05T15:32:36.959664+07:00 LAPTOP-6OTU1RGQ kernel: NR_IRQS: 524544, nr_irqs: 616, preallocated irqs: 0
2026-02-05T15:32:36.959666+07:00 LAPTOP-6OTU1RGQ kernel: rcu: srcu_init: Setting srcu_struct sizes based on contention.
2026-02-05T15:32:36.959666+07:00 LAPTOP-6OTU1RGQ kernel: Console: colour dummy device 80x25
2026-02-05T15:32:36.959667+07:00 LAPTOP-6OTU1RGQ kernel: ACPI: Core revision 20230628
2026-02-05T15:32:36.959670+07:00 LAPTOP-6OTU1RGQ kernel: Failed to register legacy timer interrupt
2026-02-05T15:32:36.959670+07:00 LAPTOP-6OTU1RGQ kernel: APIC: Switch to symmetric I/O mode setup
2026-02-05T15:32:36.959671+07:00 LAPTOP-6OTU1RGQ kernel: APIC: Switched APIC routing to: physical flat
2026-02-05T15:32:36.959672+07:00 LAPTOP-6OTU1RGQ kernel: Hyper-V: Host Build 10.0.26100.7705-7-0
2026-02-05T15:32:36.959676+07:00 LAPTOP-6OTU1RGQ kernel: Hyper-V: enabling crash_kexec_post_notifiers
2026-02-05T15:32:36.959676+07:00 LAPTOP-6OTU1RGQ kernel: Hyper-V: Using IPI hypercalls
2026-02-05T15:32:36.959677+07:00 LAPTOP-6OTU1RGQ kernel: APIC: send_IPI() replaced with hv_send_ipi()
2026-02-05T15:32:36.959677+07:00 LAPTOP-6OTU1RGQ kernel: APIC: send_IPI_mask() replaced with hv_send_ipi_mask()
2026-02-05T15:32:36.959677+07:00 LAPTOP-6OTU1RGQ kernel: APIC: send_IPI_mask_allbutself() replaced with hv_send_ipi_mask_allbutself()
2026-02-05T15:32:36.959678+07:00 LAPTOP-6OTU1RGQ kernel: APIC: send_IPI_allbutself() replaced with hv_send_ipi_allbutself()
2026-02-05T15:32:36.959708+07:00 LAPTOP-6OTU1RGQ kernel: APIC: send_IPI_all() replaced with hv_send_ipi_all()
2026-02-05T15:32:36.959708+07:00 LAPTOP-6OTU1RGQ kernel: APIC: send_IPI_self() replaced with hv_send_ipi_self()
2026-02-05T15:32:36.959709+07:00 LAPTOP-6OTU1RGQ kernel: Hyper-V: Using enlightened APIC (xapic mode)
2026-02-05T15:32:36.959709+07:00 LAPTOP-6OTU1RGQ kernel: APIC: eoi() replaced with hv_apic_eoi_write()
2026-02-05T15:32:36.959709+07:00 LAPTOP-6OTU1RGQ kernel: APIC: read() replaced with hv_apic_read()
2026-02-05T15:32:36.959709+07:00 LAPTOP-6OTU1RGQ kernel: APIC: write() replaced with hv_apic_write()
2026-02-05T15:32:36.959709+07:00 LAPTOP-6OTU1RGQ kernel: APIC: icr_write() replaced with hv_apic_icr_write()
2026-02-05T15:32:36.959710+07:00 LAPTOP-6OTU1RGQ kernel: APIC: icr_read() replaced with hv_apic_icr_read()
2026-02-05T15:32:36.959710+07:00 LAPTOP-6OTU1RGQ kernel: clocksource: tsc-early: mask: 0xffffffffffffffff max_cycles: 0x398c58f3ad9, max_idle_ns: 881590744025 ns
2026-02-05T15:32:36.959711+07:00 LAPTOP-6OTU1RGQ kernel: Calibrating delay loop (skipped), value calculated using timer frequency.. 3992.40 BogoMIPS (lpj=7984816)
2026-02-05T15:32:36.959711+07:00 LAPTOP-6OTU1RGQ kernel: x86/cpu: User Mode Instruction Prevention (UMIP) activated
2026-02-05T15:32:36.959711+07:00 LAPTOP-6OTU1RGQ kernel: Last level iTLB entries: 4KB 64, 2MB 64, 4MB 32
2026-02-05T15:32:36.959711+07:00 LAPTOP-6OTU1RGQ kernel: Last level dTLB entries: 4KB 128, 2MB 128, 4MB 64, 1GB 0
2026-02-05T15:32:36.959715+07:00 LAPTOP-6OTU1RGQ kernel: Spectre V1 : Mitigation: usercopy/swapgs barriers and __user pointer sanitization
2026-02-05T15:32:36.959715+07:00 LAPTOP-6OTU1RGQ kernel: Spectre V2 : Mitigation: Retpolines
2026-02-05T15:32:36.959715+07:00 LAPTOP-6OTU1RGQ kernel: Spectre V2 : Spectre v2 / SpectreRSB mitigation: Filling RSB on context switch
2026-02-05T15:32:36.959715+07:00 LAPTOP-6OTU1RGQ kernel: Spectre V2 : Spectre v2 / SpectreRSB : Filling RSB on VMEXIT
2026-02-05T15:32:36.959716+07:00 LAPTOP-6OTU1RGQ kernel: Spectre V2 : Enabling Restricted Speculation for firmware calls
2026-02-05T15:32:36.959716+07:00 LAPTOP-6OTU1RGQ kernel: Spectre V2 : mitigation: Enabling conditional Indirect Branch Prediction Barrier
2026-02-05T15:32:36.959717+07:00 LAPTOP-6OTU1RGQ kernel: Spectre V2 : User space: Mitigation: STIBP always-on protection
2026-02-05T15:32:36.959717+07:00 LAPTOP-6OTU1RGQ kernel: Speculative Store Bypass: Mitigation: Speculative Store Bypass disabled via prctl
2026-02-05T15:32:36.959717+07:00 LAPTOP-6OTU1RGQ kernel: x86/fpu: Supporting XSAVE feature 0x001: 'x87 floating point registers'
2026-02-05T15:32:36.959718+07:00 LAPTOP-6OTU1RGQ kernel: x86/fpu: Supporting XSAVE feature 0x002: 'SSE registers'
2026-02-05T15:32:36.959719+07:00 LAPTOP-6OTU1RGQ kernel: x86/fpu: Supporting XSAVE feature 0x004: 'AVX registers'
2026-02-05T15:32:36.959719+07:00 LAPTOP-6OTU1RGQ kernel: x86/fpu: Supporting XSAVE feature 0x020: 'AVX-512 opmask'
2026-02-05T15:32:36.959724+07:00 LAPTOP-6OTU1RGQ kernel: x86/fpu: Supporting XSAVE feature 0x040: 'AVX-512 Hi256'
2026-02-05T15:32:36.959725+07:00 LAPTOP-6OTU1RGQ kernel: x86/fpu: Supporting XSAVE feature 0x080: 'AVX-512 ZMM_Hi256'
2026-02-05T15:32:36.959726+07:00 LAPTOP-6OTU1RGQ kernel: x86/fpu: Supporting XSAVE feature 0x800: 'Control-flow User registers'
2026-02-05T15:32:36.959726+07:00 LAPTOP-6OTU1RGQ kernel: x86/fpu: xstate_offset[2]:  576, xstate_sizes[2]:  256
2026-02-05T15:32:36.959726+07:00 LAPTOP-6OTU1RGQ kernel: x86/fpu: xstate_offset[5]:  832, xstate_sizes[5]:   64
2026-02-05T15:32:36.959727+07:00 LAPTOP-6OTU1RGQ kernel: x86/fpu: xstate_offset[6]:  896, xstate_sizes[6]:  512
2026-02-05T15:32:36.959727+07:00 LAPTOP-6OTU1RGQ kernel: x86/fpu: xstate_offset[7]: 1408, xstate_sizes[7]: 1024
2026-02-05T15:32:36.959728+07:00 LAPTOP-6OTU1RGQ kernel: x86/fpu: xstate_offset[11]: 2432, xstate_sizes[11]:   16
2026-02-05T15:32:36.959729+07:00 LAPTOP-6OTU1RGQ kernel: x86/fpu: Enabled xstate features 0x8e7, context size is 2448 bytes, using 'compacted' format.
2026-02-05T15:32:36.959729+07:00 LAPTOP-6OTU1RGQ kernel: Freeing SMP alternatives memory: 44K
2026-02-05T15:32:36.959729+07:00 LAPTOP-6OTU1RGQ kernel: pid_max: default: 32768 minimum: 301
2026-02-05T15:32:36.959729+07:00 LAPTOP-6OTU1RGQ kernel: LSM: initializing lsm=capability,landlock,yama,safesetid,selinux,integrity
2026-02-05T15:32:36.959730+07:00 LAPTOP-6OTU1RGQ kernel: landlock: Up and running.
2026-02-05T15:32:36.959731+07:00 LAPTOP-6OTU1RGQ kernel: Yama: becoming mindful.
2026-02-05T15:32:36.959731+07:00 LAPTOP-6OTU1RGQ kernel: SELinux:  Initializing.
2026-02-05T15:32:36.959731+07:00 LAPTOP-6OTU1RGQ kernel: Mount-cache hash table entries: 32768 (order: 6, 262144 bytes, linear)
2026-02-05T15:32:36.959732+07:00 LAPTOP-6OTU1RGQ kernel: Mountpoint-cache hash table entries: 32768 (order: 6, 262144 bytes, linear)
2026-02-05T15:32:36.959732+07:00 LAPTOP-6OTU1RGQ kernel: smpboot: CPU0: AMD Ryzen AI 9 HX 370 w/ Radeon 890M (family: 0x1a, model: 0x24, stepping: 0x0)
2026-02-05T15:32:36.959732+07:00 LAPTOP-6OTU1RGQ kernel: RCU Tasks: Setting shift to 5 and lim to 1 rcu_task_cb_adjust=1 rcu_task_cpu_ids=24.
2026-02-05T15:32:36.959732+07:00 LAPTOP-6OTU1RGQ kernel: RCU Tasks Rude: Setting shift to 5 and lim to 1 rcu_task_cb_adjust=1 rcu_task_cpu_ids=24.
2026-02-05T15:32:36.959738+07:00 LAPTOP-6OTU1RGQ kernel: RCU Tasks Trace: Setting shift to 5 and lim to 1 rcu_task_cb_adjust=1 rcu_task_cpu_ids=24.
2026-02-05T15:32:36.959738+07:00 LAPTOP-6OTU1RGQ kernel: Performance Events: Fam17h+ core perfctr, AMD PMU driver.
2026-02-05T15:32:36.959738+07:00 LAPTOP-6OTU1RGQ kernel: ... version:                0
2026-02-05T15:32:36.959739+07:00 LAPTOP-6OTU1RGQ kernel: ... bit width:              48
2026-02-05T15:32:36.959739+07:00 LAPTOP-6OTU1RGQ kernel: ... generic registers:      6
2026-02-05T15:32:36.959740+07:00 LAPTOP-6OTU1RGQ kernel: ... value mask:             0000ffffffffffff
2026-02-05T15:32:36.959744+07:00 LAPTOP-6OTU1RGQ kernel: ... max period:             00007fffffffffff
2026-02-05T15:32:36.959744+07:00 LAPTOP-6OTU1RGQ kernel: ... fixed-purpose events:   0
2026-02-05T15:32:36.959744+07:00 LAPTOP-6OTU1RGQ kernel: ... event mask:             000000000000003f
2026-02-05T15:32:36.959745+07:00 LAPTOP-6OTU1RGQ kernel: signal: max sigframe size: 3376
2026-02-05T15:32:36.959746+07:00 LAPTOP-6OTU1RGQ kernel: rcu: Hierarchical SRCU implementation.
2026-02-05T15:32:36.959746+07:00 LAPTOP-6OTU1RGQ kernel: rcu: 	Max phase no-delay instances is 1000.
2026-02-05T15:32:36.959750+07:00 LAPTOP-6OTU1RGQ kernel: smp: Bringing up secondary CPUs ...
2026-02-05T15:32:36.959753+07:00 LAPTOP-6OTU1RGQ kernel: smpboot: x86: Booting SMP configuration:
2026-02-05T15:32:36.959781+07:00 LAPTOP-6OTU1RGQ kernel: .... node  #0, CPUs:        #2  #4  #6  #8 #10 #12 #14 #16 #18 #20 #22  #1  #3  #5  #7  #9 #11 #13 #15 #17 #19 #21 #23
2026-02-05T15:32:36.959782+07:00 LAPTOP-6OTU1RGQ kernel: Spectre V2 : Update user space SMT mitigation: STIBP always-on
2026-02-05T15:32:36.959783+07:00 LAPTOP-6OTU1RGQ kernel: smp: Brought up 1 node, 24 CPUs
2026-02-05T15:32:36.959783+07:00 LAPTOP-6OTU1RGQ kernel: smpboot: Max logical packages: 1
2026-02-05T15:32:36.959783+07:00 LAPTOP-6OTU1RGQ kernel: smpboot: Total of 24 processors activated (95817.79 BogoMIPS)
2026-02-05T15:32:36.959789+07:00 LAPTOP-6OTU1RGQ kernel: node 0 deferred pages initialised in 24ms
2026-02-05T15:32:36.959789+07:00 LAPTOP-6OTU1RGQ kernel: devtmpfs: initialized
2026-02-05T15:32:36.959789+07:00 LAPTOP-6OTU1RGQ kernel: x86/mm: Memory block size: 128MB
2026-02-05T15:32:36.959789+07:00 LAPTOP-6OTU1RGQ kernel: clocksource: jiffies: mask: 0xffffffff max_cycles: 0xffffffff, max_idle_ns: 7645041785100000 ns
2026-02-05T15:32:36.959790+07:00 LAPTOP-6OTU1RGQ kernel: futex hash table entries: 8192 (order: 7, 524288 bytes, linear)
2026-02-05T15:32:36.959790+07:00 LAPTOP-6OTU1RGQ kernel: pinctrl core: initialized pinctrl subsystem
2026-02-05T15:32:36.959791+07:00 LAPTOP-6OTU1RGQ kernel: NET: Registered PF_NETLINK/PF_ROUTE protocol family
2026-02-05T15:32:36.959791+07:00 LAPTOP-6OTU1RGQ kernel: DMA: preallocated 2048 KiB GFP_KERNEL pool for atomic allocations
2026-02-05T15:32:36.959792+07:00 LAPTOP-6OTU1RGQ kernel: DMA: preallocated 2048 KiB GFP_KERNEL|GFP_DMA32 pool for atomic allocations
2026-02-05T15:32:36.959792+07:00 LAPTOP-6OTU1RGQ kernel: audit: initializing netlink subsys (disabled)
2026-02-05T15:32:36.959792+07:00 LAPTOP-6OTU1RGQ kernel: audit: type=2000 audit(1770280354.060:1): state=initialized audit_enabled=0 res=1
2026-02-05T15:32:36.959792+07:00 LAPTOP-6OTU1RGQ kernel: thermal_sys: Registered thermal governor 'step_wise'
2026-02-05T15:32:36.959793+07:00 LAPTOP-6OTU1RGQ kernel: thermal_sys: Registered thermal governor 'user_space'
2026-02-05T15:32:36.959794+07:00 LAPTOP-6OTU1RGQ kernel: cpuidle: using governor ladder
2026-02-05T15:32:36.959794+07:00 LAPTOP-6OTU1RGQ kernel: cpuidle: using governor menu
2026-02-05T15:32:36.959794+07:00 LAPTOP-6OTU1RGQ kernel: acpiphp: ACPI Hot Plug PCI Controller Driver version: 0.5
2026-02-05T15:32:36.959794+07:00 LAPTOP-6OTU1RGQ kernel: dca service started, version 1.12.1
2026-02-05T15:32:36.959794+07:00 LAPTOP-6OTU1RGQ kernel: PCI: Fatal: No config space access function found
2026-02-05T15:32:36.959795+07:00 LAPTOP-6OTU1RGQ kernel: kprobes: kprobe jump-optimization is enabled. All kprobes are optimized if possible.
2026-02-05T15:32:36.959836+07:00 LAPTOP-6OTU1RGQ kernel: HugeTLB: registered 1.00 GiB page size, pre-allocated 0 pages
2026-02-05T15:32:36.959839+07:00 LAPTOP-6OTU1RGQ kernel: HugeTLB: 16380 KiB vmemmap can be freed for a 1.00 GiB page
2026-02-05T15:32:36.959841+07:00 LAPTOP-6OTU1RGQ kernel: HugeTLB: registered 2.00 MiB page size, pre-allocated 0 pages
2026-02-05T15:32:36.959842+07:00 LAPTOP-6OTU1RGQ kernel: HugeTLB: 28 KiB vmemmap can be freed for a 2.00 MiB page
2026-02-05T15:32:36.959869+07:00 LAPTOP-6OTU1RGQ kernel: cryptd: max_cpu_qlen set to 1000
2026-02-05T15:32:36.959871+07:00 LAPTOP-6OTU1RGQ kernel: ACPI: Added _OSI(Module Device)
2026-02-05T15:32:36.959878+07:00 LAPTOP-6OTU1RGQ kernel: ACPI: Added _OSI(Processor Device)
2026-02-05T15:32:36.959879+07:00 LAPTOP-6OTU1RGQ kernel: ACPI: Added _OSI(3.0 _SCP Extensions)
2026-02-05T15:32:36.959879+07:00 LAPTOP-6OTU1RGQ kernel: ACPI: Added _OSI(Processor Aggregator Device)
2026-02-05T15:32:36.959879+07:00 LAPTOP-6OTU1RGQ kernel: ACPI: 1 ACPI AML tables successfully acquired and loaded
2026-02-05T15:32:36.959879+07:00 LAPTOP-6OTU1RGQ kernel: ACPI: _OSC evaluation for CPUs failed, trying _PDC
2026-02-05T15:32:36.959880+07:00 LAPTOP-6OTU1RGQ kernel: ACPI: Interpreter enabled
2026-02-05T15:32:36.959880+07:00 LAPTOP-6OTU1RGQ kernel: ACPI: PM: (supports S0 S5)
2026-02-05T15:32:36.959882+07:00 LAPTOP-6OTU1RGQ kernel: ACPI: Using IOAPIC for interrupt routing
2026-02-05T15:32:36.959882+07:00 LAPTOP-6OTU1RGQ kernel: PCI: Using host bridge windows from ACPI; if necessary, use "pci=nocrs" and report a bug
2026-02-05T15:32:36.959883+07:00 LAPTOP-6OTU1RGQ kernel: PCI: Using E820 reservations for host bridge windows
2026-02-05T15:32:36.959883+07:00 LAPTOP-6OTU1RGQ kernel: ACPI: Enabled 2 GPEs in block 00 to 0F
2026-02-05T15:32:36.959883+07:00 LAPTOP-6OTU1RGQ kernel: iommu: Default domain type: Translated
2026-02-05T15:32:36.959883+07:00 LAPTOP-6OTU1RGQ kernel: iommu: DMA domain TLB invalidation policy: lazy mode
2026-02-05T15:32:36.959885+07:00 LAPTOP-6OTU1RGQ kernel: SCSI subsystem initialized
2026-02-05T15:32:36.959885+07:00 LAPTOP-6OTU1RGQ kernel: libata version 3.00 loaded.
2026-02-05T15:32:36.959885+07:00 LAPTOP-6OTU1RGQ kernel: pps_core: LinuxPPS API ver. 1 registered
2026-02-05T15:32:36.959886+07:00 LAPTOP-6OTU1RGQ kernel: pps_core: Software ver. 5.3.6 - Copyright 2005-2007 Rodolfo Giometti <giometti@linux.it>
2026-02-05T15:32:36.959886+07:00 LAPTOP-6OTU1RGQ kernel: PTP clock support registered
2026-02-05T15:32:36.959886+07:00 LAPTOP-6OTU1RGQ kernel: EDAC MC: Ver: 3.0.0
2026-02-05T15:32:36.959888+07:00 LAPTOP-6OTU1RGQ kernel: hv_vmbus: Vmbus version:5.3
2026-02-05T15:32:36.959888+07:00 LAPTOP-6OTU1RGQ kernel: hv_vmbus: Unknown GUID: 6e382d18-3336-4f4b-acc4-2b7703d4df4a
2026-02-05T15:32:36.959888+07:00 LAPTOP-6OTU1RGQ kernel: hv_vmbus: Unknown GUID: dde9cbc0-5060-4436-9448-ea1254a5d177
2026-02-05T15:32:36.959889+07:00 LAPTOP-6OTU1RGQ kernel: NetLabel: Initializing
2026-02-05T15:32:36.959889+07:00 LAPTOP-6OTU1RGQ kernel: NetLabel:  domain hash size = 128
2026-02-05T15:32:36.959889+07:00 LAPTOP-6OTU1RGQ kernel: NetLabel:  protocols = UNLABELED CIPSOv4 CALIPSO
2026-02-05T15:32:36.959889+07:00 LAPTOP-6OTU1RGQ kernel: NetLabel:  unlabeled traffic allowed by default
2026-02-05T15:32:36.959891+07:00 LAPTOP-6OTU1RGQ kernel: PCI: Using ACPI for IRQ routing
2026-02-05T15:32:36.959891+07:00 LAPTOP-6OTU1RGQ kernel: PCI: System does not support PCI
2026-02-05T15:32:36.959891+07:00 LAPTOP-6OTU1RGQ kernel: vgaarb: loaded
2026-02-05T15:32:36.959892+07:00 LAPTOP-6OTU1RGQ kernel: clocksource: Switched to clocksource tsc-early
2026-02-05T15:32:36.959892+07:00 LAPTOP-6OTU1RGQ kernel: VFS: Disk quotas dquot_6.6.0
2026-02-05T15:32:36.959892+07:00 LAPTOP-6OTU1RGQ kernel: VFS: Dquot-cache hash table entries: 512 (order 0, 4096 bytes)
2026-02-05T15:32:36.959894+07:00 LAPTOP-6OTU1RGQ kernel: FS-Cache: Loaded
2026-02-05T15:32:36.959894+07:00 LAPTOP-6OTU1RGQ kernel: pnp: PnP ACPI init
2026-02-05T15:32:36.959894+07:00 LAPTOP-6OTU1RGQ kernel: pnp: PnP ACPI: found 1 devices
2026-02-05T15:32:36.959894+07:00 LAPTOP-6OTU1RGQ kernel: clocksource: acpi_pm: mask: 0xffffff max_cycles: 0xffffff, max_idle_ns: 2085701024 ns
2026-02-05T15:32:36.959895+07:00 LAPTOP-6OTU1RGQ kernel: NET: Registered PF_INET protocol family
2026-02-05T15:32:36.959895+07:00 LAPTOP-6OTU1RGQ kernel: IP idents hash table entries: 262144 (order: 9, 2097152 bytes, linear)
2026-02-05T15:32:36.959895+07:00 LAPTOP-6OTU1RGQ kernel: tcp_listen_portaddr_hash hash table entries: 8192 (order: 5, 131072 bytes, linear)
2026-02-05T15:32:36.959940+07:00 LAPTOP-6OTU1RGQ kernel: Table-perturb hash table entries: 65536 (order: 6, 262144 bytes, linear)
2026-02-05T15:32:36.959943+07:00 LAPTOP-6OTU1RGQ kernel: TCP established hash table entries: 131072 (order: 8, 1048576 bytes, linear)
2026-02-05T15:32:36.959943+07:00 LAPTOP-6OTU1RGQ kernel: TCP bind hash table entries: 65536 (order: 9, 2097152 bytes, linear)
2026-02-05T15:32:36.959943+07:00 LAPTOP-6OTU1RGQ kernel: TCP: Hash tables configured (established 131072 bind 65536)
2026-02-05T15:32:36.959943+07:00 LAPTOP-6OTU1RGQ kernel: UDP hash table entries: 8192 (order: 6, 262144 bytes, linear)
2026-02-05T15:32:36.959943+07:00 LAPTOP-6OTU1RGQ kernel: UDP-Lite hash table entries: 8192 (order: 6, 262144 bytes, linear)
2026-02-05T15:32:36.959949+07:00 LAPTOP-6OTU1RGQ kernel: NET: Registered PF_UNIX/PF_LOCAL protocol family
2026-02-05T15:32:36.959949+07:00 LAPTOP-6OTU1RGQ kernel: NET: Registered PF_XDP protocol family
2026-02-05T15:32:36.959949+07:00 LAPTOP-6OTU1RGQ kernel: PCI: CLS 0 bytes, default 64
2026-02-05T15:32:36.959949+07:00 LAPTOP-6OTU1RGQ kernel: PCI-DMA: Using software bounce buffering for IO (SWIOTLB)
2026-02-05T15:32:36.959950+07:00 LAPTOP-6OTU1RGQ kernel: software IO TLB: mapped [mem 0x00000000f4000000-0x00000000f8000000] (64MB)
2026-02-05T15:32:36.959950+07:00 LAPTOP-6OTU1RGQ kernel: Trying to unpack rootfs image as initramfs...
2026-02-05T15:32:36.959951+07:00 LAPTOP-6OTU1RGQ kernel: Freeing initrd memory: 2672K
2026-02-05T15:32:36.959952+07:00 LAPTOP-6OTU1RGQ kernel: clocksource: tsc: mask: 0xffffffffffffffff max_cycles: 0x398c58f3ad9, max_idle_ns: 881590744025 ns
2026-02-05T15:32:36.959952+07:00 LAPTOP-6OTU1RGQ kernel: clocksource: Switched to clocksource tsc
2026-02-05T15:32:36.959952+07:00 LAPTOP-6OTU1RGQ kernel: Initialise system trusted keyrings
2026-02-05T15:32:36.959952+07:00 LAPTOP-6OTU1RGQ kernel: Key type blacklist registered
2026-02-05T15:32:36.959952+07:00 LAPTOP-6OTU1RGQ kernel: workingset: timestamp_bits=36 max_order=22 bucket_order=0
2026-02-05T15:32:36.959952+07:00 LAPTOP-6OTU1RGQ kernel: squashfs: version 4.0 (2009/01/31) Phillip Lougher
2026-02-05T15:32:36.959955+07:00 LAPTOP-6OTU1RGQ kernel: fuse: init (API version 7.39)
2026-02-05T15:32:36.959955+07:00 LAPTOP-6OTU1RGQ kernel: SGI XFS with ACLs, security attributes, realtime, verbose warnings, quota, no debug enabled
2026-02-05T15:32:36.959956+07:00 LAPTOP-6OTU1RGQ kernel: 9p: Installing v9fs 9p2000 file system support
2026-02-05T15:32:36.959956+07:00 LAPTOP-6OTU1RGQ kernel: Key type asymmetric registered
2026-02-05T15:32:36.959956+07:00 LAPTOP-6OTU1RGQ kernel: Asymmetric key parser 'x509' registered
2026-02-05T15:32:36.959956+07:00 LAPTOP-6OTU1RGQ kernel: Block layer SCSI generic (bsg) driver version 0.4 loaded (major 245)
2026-02-05T15:32:36.959957+07:00 LAPTOP-6OTU1RGQ kernel: io scheduler mq-deadline registered
2026-02-05T15:32:36.959957+07:00 LAPTOP-6OTU1RGQ kernel: io scheduler kyber registered
2026-02-05T15:32:36.959958+07:00 LAPTOP-6OTU1RGQ kernel: hv_vmbus: registering driver hv_pci
2026-02-05T15:32:36.959959+07:00 LAPTOP-6OTU1RGQ kernel: hv_pci c4b741f5-5582-4c98-8f8b-2e082933c396: PCI VMBus probing: Using version 0x10004
2026-02-05T15:32:36.959959+07:00 LAPTOP-6OTU1RGQ kernel: hv_pci c4b741f5-5582-4c98-8f8b-2e082933c396: PCI host bridge to bus 5582:00
2026-02-05T15:32:36.959960+07:00 LAPTOP-6OTU1RGQ kernel: pci_bus 5582:00: root bus resource [mem 0x9ffe00000-0x9ffe02fff window]
2026-02-05T15:32:36.959960+07:00 LAPTOP-6OTU1RGQ kernel: pci_bus 5582:00: No busn resource found for root bus, will use [bus 00-ff]
2026-02-05T15:32:36.959962+07:00 LAPTOP-6OTU1RGQ kernel: pci 5582:00:00.0: [1af4:1043] type 00 class 0x010000
2026-02-05T15:32:36.959962+07:00 LAPTOP-6OTU1RGQ kernel: pci 5582:00:00.0: reg 0x10: [mem 0x9ffe00000-0x9ffe00fff 64bit]
2026-02-05T15:32:36.959963+07:00 LAPTOP-6OTU1RGQ kernel: pci 5582:00:00.0: reg 0x18: [mem 0x9ffe01000-0x9ffe01fff 64bit]
2026-02-05T15:32:36.959963+07:00 LAPTOP-6OTU1RGQ kernel: pci 5582:00:00.0: reg 0x20: [mem 0x9ffe02000-0x9ffe02fff 64bit]
2026-02-05T15:32:36.959963+07:00 LAPTOP-6OTU1RGQ kernel: pci_bus 5582:00: busn_res: [bus 00-ff] end is updated to 00
2026-02-05T15:32:36.959963+07:00 LAPTOP-6OTU1RGQ kernel: pci 5582:00:00.0: BAR 0: assigned [mem 0x9ffe00000-0x9ffe00fff 64bit]
2026-02-05T15:32:36.959967+07:00 LAPTOP-6OTU1RGQ kernel: pci 5582:00:00.0: BAR 2: assigned [mem 0x9ffe01000-0x9ffe01fff 64bit]
2026-02-05T15:32:36.959970+07:00 LAPTOP-6OTU1RGQ kernel: pci 5582:00:00.0: BAR 4: assigned [mem 0x9ffe02000-0x9ffe02fff 64bit]
2026-02-05T15:32:36.959971+07:00 LAPTOP-6OTU1RGQ kernel: hv_pci d750569d-b7c1-4ee4-8ba8-b097406e83e6: PCI VMBus probing: Using version 0x10004
2026-02-05T15:32:36.959971+07:00 LAPTOP-6OTU1RGQ kernel: hv_pci d750569d-b7c1-4ee4-8ba8-b097406e83e6: PCI host bridge to bus b7c1:00
2026-02-05T15:32:36.959972+07:00 LAPTOP-6OTU1RGQ kernel: pci_bus b7c1:00: No busn resource found for root bus, will use [bus 00-ff]
2026-02-05T15:32:36.959973+07:00 LAPTOP-6OTU1RGQ kernel: pci b7c1:00:00.0: [1414:008a] type 00 class 0x030200
2026-02-05T15:32:36.959980+07:00 LAPTOP-6OTU1RGQ kernel: pci_bus b7c1:00: busn_res: [bus 00-ff] end is updated to 00
2026-02-05T15:32:36.959983+07:00 LAPTOP-6OTU1RGQ kernel: ioatdma: Intel(R) QuickData Technology Driver 5.00
2026-02-05T15:32:36.960010+07:00 LAPTOP-6OTU1RGQ kernel: virtio-pci 5582:00:00.0: enabling device (0000 -> 0002)
2026-02-05T15:32:36.960012+07:00 LAPTOP-6OTU1RGQ kernel: Serial: 8250/16550 driver, 8 ports, IRQ sharing enabled
2026-02-05T15:32:36.960012+07:00 LAPTOP-6OTU1RGQ kernel: Linux agpgart interface v0.103
2026-02-05T15:32:36.960013+07:00 LAPTOP-6OTU1RGQ kernel: AMD-Vi: AMD IOMMUv2 functionality not available on this system - This is not a bug.
2026-02-05T15:32:36.960014+07:00 LAPTOP-6OTU1RGQ kernel: ACPI: bus type drm_connector registered
2026-02-05T15:32:36.960021+07:00 LAPTOP-6OTU1RGQ kernel: printk: console [hvc0] enabled
2026-02-05T15:32:36.960022+07:00 LAPTOP-6OTU1RGQ kernel: brd: module loaded
2026-02-05T15:32:36.960022+07:00 LAPTOP-6OTU1RGQ kernel: loop: module loaded
2026-02-05T15:32:36.960022+07:00 LAPTOP-6OTU1RGQ kernel: Loading iSCSI transport class v2.0-870.
2026-02-05T15:32:36.960022+07:00 LAPTOP-6OTU1RGQ kernel: rdac: device handler registered
2026-02-05T15:32:36.960023+07:00 LAPTOP-6OTU1RGQ kernel: Microchip SmartPQI Driver (v2.1.24-046)
2026-02-05T15:32:36.960025+07:00 LAPTOP-6OTU1RGQ kernel: VMware PVSCSI driver - version 1.0.7.0-k
2026-02-05T15:32:36.960025+07:00 LAPTOP-6OTU1RGQ kernel: hv_vmbus: registering driver hv_storvsc
2026-02-05T15:32:36.960025+07:00 LAPTOP-6OTU1RGQ kernel: PPP generic driver version 2.4.2
2026-02-05T15:32:36.960025+07:00 LAPTOP-6OTU1RGQ kernel: VMware vmxnet3 virtual NIC driver - version 1.7.0.0-k-NAPI
2026-02-05T15:32:36.960026+07:00 LAPTOP-6OTU1RGQ kernel: scsi host0: storvsc_host_t
2026-02-05T15:32:36.960029+07:00 LAPTOP-6OTU1RGQ kernel: hv_vmbus: registering driver hv_netvsc
2026-02-05T15:32:36.960029+07:00 LAPTOP-6OTU1RGQ kernel: Fusion MPT base driver 3.04.20
2026-02-05T15:32:36.960031+07:00 LAPTOP-6OTU1RGQ kernel: Copyright (c) 1999-2008 LSI Corporation
2026-02-05T15:32:36.960031+07:00 LAPTOP-6OTU1RGQ kernel: Fusion MPT SPI Host driver 3.04.20
2026-02-05T15:32:36.960031+07:00 LAPTOP-6OTU1RGQ kernel: Fusion MPT SAS Host driver 3.04.20
2026-02-05T15:32:36.960032+07:00 LAPTOP-6OTU1RGQ kernel: Fusion MPT misc device (ioctl) driver 3.04.20
2026-02-05T15:32:36.960032+07:00 LAPTOP-6OTU1RGQ kernel: mptctl: Registered with Fusion MPT base driver
2026-02-05T15:32:36.960032+07:00 LAPTOP-6OTU1RGQ kernel: mptctl: /dev/mptctl @ (major,minor=10,220)
2026-02-05T15:32:36.960034+07:00 LAPTOP-6OTU1RGQ kernel: i8042: PNP: No PS/2 controller found.
2026-02-05T15:32:36.960034+07:00 LAPTOP-6OTU1RGQ kernel: hv_vmbus: registering driver hyperv_keyboard
2026-02-05T15:32:36.960034+07:00 LAPTOP-6OTU1RGQ kernel: rtc_cmos 00:00: RTC can wake from S4
2026-02-05T15:32:36.960034+07:00 LAPTOP-6OTU1RGQ kernel: rtc_cmos 00:00: registered as rtc0
2026-02-05T15:32:36.960034+07:00 LAPTOP-6OTU1RGQ kernel: rtc_cmos 00:00: setting system clock to 2026-02-05T08:32:34 UTC (1770280354)
2026-02-05T15:32:36.960035+07:00 LAPTOP-6OTU1RGQ kernel: rtc_cmos 00:00: alarms up to one month, 114 bytes nvram
2026-02-05T15:32:36.960037+07:00 LAPTOP-6OTU1RGQ kernel: device-mapper: core: CONFIG_IMA_DISABLE_HTABLE is disabled. Duplicate IMA measurements will not be recorded in the IMA log.
2026-02-05T15:32:36.960037+07:00 LAPTOP-6OTU1RGQ kernel: device-mapper: uevent: version 1.0.3
2026-02-05T15:32:36.960037+07:00 LAPTOP-6OTU1RGQ kernel: device-mapper: ioctl: 4.48.0-ioctl (2023-03-01) initialised: dm-devel@redhat.com
2026-02-05T15:32:36.960038+07:00 LAPTOP-6OTU1RGQ kernel: hv_utils: Registering HyperV Utility Driver
2026-02-05T15:32:36.960038+07:00 LAPTOP-6OTU1RGQ kernel: hv_vmbus: registering driver hv_utils
2026-02-05T15:32:36.960038+07:00 LAPTOP-6OTU1RGQ kernel: hv_vmbus: registering driver hv_balloon
2026-02-05T15:32:36.960038+07:00 LAPTOP-6OTU1RGQ kernel: hv_vmbus: registering driver dxgkrnl
2026-02-05T15:32:36.960057+07:00 LAPTOP-6OTU1RGQ kernel: hv_utils: TimeSync IC version 4.0
2026-02-05T15:32:36.960060+07:00 LAPTOP-6OTU1RGQ kernel: hv_balloon: Using Dynamic Memory protocol version 2.0
2026-02-05T15:32:36.960060+07:00 LAPTOP-6OTU1RGQ kernel: Free page reporting enabled
2026-02-05T15:32:36.960061+07:00 LAPTOP-6OTU1RGQ kernel: drop_monitor: Initializing network drop monitor service
2026-02-05T15:32:36.960061+07:00 LAPTOP-6OTU1RGQ kernel: hv_balloon: Cold memory discard hint enabled with order 9
2026-02-05T15:32:36.960061+07:00 LAPTOP-6OTU1RGQ kernel: NET: Registered PF_INET6 protocol family
2026-02-05T15:32:36.960067+07:00 LAPTOP-6OTU1RGQ kernel: Segment Routing with IPv6
2026-02-05T15:32:36.960068+07:00 LAPTOP-6OTU1RGQ kernel: In-situ OAM (IOAM) with IPv6
2026-02-05T15:32:36.960068+07:00 LAPTOP-6OTU1RGQ kernel: NET: Registered PF_PACKET protocol family
2026-02-05T15:32:36.960068+07:00 LAPTOP-6OTU1RGQ kernel: 9pnet: Installing 9P2000 support
2026-02-05T15:32:36.960068+07:00 LAPTOP-6OTU1RGQ kernel: NET: Registered PF_VSOCK protocol family
2026-02-05T15:32:36.960068+07:00 LAPTOP-6OTU1RGQ kernel: hv_vmbus: registering driver hv_sock
2026-02-05T15:32:36.960070+07:00 LAPTOP-6OTU1RGQ kernel: IPI shorthand broadcast: enabled
2026-02-05T15:32:36.960071+07:00 LAPTOP-6OTU1RGQ kernel: AVX2 version of gcm_enc/dec engaged.
2026-02-05T15:32:36.960071+07:00 LAPTOP-6OTU1RGQ kernel: AES CTR mode by8 optimization enabled
2026-02-05T15:32:36.960072+07:00 LAPTOP-6OTU1RGQ kernel: sched_clock: Marking stable (360156805, 409838)->(382845671, -22279028)
2026-02-05T15:32:36.960072+07:00 LAPTOP-6OTU1RGQ kernel: registered taskstats version 1
2026-02-05T15:32:36.960072+07:00 LAPTOP-6OTU1RGQ kernel: Loading compiled-in X.509 certificates
2026-02-05T15:32:36.960072+07:00 LAPTOP-6OTU1RGQ kernel: ima: No TPM chip found, activating TPM-bypass!
2026-02-05T15:32:36.960111+07:00 LAPTOP-6OTU1RGQ kernel: ima: Allocated hash algorithm: sha256
2026-02-05T15:32:36.960113+07:00 LAPTOP-6OTU1RGQ kernel: ima: No architecture policies found
2026-02-05T15:32:36.960114+07:00 LAPTOP-6OTU1RGQ kernel: RAS: Correctable Errors collector initialized.
2026-02-05T15:32:36.960114+07:00 LAPTOP-6OTU1RGQ kernel: clk: Disabling unused clocks
2026-02-05T15:32:36.960114+07:00 LAPTOP-6OTU1RGQ kernel: Freeing unused decrypted memory: 2028K
2026-02-05T15:32:36.960114+07:00 LAPTOP-6OTU1RGQ kernel: Freeing unused kernel image (initmem) memory: 4492K
2026-02-05T15:32:36.960121+07:00 LAPTOP-6OTU1RGQ kernel: Write protecting the kernel read-only data: 34816k
2026-02-05T15:32:36.960121+07:00 LAPTOP-6OTU1RGQ kernel: Freeing unused kernel image (rodata/data gap) memory: 840K
2026-02-05T15:32:36.960121+07:00 LAPTOP-6OTU1RGQ kernel: Run /init as init process
2026-02-05T15:32:36.960122+07:00 LAPTOP-6OTU1RGQ kernel:   with arguments:
2026-02-05T15:32:36.960122+07:00 LAPTOP-6OTU1RGQ kernel:     /init
2026-02-05T15:32:36.960122+07:00 LAPTOP-6OTU1RGQ kernel:   with environment:
2026-02-05T15:32:36.960122+07:00 LAPTOP-6OTU1RGQ kernel:     HOME=/
2026-02-05T15:32:36.960125+07:00 LAPTOP-6OTU1RGQ kernel:     TERM=linux
2026-02-05T15:32:36.960125+07:00 LAPTOP-6OTU1RGQ kernel:     WSL_ROOT_INIT=1
2026-02-05T15:32:36.960129+07:00 LAPTOP-6OTU1RGQ kernel:     WSL_ENABLE_CRASH_DUMP=1
2026-02-05T15:32:36.960129+07:00 LAPTOP-6OTU1RGQ kernel: hv_vmbus: Unknown GUID: 6e382d18-3336-4f4b-acc4-2b7703d4df4a
2026-02-05T15:32:36.960129+07:00 LAPTOP-6OTU1RGQ kernel: hv_pci 076821de-55f2-4e37-8e47-c084c9a680c4: PCI VMBus probing: Using version 0x10004
2026-02-05T15:32:36.960129+07:00 LAPTOP-6OTU1RGQ kernel: hv_pci 076821de-55f2-4e37-8e47-c084c9a680c4: PCI host bridge to bus 55f2:00
2026-02-05T15:32:36.960131+07:00 LAPTOP-6OTU1RGQ kernel: pci_bus 55f2:00: No busn resource found for root bus, will use [bus 00-ff]
2026-02-05T15:32:36.960131+07:00 LAPTOP-6OTU1RGQ kernel: pci 55f2:00:00.0: [1414:008e] type 00 class 0x030200
2026-02-05T15:32:36.960131+07:00 LAPTOP-6OTU1RGQ kernel: scsi 0:0:0:0: Direct-Access     Msft     Virtual Disk     1.0  PQ: 0 ANSI: 5
2026-02-05T15:32:36.960131+07:00 LAPTOP-6OTU1RGQ kernel: pci_bus 55f2:00: busn_res: [bus 00-ff] end is updated to 00
2026-02-05T15:32:36.960131+07:00 LAPTOP-6OTU1RGQ kernel: hv_vmbus: Unknown GUID: 6e382d18-3336-4f4b-acc4-2b7703d4df4a
2026-02-05T15:32:36.960132+07:00 LAPTOP-6OTU1RGQ kernel: hv_pci 66765d38-0107-44e3-8f30-fd714d912ed6: PCI VMBus probing: Using version 0x10004
2026-02-05T15:32:36.960133+07:00 LAPTOP-6OTU1RGQ kernel: scsi 0:0:0:1: Direct-Access     Msft     Virtual Disk     1.0  PQ: 0 ANSI: 5
2026-02-05T15:32:36.960133+07:00 LAPTOP-6OTU1RGQ kernel: hv_pci 66765d38-0107-44e3-8f30-fd714d912ed6: PCI host bridge to bus 0107:00
2026-02-05T15:32:36.960133+07:00 LAPTOP-6OTU1RGQ kernel: pci_bus 0107:00: No busn resource found for root bus, will use [bus 00-ff]
2026-02-05T15:32:36.960133+07:00 LAPTOP-6OTU1RGQ kernel: pci 0107:00:00.0: [1414:008e] type 00 class 0x030200
2026-02-05T15:32:36.960133+07:00 LAPTOP-6OTU1RGQ kernel: pci_bus 0107:00: busn_res: [bus 00-ff] end is updated to 00
2026-02-05T15:32:36.960133+07:00 LAPTOP-6OTU1RGQ kernel: sd 0:0:0:0: Attached scsi generic sg0 type 0
2026-02-05T15:32:36.960134+07:00 LAPTOP-6OTU1RGQ kernel: sd 0:0:0:0: [sda] 795536 512-byte logical blocks: (407 MB/388 MiB)
2026-02-05T15:32:36.960135+07:00 LAPTOP-6OTU1RGQ kernel: sd 0:0:0:1: Attached scsi generic sg1 type 0
2026-02-05T15:32:36.960135+07:00 LAPTOP-6OTU1RGQ kernel: sd 0:0:0:1: [sdb] 381016 512-byte logical blocks: (195 MB/186 MiB)
2026-02-05T15:32:36.960135+07:00 LAPTOP-6OTU1RGQ kernel: sd 0:0:0:0: [sda] Write Protect is on
2026-02-05T15:32:36.960135+07:00 LAPTOP-6OTU1RGQ kernel: sd 0:0:0:0: [sda] Mode Sense: 0f 00 80 00
2026-02-05T15:32:36.960136+07:00 LAPTOP-6OTU1RGQ kernel: sd 0:0:0:0: [sda] Write cache: disabled, read cache: enabled, doesn't support DPO or FUA
2026-02-05T15:32:36.960136+07:00 LAPTOP-6OTU1RGQ kernel: sd 0:0:0:0: [sda] Attached SCSI disk
2026-02-05T15:32:36.960137+07:00 LAPTOP-6OTU1RGQ kernel: sd 0:0:0:1: [sdb] Write Protect is on
2026-02-05T15:32:36.960137+07:00 LAPTOP-6OTU1RGQ kernel: sd 0:0:0:1: [sdb] Mode Sense: 0f 00 80 00
2026-02-05T15:32:36.960137+07:00 LAPTOP-6OTU1RGQ kernel: sd 0:0:0:1: [sdb] Write cache: disabled, read cache: enabled, doesn't support DPO or FUA
2026-02-05T15:32:36.960138+07:00 LAPTOP-6OTU1RGQ kernel: sd 0:0:0:1: [sdb] Attached SCSI disk
2026-02-05T15:32:36.960138+07:00 LAPTOP-6OTU1RGQ kernel: scsi 0:0:0:2: Direct-Access     Msft     Virtual Disk     1.0  PQ: 0 ANSI: 5
2026-02-05T15:32:36.960138+07:00 LAPTOP-6OTU1RGQ kernel: sd 0:0:0:2: Attached scsi generic sg2 type 0
2026-02-05T15:32:36.960138+07:00 LAPTOP-6OTU1RGQ kernel: sd 0:0:0:2: [sdc] 8388616 512-byte logical blocks: (4.29 GB/4.00 GiB)
2026-02-05T15:32:36.960139+07:00 LAPTOP-6OTU1RGQ kernel: sd 0:0:0:2: [sdc] 4096-byte physical blocks
2026-02-05T15:32:36.960139+07:00 LAPTOP-6OTU1RGQ kernel: sd 0:0:0:2: [sdc] Write Protect is off
2026-02-05T15:32:36.960140+07:00 LAPTOP-6OTU1RGQ kernel: sd 0:0:0:2: [sdc] Mode Sense: 0f 00 00 00
2026-02-05T15:32:36.960140+07:00 LAPTOP-6OTU1RGQ kernel: sd 0:0:0:2: [sdc] Write cache: enabled, read cache: enabled, doesn't support DPO or FUA
2026-02-05T15:32:36.960140+07:00 LAPTOP-6OTU1RGQ kernel: sd 0:0:0:2: [sdc] Attached SCSI disk
2026-02-05T15:32:36.960140+07:00 LAPTOP-6OTU1RGQ kernel: EXT4-fs (sda): mounted filesystem 00000000-0000-0000-0000-000000000000 ro without journal. Quota mode: none.
2026-02-05T15:32:36.960142+07:00 LAPTOP-6OTU1RGQ kernel: EXT4-fs (sdb): mounted filesystem 00000000-0000-0000-0000-000000000000 ro without journal. Quota mode: none.
2026-02-05T15:32:36.960142+07:00 LAPTOP-6OTU1RGQ kernel: tun: Universal TUN/TAP device driver, 1.6
2026-02-05T15:32:36.960142+07:00 LAPTOP-6OTU1RGQ kernel: Adding 4194304k swap on /dev/sdc.  Priority:-2 extents:1 across:4194304k 
2026-02-05T15:32:36.960144+07:00 LAPTOP-6OTU1RGQ kernel: bridge: filtering via arp/ip/ip6tables is no longer available by default. Update your scripts to load br_netfilter if you need this.
2026-02-05T15:32:36.960144+07:00 LAPTOP-6OTU1RGQ kernel: Bridge firewalling registered
2026-02-05T15:32:36.960144+07:00 LAPTOP-6OTU1RGQ kernel: hv_pci fe588d2e-6dcc-4827-b0f0-db82d373a962: PCI VMBus probing: Using version 0x10004
2026-02-05T15:32:36.960145+07:00 LAPTOP-6OTU1RGQ kernel: hv_pci fe588d2e-6dcc-4827-b0f0-db82d373a962: PCI host bridge to bus 6dcc:00
2026-02-05T15:32:36.960146+07:00 LAPTOP-6OTU1RGQ kernel: pci_bus 6dcc:00: root bus resource [mem 0xc00000000-0xe00001fff window]
2026-02-05T15:32:36.960146+07:00 LAPTOP-6OTU1RGQ kernel: pci_bus 6dcc:00: No busn resource found for root bus, will use [bus 00-ff]
2026-02-05T15:32:36.960146+07:00 LAPTOP-6OTU1RGQ kernel: pci 6dcc:00:00.0: [1af4:105a] type 00 class 0x088000
2026-02-05T15:32:36.960147+07:00 LAPTOP-6OTU1RGQ kernel: pci 6dcc:00:00.0: reg 0x10: [mem 0xe00000000-0xe00000fff 64bit]
2026-02-05T15:32:36.960160+07:00 LAPTOP-6OTU1RGQ kernel: pci 6dcc:00:00.0: reg 0x18: [mem 0xe00001000-0xe00001fff 64bit]
2026-02-05T15:32:36.960162+07:00 LAPTOP-6OTU1RGQ kernel: pci 6dcc:00:00.0: reg 0x20: [mem 0xc00000000-0xdffffffff 64bit]
2026-02-05T15:32:36.960163+07:00 LAPTOP-6OTU1RGQ kernel: pci_bus 6dcc:00: busn_res: [bus 00-ff] end is updated to 00
2026-02-05T15:32:36.960164+07:00 LAPTOP-6OTU1RGQ kernel: pci 6dcc:00:00.0: BAR 4: assigned [mem 0xc00000000-0xdffffffff 64bit]
2026-02-05T15:32:36.960164+07:00 LAPTOP-6OTU1RGQ kernel: pci 6dcc:00:00.0: BAR 0: assigned [mem 0xe00000000-0xe00000fff 64bit]
2026-02-05T15:32:36.960164+07:00 LAPTOP-6OTU1RGQ kernel: pci 6dcc:00:00.0: BAR 2: assigned [mem 0xe00001000-0xe00001fff 64bit]
2026-02-05T15:32:36.960164+07:00 LAPTOP-6OTU1RGQ kernel: virtio-pci 6dcc:00:00.0: enabling device (0000 -> 0002)
2026-02-05T15:32:36.960164+07:00 LAPTOP-6OTU1RGQ kernel: virtiofs virtio1: Cache len: 0x200000000 @ 0xc00000000
2026-02-05T15:32:36.960166+07:00 LAPTOP-6OTU1RGQ kernel: scsi 0:0:0:3: Direct-Access     Msft     Virtual Disk     1.0  PQ: 0 ANSI: 5
2026-02-05T15:32:36.960167+07:00 LAPTOP-6OTU1RGQ kernel: sd 0:0:0:3: Attached scsi generic sg3 type 0
2026-02-05T15:32:36.960167+07:00 LAPTOP-6OTU1RGQ kernel: sd 0:0:0:3: [sdd] 2147483648 512-byte logical blocks: (1.10 TB/1.00 TiB)
2026-02-05T15:32:36.960167+07:00 LAPTOP-6OTU1RGQ kernel: sd 0:0:0:3: [sdd] 4096-byte physical blocks
2026-02-05T15:32:36.960167+07:00 LAPTOP-6OTU1RGQ kernel: sd 0:0:0:3: [sdd] Write Protect is off
2026-02-05T15:32:36.960168+07:00 LAPTOP-6OTU1RGQ kernel: sd 0:0:0:3: [sdd] Mode Sense: 0f 00 00 00
2026-02-05T15:32:36.960169+07:00 LAPTOP-6OTU1RGQ kernel: sd 0:0:0:3: [sdd] Write cache: enabled, read cache: enabled, doesn't support DPO or FUA
2026-02-05T15:32:36.960170+07:00 LAPTOP-6OTU1RGQ kernel: sd 0:0:0:3: [sdd] Attached SCSI disk
2026-02-05T15:32:36.960170+07:00 LAPTOP-6OTU1RGQ kernel: EXT4-fs (sdd): mounted filesystem 0d10eddf-f9e8-493f-b603-175a38043c85 r/w with ordered data mode. Quota mode: none.
2026-02-05T15:32:36.960170+07:00 LAPTOP-6OTU1RGQ kernel: pulseaudio[363]: memfd_create() called without MFD_EXEC or MFD_NOEXEC_SEAL set
2026-02-05T15:32:36.960170+07:00 LAPTOP-6OTU1RGQ kernel: misc dxg: dxgk: dxgkio_is_feature_enabled: Ioctl failed: -22
2026-02-05T15:32:36.960171+07:00 LAPTOP-6OTU1RGQ kernel: misc dxg: dxgk: dxgkio_query_adapter_info: Ioctl failed: -1
2026-02-05T15:32:36.960172+07:00 LAPTOP-6OTU1RGQ kernel: misc dxg: dxgk: dxgkio_query_adapter_info: Ioctl failed: -22
2026-02-05T15:32:36.960177+07:00 LAPTOP-6OTU1RGQ kernel: message repeated 4 times: [ misc dxg: dxgk: dxgkio_query_adapter_info: Ioctl failed: -22]
2026-02-05T15:32:36.960177+07:00 LAPTOP-6OTU1RGQ kernel: misc dxg: dxgk: dxgkio_query_adapter_info: Ioctl failed: -2
2026-02-05T15:32:36.960180+07:00 LAPTOP-6OTU1RGQ kernel: misc dxg: dxgk: dxgkio_query_adapter_info: Ioctl failed: -22
2026-02-05T15:32:36.960184+07:00 LAPTOP-6OTU1RGQ kernel: message repeated 2 times: [ misc dxg: dxgk: dxgkio_query_adapter_info: Ioctl failed: -22]
2026-02-05T15:32:36.960185+07:00 LAPTOP-6OTU1RGQ kernel: misc dxg: dxgk: dxgkio_query_adapter_info: Ioctl failed: -2
2026-02-05T15:32:36.960195+07:00 LAPTOP-6OTU1RGQ kernel: misc dxg: dxgk: dxgkio_query_adapter_info: Ioctl failed: -22
2026-02-05T15:32:36.960196+07:00 LAPTOP-6OTU1RGQ kernel: message repeated 2 times: [ misc dxg: dxgk: dxgkio_query_adapter_info: Ioctl failed: -22]
2026-02-05T15:32:36.960198+07:00 LAPTOP-6OTU1RGQ kernel: misc dxg: dxgk: dxgkio_query_adapter_info: Ioctl failed: -2
2026-02-05T15:32:36.960240+07:00 LAPTOP-6OTU1RGQ kernel: ACPI: AC: AC Adapter [AC1] (off-line)
2026-02-05T15:32:36.960243+07:00 LAPTOP-6OTU1RGQ kernel: ACPI: battery: Slot [BAT1] (battery present)
2026-02-05T15:32:36.960243+07:00 LAPTOP-6OTU1RGQ kernel: kvm_amd: TSC scaling supported
2026-02-05T15:32:36.960243+07:00 LAPTOP-6OTU1RGQ kernel: kvm_amd: Nested Virtualization enabled
2026-02-05T15:32:36.960243+07:00 LAPTOP-6OTU1RGQ kernel: kvm_amd: Nested Paging enabled
2026-02-05T15:32:36.960244+07:00 LAPTOP-6OTU1RGQ kernel: kvm_amd: kvm_amd: Hyper-V enlightened NPT TLB flush enabled
2026-02-05T15:32:36.960250+07:00 LAPTOP-6OTU1RGQ kernel: kvm_amd: kvm_amd: Hyper-V Direct TLB Flush enabled
2026-02-05T15:32:36.960250+07:00 LAPTOP-6OTU1RGQ kernel: kvm_amd: Virtual VMLOAD VMSAVE supported
2026-02-05T15:33:22.883564+07:00 LAPTOP-6OTU1RGQ kernel: hv_balloon: Max. dynamic memory size: 15932 MB
2026-02-05T16:48:24.334889+07:00 LAPTOP-6OTU1RGQ kernel: Linux version 6.6.87.2-microsoft-standard-WSL2 (root@439a258ad544) (gcc (GCC) 11.2.0, GNU ld (GNU Binutils) 2.37) #1 SMP PREEMPT_DYNAMIC Thu Jun  5 18:30:46 UTC 2025
2026-02-05T16:48:24.335160+07:00 LAPTOP-6OTU1RGQ kernel: Command line: initrd=\initrd.img WSL_ROOT_INIT=1 panic=-1 nr_cpus=24 hv_utils.timesync_implicit=1 console=hvc0 debug pty.legacy_count=0 WSL_ENABLE_CRASH_DUMP=1
2026-02-05T16:48:24.335172+07:00 LAPTOP-6OTU1RGQ kernel: KERNEL supported cpus:
2026-02-05T16:48:24.335174+07:00 LAPTOP-6OTU1RGQ kernel:   Intel GenuineIntel
2026-02-05T16:48:24.335174+07:00 LAPTOP-6OTU1RGQ kernel:   AMD AuthenticAMD
2026-02-05T16:48:24.335175+07:00 LAPTOP-6OTU1RGQ kernel: BIOS-provided physical RAM map:
2026-02-05T16:48:24.335176+07:00 LAPTOP-6OTU1RGQ kernel: BIOS-e820: [mem 0x0000000000000000-0x000000000009ffff] usable
2026-02-05T16:48:24.335187+07:00 LAPTOP-6OTU1RGQ kernel: BIOS-e820: [mem 0x00000000000e0000-0x00000000000e0fff] reserved
2026-02-05T16:48:24.335309+07:00 LAPTOP-6OTU1RGQ kernel: BIOS-e820: [mem 0x0000000000100000-0x00000000001fffff] ACPI data
2026-02-05T16:48:24.335312+07:00 LAPTOP-6OTU1RGQ kernel: BIOS-e820: [mem 0x0000000000200000-0x00000000f7ffffff] usable
2026-02-05T16:48:24.335313+07:00 LAPTOP-6OTU1RGQ kernel: BIOS-e820: [mem 0x0000000100000000-0x00000003ebbfffff] usable
2026-02-05T16:48:24.335313+07:00 LAPTOP-6OTU1RGQ kernel: NX (Execute Disable) protection: active
2026-02-05T16:48:24.335313+07:00 LAPTOP-6OTU1RGQ kernel: APIC: Static calls initialized
2026-02-05T16:48:24.335314+07:00 LAPTOP-6OTU1RGQ kernel: DMI not present or invalid.
2026-02-05T16:48:24.335319+07:00 LAPTOP-6OTU1RGQ kernel: Hypervisor detected: Microsoft Hyper-V
2026-02-05T16:48:24.335319+07:00 LAPTOP-6OTU1RGQ kernel: Hyper-V: privilege flags low 0xae7f, high 0x3b8030, hints 0x900c2c, misc 0xe4bed7b6
2026-02-05T16:48:24.335319+07:00 LAPTOP-6OTU1RGQ kernel: Hyper-V: Nested features: 0x4a0000
2026-02-05T16:48:24.335319+07:00 LAPTOP-6OTU1RGQ kernel: Hyper-V: LAPIC Timer Frequency: 0xc3500
2026-02-05T16:48:24.335320+07:00 LAPTOP-6OTU1RGQ kernel: Hyper-V: Using hypercall for remote TLB flush
2026-02-05T16:48:24.335320+07:00 LAPTOP-6OTU1RGQ kernel: clocksource: hyperv_clocksource_tsc_page: mask: 0xffffffffffffffff max_cycles: 0x24e6a1710, max_idle_ns: 440795202120 ns
2026-02-05T16:48:24.335323+07:00 LAPTOP-6OTU1RGQ kernel: clocksource: hyperv_clocksource_msr: mask: 0xffffffffffffffff max_cycles: 0x24e6a1710, max_idle_ns: 440795202120 ns
2026-02-05T16:48:24.335324+07:00 LAPTOP-6OTU1RGQ kernel: tsc: Detected 1996.204 MHz processor
2026-02-05T16:48:24.335324+07:00 LAPTOP-6OTU1RGQ kernel: e820: update [mem 0x00000000-0x00000fff] usable ==> reserved
2026-02-05T16:48:24.335324+07:00 LAPTOP-6OTU1RGQ kernel: e820: remove [mem 0x000a0000-0x000fffff] usable
2026-02-05T16:48:24.335324+07:00 LAPTOP-6OTU1RGQ kernel: last_pfn = 0x3ebc00 max_arch_pfn = 0x400000000
2026-02-05T16:48:24.335324+07:00 LAPTOP-6OTU1RGQ kernel: MTRR map: 5 entries (4 fixed + 1 variable; max 20), built from 8 variable MTRRs
2026-02-05T16:48:24.335325+07:00 LAPTOP-6OTU1RGQ kernel: x86/PAT: Configuration [0-7]: WB  WC  UC- UC  WB  WP  UC- WT  
2026-02-05T16:48:24.335325+07:00 LAPTOP-6OTU1RGQ kernel: last_pfn = 0xf8000 max_arch_pfn = 0x400000000
2026-02-05T16:48:24.335326+07:00 LAPTOP-6OTU1RGQ kernel: Using GB pages for direct mapping
2026-02-05T16:48:24.335326+07:00 LAPTOP-6OTU1RGQ kernel: RAMDISK: [mem 0x04be4000-0x04e7ffff]
2026-02-05T16:48:24.335326+07:00 LAPTOP-6OTU1RGQ kernel: ACPI: Early table checksum verification disabled
2026-02-05T16:48:24.335326+07:00 LAPTOP-6OTU1RGQ kernel: ACPI: RSDP 0x00000000000E0000 000024 (v02 VRTUAL)
2026-02-05T16:48:24.335327+07:00 LAPTOP-6OTU1RGQ kernel: ACPI: XSDT 0x0000000000100000 000044 (v01 VRTUAL MICROSFT 00000001 MSFT 00000001)
2026-02-05T16:48:24.335327+07:00 LAPTOP-6OTU1RGQ kernel: ACPI: FACP 0x0000000000101000 000114 (v06 VRTUAL MICROSFT 00000001 MSFT 00000001)
2026-02-05T16:48:24.335328+07:00 LAPTOP-6OTU1RGQ kernel: ACPI: DSDT 0x00000000001011B8 01E11C (v02 MSFTVM DSDT01   00000001 INTL 20230628)
2026-02-05T16:48:24.335328+07:00 LAPTOP-6OTU1RGQ kernel: ACPI: FACS 0x0000000000101114 000040
2026-02-05T16:48:24.335328+07:00 LAPTOP-6OTU1RGQ kernel: ACPI: OEM0 0x0000000000101154 000064 (v01 VRTUAL MICROSFT 00000001 MSFT 00000001)
2026-02-05T16:48:24.335328+07:00 LAPTOP-6OTU1RGQ kernel: ACPI: SRAT 0x000000000011F2D4 000430 (v02 VRTUAL MICROSFT 00000001 MSFT 00000001)
2026-02-05T16:48:24.335328+07:00 LAPTOP-6OTU1RGQ kernel: ACPI: APIC 0x000000000011F704 000108 (v04 VRTUAL MICROSFT 00000001 MSFT 00000001)
2026-02-05T16:48:24.335329+07:00 LAPTOP-6OTU1RGQ kernel: ACPI: Reserving FACP table memory at [mem 0x101000-0x101113]
2026-02-05T16:48:24.335330+07:00 LAPTOP-6OTU1RGQ kernel: ACPI: Reserving DSDT table memory at [mem 0x1011b8-0x11f2d3]
2026-02-05T16:48:24.335330+07:00 LAPTOP-6OTU1RGQ kernel: ACPI: Reserving FACS table memory at [mem 0x101114-0x101153]
2026-02-05T16:48:24.335330+07:00 LAPTOP-6OTU1RGQ kernel: ACPI: Reserving OEM0 table memory at [mem 0x101154-0x1011b7]
2026-02-05T16:48:24.335330+07:00 LAPTOP-6OTU1RGQ kernel: ACPI: Reserving SRAT table memory at [mem 0x11f2d4-0x11f703]
2026-02-05T16:48:24.335330+07:00 LAPTOP-6OTU1RGQ kernel: ACPI: Reserving APIC table memory at [mem 0x11f704-0x11f80b]
2026-02-05T16:48:24.335331+07:00 LAPTOP-6OTU1RGQ kernel: SRAT: PXM 0 -> APIC 0x00 -> Node 0
2026-02-05T16:48:24.335331+07:00 LAPTOP-6OTU1RGQ kernel: SRAT: PXM 0 -> APIC 0x01 -> Node 0
2026-02-05T16:48:24.335332+07:00 LAPTOP-6OTU1RGQ kernel: SRAT: PXM 0 -> APIC 0x02 -> Node 0
2026-02-05T16:48:24.335332+07:00 LAPTOP-6OTU1RGQ kernel: SRAT: PXM 0 -> APIC 0x03 -> Node 0
2026-02-05T16:48:24.335332+07:00 LAPTOP-6OTU1RGQ kernel: SRAT: PXM 0 -> APIC 0x04 -> Node 0
2026-02-05T16:48:24.335332+07:00 LAPTOP-6OTU1RGQ kernel: SRAT: PXM 0 -> APIC 0x05 -> Node 0
2026-02-05T16:48:24.335332+07:00 LAPTOP-6OTU1RGQ kernel: SRAT: PXM 0 -> APIC 0x06 -> Node 0
2026-02-05T16:48:24.335333+07:00 LAPTOP-6OTU1RGQ kernel: SRAT: PXM 0 -> APIC 0x07 -> Node 0
2026-02-05T16:48:24.335333+07:00 LAPTOP-6OTU1RGQ kernel: SRAT: PXM 0 -> APIC 0x08 -> Node 0
2026-02-05T16:48:24.335334+07:00 LAPTOP-6OTU1RGQ kernel: SRAT: PXM 0 -> APIC 0x09 -> Node 0
2026-02-05T16:48:24.335334+07:00 LAPTOP-6OTU1RGQ kernel: SRAT: PXM 0 -> APIC 0x0a -> Node 0
2026-02-05T16:48:24.335334+07:00 LAPTOP-6OTU1RGQ kernel: SRAT: PXM 0 -> APIC 0x0b -> Node 0
2026-02-05T16:48:24.335334+07:00 LAPTOP-6OTU1RGQ kernel: SRAT: PXM 0 -> APIC 0x0c -> Node 0
2026-02-05T16:48:24.335335+07:00 LAPTOP-6OTU1RGQ kernel: SRAT: PXM 0 -> APIC 0x0d -> Node 0
2026-02-05T16:48:24.335335+07:00 LAPTOP-6OTU1RGQ kernel: SRAT: PXM 0 -> APIC 0x0e -> Node 0
2026-02-05T16:48:24.335335+07:00 LAPTOP-6OTU1RGQ kernel: SRAT: PXM 0 -> APIC 0x0f -> Node 0
2026-02-05T16:48:24.335336+07:00 LAPTOP-6OTU1RGQ kernel: SRAT: PXM 0 -> APIC 0x10 -> Node 0
2026-02-05T16:48:24.335336+07:00 LAPTOP-6OTU1RGQ kernel: SRAT: PXM 0 -> APIC 0x11 -> Node 0
2026-02-05T16:48:24.335336+07:00 LAPTOP-6OTU1RGQ kernel: SRAT: PXM 0 -> APIC 0x12 -> Node 0
2026-02-05T16:48:24.335337+07:00 LAPTOP-6OTU1RGQ kernel: SRAT: PXM 0 -> APIC 0x13 -> Node 0
2026-02-05T16:48:24.335337+07:00 LAPTOP-6OTU1RGQ kernel: SRAT: PXM 0 -> APIC 0x14 -> Node 0
2026-02-05T16:48:24.335337+07:00 LAPTOP-6OTU1RGQ kernel: SRAT: PXM 0 -> APIC 0x15 -> Node 0
2026-02-05T16:48:24.335337+07:00 LAPTOP-6OTU1RGQ kernel: SRAT: PXM 0 -> APIC 0x16 -> Node 0
2026-02-05T16:48:24.335337+07:00 LAPTOP-6OTU1RGQ kernel: SRAT: PXM 0 -> APIC 0x17 -> Node 0
2026-02-05T16:48:24.335338+07:00 LAPTOP-6OTU1RGQ kernel: ACPI: SRAT: Node 0 PXM 0 [mem 0x00000000-0xf7ffffff] hotplug
2026-02-05T16:48:24.335338+07:00 LAPTOP-6OTU1RGQ kernel: ACPI: SRAT: Node 0 PXM 0 [mem 0x100000000-0x3ebbfffff] hotplug
2026-02-05T16:48:24.335338+07:00 LAPTOP-6OTU1RGQ kernel: ACPI: SRAT: Node 0 PXM 0 [mem 0x3ebc00000-0x9ffdfffff] hotplug
2026-02-05T16:48:24.335339+07:00 LAPTOP-6OTU1RGQ kernel: ACPI: SRAT: Node 0 PXM 0 [mem 0x1000000000-0xfcffffffff] hotplug
2026-02-05T16:48:24.335339+07:00 LAPTOP-6OTU1RGQ kernel: ACPI: SRAT: Node 0 PXM 0 [mem 0x10000000000-0x1ffffffffff] hotplug
2026-02-05T16:48:24.335339+07:00 LAPTOP-6OTU1RGQ kernel: ACPI: SRAT: Node 0 PXM 0 [mem 0x20000000000-0x3ffffffffff] hotplug
2026-02-05T16:48:24.335339+07:00 LAPTOP-6OTU1RGQ kernel: ACPI: SRAT: Node 0 PXM 0 [mem 0x40000000000-0x7ffffffffff] hotplug
2026-02-05T16:48:24.335339+07:00 LAPTOP-6OTU1RGQ kernel: ACPI: SRAT: Node 0 PXM 0 [mem 0x80000000000-0xfffffffffff] hotplug
2026-02-05T16:48:24.335341+07:00 LAPTOP-6OTU1RGQ kernel: ACPI: SRAT: Node 0 PXM 0 [mem 0x100000000000-0x1fffffffffff] hotplug
2026-02-05T16:48:24.335341+07:00 LAPTOP-6OTU1RGQ kernel: ACPI: SRAT: Node 0 PXM 0 [mem 0x200000000000-0x3fffffffffff] hotplug
2026-02-05T16:48:24.335341+07:00 LAPTOP-6OTU1RGQ kernel: ACPI: SRAT: Node 0 PXM 0 [mem 0x400000000000-0x7fffffffffff] hotplug
2026-02-05T16:48:24.335341+07:00 LAPTOP-6OTU1RGQ kernel: ACPI: SRAT: Node 0 PXM 0 [mem 0x800000000000-0xffffffffffff] hotplug
2026-02-05T16:48:24.335342+07:00 LAPTOP-6OTU1RGQ kernel: ACPI: SRAT: Node 0 PXM 0 [mem 0x1000000000000-0x1ffffffffffff] hotplug
2026-02-05T16:48:24.335342+07:00 LAPTOP-6OTU1RGQ kernel: ACPI: SRAT: Node 0 PXM 0 [mem 0x2000000000000-0x3ffffffffffff] hotplug
2026-02-05T16:48:24.335342+07:00 LAPTOP-6OTU1RGQ kernel: ACPI: SRAT: Node 0 PXM 0 [mem 0x4000000000000-0x7ffffffffffff] hotplug
2026-02-05T16:48:24.335343+07:00 LAPTOP-6OTU1RGQ kernel: ACPI: SRAT: Node 0 PXM 0 [mem 0x8000000000000-0xfffffffffffff] hotplug
2026-02-05T16:48:24.335343+07:00 LAPTOP-6OTU1RGQ kernel: NUMA: Node 0 [mem 0x00000000-0xf7ffffff] + [mem 0x100000000-0x3ebbfffff] -> [mem 0x00000000-0x3ebbfffff]
2026-02-05T16:48:24.335343+07:00 LAPTOP-6OTU1RGQ kernel: NODE_DATA(0) allocated [mem 0x3ebbde000-0x3ebbfffff]
2026-02-05T16:48:24.335343+07:00 LAPTOP-6OTU1RGQ kernel: Zone ranges:
2026-02-05T16:48:24.335344+07:00 LAPTOP-6OTU1RGQ kernel:   DMA32    [mem 0x0000000000001000-0x00000000ffffffff]
2026-02-05T16:48:24.335344+07:00 LAPTOP-6OTU1RGQ kernel:   Normal   [mem 0x0000000100000000-0x00000003ebbfffff]
2026-02-05T16:48:24.335345+07:00 LAPTOP-6OTU1RGQ kernel:   Device   empty
2026-02-05T16:48:24.335345+07:00 LAPTOP-6OTU1RGQ kernel: Movable zone start for each node
2026-02-05T16:48:24.335345+07:00 LAPTOP-6OTU1RGQ kernel: Early memory node ranges
2026-02-05T16:48:24.335345+07:00 LAPTOP-6OTU1RGQ kernel:   node   0: [mem 0x0000000000001000-0x000000000009ffff]
2026-02-05T16:48:24.335345+07:00 LAPTOP-6OTU1RGQ kernel:   node   0: [mem 0x0000000000200000-0x00000000f7ffffff]
2026-02-05T16:48:24.335346+07:00 LAPTOP-6OTU1RGQ kernel:   node   0: [mem 0x0000000100000000-0x00000003ebbfffff]
2026-02-05T16:48:24.335346+07:00 LAPTOP-6OTU1RGQ kernel: Initmem setup node 0 [mem 0x0000000000001000-0x00000003ebbfffff]
2026-02-05T16:48:24.335347+07:00 LAPTOP-6OTU1RGQ kernel: On node 0, zone DMA32: 1 pages in unavailable ranges
2026-02-05T16:48:24.335347+07:00 LAPTOP-6OTU1RGQ kernel: On node 0, zone DMA32: 352 pages in unavailable ranges
2026-02-05T16:48:24.335347+07:00 LAPTOP-6OTU1RGQ kernel: On node 0, zone Normal: 17408 pages in unavailable ranges
2026-02-05T16:48:24.335347+07:00 LAPTOP-6OTU1RGQ kernel: ACPI: PM-Timer IO Port: 0x408
2026-02-05T16:48:24.335347+07:00 LAPTOP-6OTU1RGQ kernel: ACPI: LAPIC_NMI (acpi_id[0x01] dfl dfl lint[0x1])
2026-02-05T16:48:24.335347+07:00 LAPTOP-6OTU1RGQ kernel: IOAPIC[0]: apic_id 24, version 17, address 0xfec00000, GSI 0-23
2026-02-05T16:48:24.335349+07:00 LAPTOP-6OTU1RGQ kernel: ACPI: INT_SRC_OVR (bus 0 bus_irq 9 global_irq 9 high level)
2026-02-05T16:48:24.335349+07:00 LAPTOP-6OTU1RGQ kernel: ACPI: Using ACPI (MADT) for SMP configuration information
2026-02-05T16:48:24.335349+07:00 LAPTOP-6OTU1RGQ kernel: smpboot: Allowing 24 CPUs, 0 hotplug CPUs
2026-02-05T16:48:24.335350+07:00 LAPTOP-6OTU1RGQ kernel: PM: hibernation: Registered nosave memory: [mem 0x00000000-0x00000fff]
2026-02-05T16:48:24.335350+07:00 LAPTOP-6OTU1RGQ kernel: PM: hibernation: Registered nosave memory: [mem 0x000a0000-0x000dffff]
2026-02-05T16:48:24.335350+07:00 LAPTOP-6OTU1RGQ kernel: PM: hibernation: Registered nosave memory: [mem 0x000e0000-0x000e0fff]
2026-02-05T16:48:24.335351+07:00 LAPTOP-6OTU1RGQ kernel: PM: hibernation: Registered nosave memory: [mem 0x000e1000-0x000fffff]
2026-02-05T16:48:24.335352+07:00 LAPTOP-6OTU1RGQ kernel: PM: hibernation: Registered nosave memory: [mem 0x00100000-0x001fffff]
2026-02-05T16:48:24.335381+07:00 LAPTOP-6OTU1RGQ kernel: PM: hibernation: Registered nosave memory: [mem 0xf8000000-0xffffffff]
2026-02-05T16:48:24.335382+07:00 LAPTOP-6OTU1RGQ kernel: [mem 0xf8000000-0xffffffff] available for PCI devices
2026-02-05T16:48:24.335382+07:00 LAPTOP-6OTU1RGQ kernel: Booting paravirtualized kernel on Hyper-V
2026-02-05T16:48:24.335382+07:00 LAPTOP-6OTU1RGQ kernel: clocksource: refined-jiffies: mask: 0xffffffff max_cycles: 0xffffffff, max_idle_ns: 7645519600211568 ns
2026-02-05T16:48:24.335385+07:00 LAPTOP-6OTU1RGQ kernel: setup_percpu: NR_CPUS:8192 nr_cpumask_bits:24 nr_cpu_ids:24 nr_node_ids:1
2026-02-05T16:48:24.335385+07:00 LAPTOP-6OTU1RGQ kernel: percpu: Embedded 63 pages/cpu s221184 r8192 d28672 u262144
2026-02-05T16:48:24.335386+07:00 LAPTOP-6OTU1RGQ kernel: pcpu-alloc: s221184 r8192 d28672 u262144 alloc=1*2097152
2026-02-05T16:48:24.335386+07:00 LAPTOP-6OTU1RGQ kernel: pcpu-alloc: [0] 00 01 02 03 04 05 06 07 [0] 08 09 10 11 12 13 14 15 
2026-02-05T16:48:24.335386+07:00 LAPTOP-6OTU1RGQ kernel: pcpu-alloc: [0] 16 17 18 19 20 21 22 23 
2026-02-05T16:48:24.335386+07:00 LAPTOP-6OTU1RGQ kernel: Hyper-V: PV spinlocks enabled
2026-02-05T16:48:24.335387+07:00 LAPTOP-6OTU1RGQ kernel: PV qspinlock hash table entries: 256 (order: 0, 4096 bytes, linear)
2026-02-05T16:48:24.335388+07:00 LAPTOP-6OTU1RGQ kernel: Kernel command line: initrd=\initrd.img WSL_ROOT_INIT=1 panic=-1 nr_cpus=24 hv_utils.timesync_implicit=1 console=hvc0 debug pty.legacy_count=0 WSL_ENABLE_CRASH_DUMP=1
2026-02-05T16:48:24.335389+07:00 LAPTOP-6OTU1RGQ kernel: Unknown kernel command line parameters "WSL_ROOT_INIT=1 WSL_ENABLE_CRASH_DUMP=1", will be passed to user space.
2026-02-05T16:48:24.335389+07:00 LAPTOP-6OTU1RGQ kernel: random: crng init done
2026-02-05T16:48:24.335390+07:00 LAPTOP-6OTU1RGQ kernel: Dentry cache hash table entries: 2097152 (order: 12, 16777216 bytes, linear)
2026-02-05T16:48:24.335390+07:00 LAPTOP-6OTU1RGQ kernel: Inode-cache hash table entries: 1048576 (order: 11, 8388608 bytes, linear)
2026-02-05T16:48:24.335392+07:00 LAPTOP-6OTU1RGQ kernel: Fallback order for Node 0: 0 
2026-02-05T16:48:24.335392+07:00 LAPTOP-6OTU1RGQ kernel: Built 1 zonelists, mobility grouping on.  Total pages: 4013840
2026-02-05T16:48:24.335393+07:00 LAPTOP-6OTU1RGQ kernel: Policy zone: Normal
2026-02-05T16:48:24.335393+07:00 LAPTOP-6OTU1RGQ kernel: mem auto-init: stack:off, heap alloc:on, heap free:off
2026-02-05T16:48:24.335394+07:00 LAPTOP-6OTU1RGQ kernel: software IO TLB: area num 32.
2026-02-05T16:48:24.335394+07:00 LAPTOP-6OTU1RGQ kernel: Memory: 4123788K/16312956K available (20480K kernel code, 3457K rwdata, 13496K rodata, 4492K init, 6208K bss, 405816K reserved, 0K cma-reserved)
2026-02-05T16:48:24.335394+07:00 LAPTOP-6OTU1RGQ kernel: SLUB: HWalign=64, Order=0-3, MinObjects=0, CPUs=24, Nodes=1
2026-02-05T16:48:24.335396+07:00 LAPTOP-6OTU1RGQ kernel: ftrace: allocating 55808 entries in 218 pages
2026-02-05T16:48:24.335396+07:00 LAPTOP-6OTU1RGQ kernel: ftrace: allocated 218 pages with 5 groups
2026-02-05T16:48:24.335396+07:00 LAPTOP-6OTU1RGQ kernel: Dynamic Preempt: none
2026-02-05T16:48:24.335396+07:00 LAPTOP-6OTU1RGQ kernel: rcu: Preemptible hierarchical RCU implementation.
2026-02-05T16:48:24.335397+07:00 LAPTOP-6OTU1RGQ kernel: rcu: 	RCU restricting CPUs from NR_CPUS=8192 to nr_cpu_ids=24.
2026-02-05T16:48:24.335397+07:00 LAPTOP-6OTU1RGQ kernel: 	Trampoline variant of Tasks RCU enabled.
2026-02-05T16:48:24.335398+07:00 LAPTOP-6OTU1RGQ kernel: 	Rude variant of Tasks RCU enabled.
2026-02-05T16:48:24.335399+07:00 LAPTOP-6OTU1RGQ kernel: 	Tracing variant of Tasks RCU enabled.
2026-02-05T16:48:24.335399+07:00 LAPTOP-6OTU1RGQ kernel: rcu: RCU calculated value of scheduler-enlistment delay is 25 jiffies.
2026-02-05T16:48:24.335399+07:00 LAPTOP-6OTU1RGQ kernel: rcu: Adjusting geometry for rcu_fanout_leaf=16, nr_cpu_ids=24
2026-02-05T16:48:24.335399+07:00 LAPTOP-6OTU1RGQ kernel: Using NULL legacy PIC
2026-02-05T16:48:24.335400+07:00 LAPTOP-6OTU1RGQ kernel: NR_IRQS: 524544, nr_irqs: 616, preallocated irqs: 0
2026-02-05T16:48:24.335401+07:00 LAPTOP-6OTU1RGQ kernel: rcu: srcu_init: Setting srcu_struct sizes based on contention.
2026-02-05T16:48:24.335402+07:00 LAPTOP-6OTU1RGQ kernel: Console: colour dummy device 80x25
2026-02-05T16:48:24.335402+07:00 LAPTOP-6OTU1RGQ kernel: ACPI: Core revision 20230628
2026-02-05T16:48:24.335402+07:00 LAPTOP-6OTU1RGQ kernel: Failed to register legacy timer interrupt
2026-02-05T16:48:24.335402+07:00 LAPTOP-6OTU1RGQ kernel: APIC: Switch to symmetric I/O mode setup
2026-02-05T16:48:24.335402+07:00 LAPTOP-6OTU1RGQ kernel: APIC: Switched APIC routing to: physical flat
2026-02-05T16:48:24.335403+07:00 LAPTOP-6OTU1RGQ kernel: Hyper-V: Host Build 10.0.26100.7705-7-0
2026-02-05T16:48:24.335404+07:00 LAPTOP-6OTU1RGQ kernel: Hyper-V: enabling crash_kexec_post_notifiers
2026-02-05T16:48:24.335404+07:00 LAPTOP-6OTU1RGQ kernel: Hyper-V: Using IPI hypercalls
2026-02-05T16:48:24.335404+07:00 LAPTOP-6OTU1RGQ kernel: APIC: send_IPI() replaced with hv_send_ipi()
2026-02-05T16:48:24.335404+07:00 LAPTOP-6OTU1RGQ kernel: APIC: send_IPI_mask() replaced with hv_send_ipi_mask()
2026-02-05T16:48:24.335404+07:00 LAPTOP-6OTU1RGQ kernel: APIC: send_IPI_mask_allbutself() replaced with hv_send_ipi_mask_allbutself()
2026-02-05T16:48:24.335405+07:00 LAPTOP-6OTU1RGQ kernel: APIC: send_IPI_allbutself() replaced with hv_send_ipi_allbutself()
2026-02-05T16:48:24.335406+07:00 LAPTOP-6OTU1RGQ kernel: APIC: send_IPI_all() replaced with hv_send_ipi_all()
2026-02-05T16:48:24.335406+07:00 LAPTOP-6OTU1RGQ kernel: APIC: send_IPI_self() replaced with hv_send_ipi_self()
2026-02-05T16:48:24.335407+07:00 LAPTOP-6OTU1RGQ kernel: Hyper-V: Using enlightened APIC (xapic mode)
2026-02-05T16:48:24.335407+07:00 LAPTOP-6OTU1RGQ kernel: APIC: eoi() replaced with hv_apic_eoi_write()
2026-02-05T16:48:24.335407+07:00 LAPTOP-6OTU1RGQ kernel: APIC: read() replaced with hv_apic_read()
2026-02-05T16:48:24.335407+07:00 LAPTOP-6OTU1RGQ kernel: APIC: write() replaced with hv_apic_write()
2026-02-05T16:48:24.335407+07:00 LAPTOP-6OTU1RGQ kernel: APIC: icr_write() replaced with hv_apic_icr_write()
2026-02-05T16:48:24.335408+07:00 LAPTOP-6OTU1RGQ kernel: APIC: icr_read() replaced with hv_apic_icr_read()
2026-02-05T16:48:24.335408+07:00 LAPTOP-6OTU1RGQ kernel: clocksource: tsc-early: mask: 0xffffffffffffffff max_cycles: 0x398c58f3ad9, max_idle_ns: 881590744025 ns
2026-02-05T16:48:24.335409+07:00 LAPTOP-6OTU1RGQ kernel: Calibrating delay loop (skipped), value calculated using timer frequency.. 3992.40 BogoMIPS (lpj=7984816)
2026-02-05T16:48:24.335409+07:00 LAPTOP-6OTU1RGQ kernel: x86/cpu: User Mode Instruction Prevention (UMIP) activated
2026-02-05T16:48:24.335409+07:00 LAPTOP-6OTU1RGQ kernel: Last level iTLB entries: 4KB 64, 2MB 64, 4MB 32
2026-02-05T16:48:24.335409+07:00 LAPTOP-6OTU1RGQ kernel: Last level dTLB entries: 4KB 128, 2MB 128, 4MB 64, 1GB 0
2026-02-05T16:48:24.335410+07:00 LAPTOP-6OTU1RGQ kernel: Spectre V1 : Mitigation: usercopy/swapgs barriers and __user pointer sanitization
2026-02-05T16:48:24.335410+07:00 LAPTOP-6OTU1RGQ kernel: Spectre V2 : Mitigation: Retpolines
2026-02-05T16:48:24.335410+07:00 LAPTOP-6OTU1RGQ kernel: Spectre V2 : Spectre v2 / SpectreRSB mitigation: Filling RSB on context switch
2026-02-05T16:48:24.335411+07:00 LAPTOP-6OTU1RGQ kernel: Spectre V2 : Spectre v2 / SpectreRSB : Filling RSB on VMEXIT
2026-02-05T16:48:24.335411+07:00 LAPTOP-6OTU1RGQ kernel: Spectre V2 : Enabling Restricted Speculation for firmware calls
2026-02-05T16:48:24.335411+07:00 LAPTOP-6OTU1RGQ kernel: Spectre V2 : mitigation: Enabling conditional Indirect Branch Prediction Barrier
2026-02-05T16:48:24.335412+07:00 LAPTOP-6OTU1RGQ kernel: Spectre V2 : User space: Mitigation: STIBP always-on protection
2026-02-05T16:48:24.335412+07:00 LAPTOP-6OTU1RGQ kernel: Speculative Store Bypass: Mitigation: Speculative Store Bypass disabled via prctl
2026-02-05T16:48:24.335413+07:00 LAPTOP-6OTU1RGQ kernel: x86/fpu: Supporting XSAVE feature 0x001: 'x87 floating point registers'
2026-02-05T16:48:24.335413+07:00 LAPTOP-6OTU1RGQ kernel: x86/fpu: Supporting XSAVE feature 0x002: 'SSE registers'
2026-02-05T16:48:24.335413+07:00 LAPTOP-6OTU1RGQ kernel: x86/fpu: Supporting XSAVE feature 0x004: 'AVX registers'
2026-02-05T16:48:24.335414+07:00 LAPTOP-6OTU1RGQ kernel: x86/fpu: Supporting XSAVE feature 0x020: 'AVX-512 opmask'
2026-02-05T16:48:24.335415+07:00 LAPTOP-6OTU1RGQ kernel: x86/fpu: Supporting XSAVE feature 0x040: 'AVX-512 Hi256'
2026-02-05T16:48:24.335415+07:00 LAPTOP-6OTU1RGQ kernel: x86/fpu: Supporting XSAVE feature 0x080: 'AVX-512 ZMM_Hi256'
2026-02-05T16:48:24.335415+07:00 LAPTOP-6OTU1RGQ kernel: x86/fpu: Supporting XSAVE feature 0x800: 'Control-flow User registers'
2026-02-05T16:48:24.335416+07:00 LAPTOP-6OTU1RGQ kernel: x86/fpu: xstate_offset[2]:  576, xstate_sizes[2]:  256
2026-02-05T16:48:24.335416+07:00 LAPTOP-6OTU1RGQ kernel: x86/fpu: xstate_offset[5]:  832, xstate_sizes[5]:   64
2026-02-05T16:48:24.335416+07:00 LAPTOP-6OTU1RGQ kernel: x86/fpu: xstate_offset[6]:  896, xstate_sizes[6]:  512
2026-02-05T16:48:24.335416+07:00 LAPTOP-6OTU1RGQ kernel: x86/fpu: xstate_offset[7]: 1408, xstate_sizes[7]: 1024
2026-02-05T16:48:24.335417+07:00 LAPTOP-6OTU1RGQ kernel: x86/fpu: xstate_offset[11]: 2432, xstate_sizes[11]:   16
2026-02-05T16:48:24.335417+07:00 LAPTOP-6OTU1RGQ kernel: x86/fpu: Enabled xstate features 0x8e7, context size is 2448 bytes, using 'compacted' format.
2026-02-05T16:48:24.335417+07:00 LAPTOP-6OTU1RGQ kernel: Freeing SMP alternatives memory: 44K
2026-02-05T16:48:24.335418+07:00 LAPTOP-6OTU1RGQ kernel: pid_max: default: 32768 minimum: 301
2026-02-05T16:48:24.335418+07:00 LAPTOP-6OTU1RGQ kernel: LSM: initializing lsm=capability,landlock,yama,safesetid,selinux,integrity
2026-02-05T16:48:24.335418+07:00 LAPTOP-6OTU1RGQ kernel: landlock: Up and running.
2026-02-05T16:48:24.335419+07:00 LAPTOP-6OTU1RGQ kernel: Yama: becoming mindful.
2026-02-05T16:48:24.335419+07:00 LAPTOP-6OTU1RGQ kernel: SELinux:  Initializing.
2026-02-05T16:48:24.335419+07:00 LAPTOP-6OTU1RGQ kernel: Mount-cache hash table entries: 32768 (order: 6, 262144 bytes, linear)
2026-02-05T16:48:24.335420+07:00 LAPTOP-6OTU1RGQ kernel: Mountpoint-cache hash table entries: 32768 (order: 6, 262144 bytes, linear)
2026-02-05T16:48:24.335420+07:00 LAPTOP-6OTU1RGQ kernel: smpboot: CPU0: AMD Ryzen AI 9 HX 370 w/ Radeon 890M (family: 0x1a, model: 0x24, stepping: 0x0)
2026-02-05T16:48:24.335420+07:00 LAPTOP-6OTU1RGQ kernel: RCU Tasks: Setting shift to 5 and lim to 1 rcu_task_cb_adjust=1 rcu_task_cpu_ids=24.
2026-02-05T16:48:24.335421+07:00 LAPTOP-6OTU1RGQ kernel: RCU Tasks Rude: Setting shift to 5 and lim to 1 rcu_task_cb_adjust=1 rcu_task_cpu_ids=24.
2026-02-05T16:48:24.335425+07:00 LAPTOP-6OTU1RGQ kernel: RCU Tasks Trace: Setting shift to 5 and lim to 1 rcu_task_cb_adjust=1 rcu_task_cpu_ids=24.
2026-02-05T16:48:24.335426+07:00 LAPTOP-6OTU1RGQ kernel: Performance Events: Fam17h+ core perfctr, AMD PMU driver.
2026-02-05T16:48:24.335426+07:00 LAPTOP-6OTU1RGQ kernel: ... version:                0
2026-02-05T16:48:24.335426+07:00 LAPTOP-6OTU1RGQ kernel: ... bit width:              48
2026-02-05T16:48:24.335426+07:00 LAPTOP-6OTU1RGQ kernel: ... generic registers:      6
2026-02-05T16:48:24.335426+07:00 LAPTOP-6OTU1RGQ kernel: ... value mask:             0000ffffffffffff
2026-02-05T16:48:24.335429+07:00 LAPTOP-6OTU1RGQ kernel: ... max period:             00007fffffffffff
2026-02-05T16:48:24.335429+07:00 LAPTOP-6OTU1RGQ kernel: ... fixed-purpose events:   0
2026-02-05T16:48:24.335429+07:00 LAPTOP-6OTU1RGQ kernel: ... event mask:             000000000000003f
2026-02-05T16:48:24.335430+07:00 LAPTOP-6OTU1RGQ kernel: signal: max sigframe size: 3376
2026-02-05T16:48:24.335430+07:00 LAPTOP-6OTU1RGQ kernel: rcu: Hierarchical SRCU implementation.
2026-02-05T16:48:24.335430+07:00 LAPTOP-6OTU1RGQ kernel: rcu: 	Max phase no-delay instances is 1000.
2026-02-05T16:48:24.335432+07:00 LAPTOP-6OTU1RGQ kernel: smp: Bringing up secondary CPUs ...
2026-02-05T16:48:24.335432+07:00 LAPTOP-6OTU1RGQ kernel: smpboot: x86: Booting SMP configuration:
2026-02-05T16:48:24.335456+07:00 LAPTOP-6OTU1RGQ kernel: .... node  #0, CPUs:        #2  #4  #6  #8 #10 #12 #14 #16 #18 #20 #22  #1  #3  #5  #7  #9 #11 #13 #15 #17 #19 #21 #23
2026-02-05T16:48:24.335456+07:00 LAPTOP-6OTU1RGQ kernel: Spectre V2 : Update user space SMT mitigation: STIBP always-on
2026-02-05T16:48:24.335457+07:00 LAPTOP-6OTU1RGQ kernel: smp: Brought up 1 node, 24 CPUs
2026-02-05T16:48:24.335458+07:00 LAPTOP-6OTU1RGQ kernel: smpboot: Max logical packages: 1
2026-02-05T16:48:24.335458+07:00 LAPTOP-6OTU1RGQ kernel: smpboot: Total of 24 processors activated (95817.79 BogoMIPS)
2026-02-05T16:48:24.335527+07:00 LAPTOP-6OTU1RGQ kernel: node 0 deferred pages initialised in 20ms
2026-02-05T16:48:24.335530+07:00 LAPTOP-6OTU1RGQ kernel: devtmpfs: initialized
2026-02-05T16:48:24.335532+07:00 LAPTOP-6OTU1RGQ kernel: x86/mm: Memory block size: 128MB
2026-02-05T16:48:24.335532+07:00 LAPTOP-6OTU1RGQ kernel: clocksource: jiffies: mask: 0xffffffff max_cycles: 0xffffffff, max_idle_ns: 7645041785100000 ns
2026-02-05T16:48:24.335533+07:00 LAPTOP-6OTU1RGQ kernel: futex hash table entries: 8192 (order: 7, 524288 bytes, linear)
2026-02-05T16:48:24.335533+07:00 LAPTOP-6OTU1RGQ kernel: pinctrl core: initialized pinctrl subsystem
2026-02-05T16:48:24.335578+07:00 LAPTOP-6OTU1RGQ kernel: NET: Registered PF_NETLINK/PF_ROUTE protocol family
2026-02-05T16:48:24.335581+07:00 LAPTOP-6OTU1RGQ kernel: DMA: preallocated 2048 KiB GFP_KERNEL pool for atomic allocations
2026-02-05T16:48:24.335581+07:00 LAPTOP-6OTU1RGQ kernel: DMA: preallocated 2048 KiB GFP_KERNEL|GFP_DMA32 pool for atomic allocations
2026-02-05T16:48:24.335582+07:00 LAPTOP-6OTU1RGQ kernel: audit: initializing netlink subsys (disabled)
2026-02-05T16:48:24.335582+07:00 LAPTOP-6OTU1RGQ kernel: audit: type=2000 audit(1770284900.060:1): state=initialized audit_enabled=0 res=1
2026-02-05T16:48:24.335582+07:00 LAPTOP-6OTU1RGQ kernel: thermal_sys: Registered thermal governor 'step_wise'
2026-02-05T16:48:24.335589+07:00 LAPTOP-6OTU1RGQ kernel: thermal_sys: Registered thermal governor 'user_space'
2026-02-05T16:48:24.335589+07:00 LAPTOP-6OTU1RGQ kernel: cpuidle: using governor ladder
2026-02-05T16:48:24.335590+07:00 LAPTOP-6OTU1RGQ kernel: cpuidle: using governor menu
2026-02-05T16:48:24.335590+07:00 LAPTOP-6OTU1RGQ kernel: acpiphp: ACPI Hot Plug PCI Controller Driver version: 0.5
2026-02-05T16:48:24.335590+07:00 LAPTOP-6OTU1RGQ kernel: dca service started, version 1.12.1
2026-02-05T16:48:24.335590+07:00 LAPTOP-6OTU1RGQ kernel: PCI: Fatal: No config space access function found
2026-02-05T16:48:24.335591+07:00 LAPTOP-6OTU1RGQ kernel: kprobes: kprobe jump-optimization is enabled. All kprobes are optimized if possible.
2026-02-05T16:48:24.335593+07:00 LAPTOP-6OTU1RGQ kernel: HugeTLB: registered 1.00 GiB page size, pre-allocated 0 pages
2026-02-05T16:48:24.335593+07:00 LAPTOP-6OTU1RGQ kernel: HugeTLB: 16380 KiB vmemmap can be freed for a 1.00 GiB page
2026-02-05T16:48:24.335593+07:00 LAPTOP-6OTU1RGQ kernel: HugeTLB: registered 2.00 MiB page size, pre-allocated 0 pages
2026-02-05T16:48:24.335594+07:00 LAPTOP-6OTU1RGQ kernel: HugeTLB: 28 KiB vmemmap can be freed for a 2.00 MiB page
2026-02-05T16:48:24.335594+07:00 LAPTOP-6OTU1RGQ kernel: cryptd: max_cpu_qlen set to 1000
2026-02-05T16:48:24.335594+07:00 LAPTOP-6OTU1RGQ kernel: ACPI: Added _OSI(Module Device)
2026-02-05T16:48:24.335596+07:00 LAPTOP-6OTU1RGQ kernel: ACPI: Added _OSI(Processor Device)
2026-02-05T16:48:24.335596+07:00 LAPTOP-6OTU1RGQ kernel: ACPI: Added _OSI(3.0 _SCP Extensions)
2026-02-05T16:48:24.335597+07:00 LAPTOP-6OTU1RGQ kernel: ACPI: Added _OSI(Processor Aggregator Device)
2026-02-05T16:48:24.335597+07:00 LAPTOP-6OTU1RGQ kernel: ACPI: 1 ACPI AML tables successfully acquired and loaded
2026-02-05T16:48:24.335597+07:00 LAPTOP-6OTU1RGQ kernel: ACPI: _OSC evaluation for CPUs failed, trying _PDC
2026-02-05T16:48:24.335597+07:00 LAPTOP-6OTU1RGQ kernel: ACPI: Interpreter enabled
2026-02-05T16:48:24.335598+07:00 LAPTOP-6OTU1RGQ kernel: ACPI: PM: (supports S0 S5)
2026-02-05T16:48:24.335599+07:00 LAPTOP-6OTU1RGQ kernel: ACPI: Using IOAPIC for interrupt routing
2026-02-05T16:48:24.335600+07:00 LAPTOP-6OTU1RGQ kernel: PCI: Using host bridge windows from ACPI; if necessary, use "pci=nocrs" and report a bug
2026-02-05T16:48:24.335600+07:00 LAPTOP-6OTU1RGQ kernel: PCI: Using E820 reservations for host bridge windows
2026-02-05T16:48:24.335600+07:00 LAPTOP-6OTU1RGQ kernel: ACPI: Enabled 2 GPEs in block 00 to 0F
2026-02-05T16:48:24.335601+07:00 LAPTOP-6OTU1RGQ kernel: iommu: Default domain type: Translated
2026-02-05T16:48:24.335601+07:00 LAPTOP-6OTU1RGQ kernel: iommu: DMA domain TLB invalidation policy: lazy mode
2026-02-05T16:48:24.335603+07:00 LAPTOP-6OTU1RGQ kernel: SCSI subsystem initialized
2026-02-05T16:48:24.335603+07:00 LAPTOP-6OTU1RGQ kernel: libata version 3.00 loaded.
2026-02-05T16:48:24.335603+07:00 LAPTOP-6OTU1RGQ kernel: pps_core: LinuxPPS API ver. 1 registered
2026-02-05T16:48:24.335603+07:00 LAPTOP-6OTU1RGQ kernel: pps_core: Software ver. 5.3.6 - Copyright 2005-2007 Rodolfo Giometti <giometti@linux.it>
2026-02-05T16:48:24.335604+07:00 LAPTOP-6OTU1RGQ kernel: PTP clock support registered
2026-02-05T16:48:24.335604+07:00 LAPTOP-6OTU1RGQ kernel: EDAC MC: Ver: 3.0.0
2026-02-05T16:48:24.335606+07:00 LAPTOP-6OTU1RGQ kernel: hv_vmbus: Vmbus version:5.3
2026-02-05T16:48:24.335606+07:00 LAPTOP-6OTU1RGQ kernel: hv_vmbus: Unknown GUID: 6e382d18-3336-4f4b-acc4-2b7703d4df4a
2026-02-05T16:48:24.335606+07:00 LAPTOP-6OTU1RGQ kernel: NetLabel: Initializing
2026-02-05T16:48:24.335607+07:00 LAPTOP-6OTU1RGQ kernel: hv_vmbus: Unknown GUID: dde9cbc0-5060-4436-9448-ea1254a5d177
2026-02-05T16:48:24.335607+07:00 LAPTOP-6OTU1RGQ kernel: NetLabel:  domain hash size = 128
2026-02-05T16:48:24.335607+07:00 LAPTOP-6OTU1RGQ kernel: NetLabel:  protocols = UNLABELED CIPSOv4 CALIPSO
2026-02-05T16:48:24.335607+07:00 LAPTOP-6OTU1RGQ kernel: NetLabel:  unlabeled traffic allowed by default
2026-02-05T16:48:24.335609+07:00 LAPTOP-6OTU1RGQ kernel: PCI: Using ACPI for IRQ routing
2026-02-05T16:48:24.335609+07:00 LAPTOP-6OTU1RGQ kernel: PCI: System does not support PCI
2026-02-05T16:48:24.335610+07:00 LAPTOP-6OTU1RGQ kernel: vgaarb: loaded
2026-02-05T16:48:24.335610+07:00 LAPTOP-6OTU1RGQ kernel: clocksource: Switched to clocksource tsc-early
2026-02-05T16:48:24.335610+07:00 LAPTOP-6OTU1RGQ kernel: VFS: Disk quotas dquot_6.6.0
2026-02-05T16:48:24.335610+07:00 LAPTOP-6OTU1RGQ kernel: VFS: Dquot-cache hash table entries: 512 (order 0, 4096 bytes)
2026-02-05T16:48:24.335612+07:00 LAPTOP-6OTU1RGQ kernel: FS-Cache: Loaded
2026-02-05T16:48:24.335613+07:00 LAPTOP-6OTU1RGQ kernel: pnp: PnP ACPI init
2026-02-05T16:48:24.335613+07:00 LAPTOP-6OTU1RGQ kernel: pnp: PnP ACPI: found 1 devices
2026-02-05T16:48:24.335613+07:00 LAPTOP-6OTU1RGQ kernel: clocksource: acpi_pm: mask: 0xffffff max_cycles: 0xffffff, max_idle_ns: 2085701024 ns
2026-02-05T16:48:24.335613+07:00 LAPTOP-6OTU1RGQ kernel: NET: Registered PF_INET protocol family
2026-02-05T16:48:24.335614+07:00 LAPTOP-6OTU1RGQ kernel: IP idents hash table entries: 262144 (order: 9, 2097152 bytes, linear)
2026-02-05T16:48:24.335614+07:00 LAPTOP-6OTU1RGQ kernel: tcp_listen_portaddr_hash hash table entries: 8192 (order: 5, 131072 bytes, linear)
2026-02-05T16:48:24.335616+07:00 LAPTOP-6OTU1RGQ kernel: Table-perturb hash table entries: 65536 (order: 6, 262144 bytes, linear)
2026-02-05T16:48:24.335617+07:00 LAPTOP-6OTU1RGQ kernel: TCP established hash table entries: 131072 (order: 8, 1048576 bytes, linear)
2026-02-05T16:48:24.335617+07:00 LAPTOP-6OTU1RGQ kernel: TCP bind hash table entries: 65536 (order: 9, 2097152 bytes, linear)
2026-02-05T16:48:24.335618+07:00 LAPTOP-6OTU1RGQ kernel: TCP: Hash tables configured (established 131072 bind 65536)
2026-02-05T16:48:24.335618+07:00 LAPTOP-6OTU1RGQ kernel: UDP hash table entries: 8192 (order: 6, 262144 bytes, linear)
2026-02-05T16:48:24.335618+07:00 LAPTOP-6OTU1RGQ kernel: UDP-Lite hash table entries: 8192 (order: 6, 262144 bytes, linear)
2026-02-05T16:48:24.335620+07:00 LAPTOP-6OTU1RGQ kernel: NET: Registered PF_UNIX/PF_LOCAL protocol family
2026-02-05T16:48:24.335621+07:00 LAPTOP-6OTU1RGQ kernel: NET: Registered PF_XDP protocol family
2026-02-05T16:48:24.335621+07:00 LAPTOP-6OTU1RGQ kernel: PCI: CLS 0 bytes, default 64
2026-02-05T16:48:24.335621+07:00 LAPTOP-6OTU1RGQ kernel: PCI-DMA: Using software bounce buffering for IO (SWIOTLB)
2026-02-05T16:48:24.335621+07:00 LAPTOP-6OTU1RGQ kernel: software IO TLB: mapped [mem 0x00000000f4000000-0x00000000f8000000] (64MB)
2026-02-05T16:48:24.335622+07:00 LAPTOP-6OTU1RGQ kernel: Trying to unpack rootfs image as initramfs...
2026-02-05T16:48:24.335624+07:00 LAPTOP-6OTU1RGQ kernel: Freeing initrd memory: 2672K
2026-02-05T16:48:24.335624+07:00 LAPTOP-6OTU1RGQ kernel: clocksource: tsc: mask: 0xffffffffffffffff max_cycles: 0x398c58f3ad9, max_idle_ns: 881590744025 ns
2026-02-05T16:48:24.335625+07:00 LAPTOP-6OTU1RGQ kernel: clocksource: Switched to clocksource tsc
2026-02-05T16:48:24.335625+07:00 LAPTOP-6OTU1RGQ kernel: Initialise system trusted keyrings
2026-02-05T16:48:24.335625+07:00 LAPTOP-6OTU1RGQ kernel: Key type blacklist registered
2026-02-05T16:48:24.335625+07:00 LAPTOP-6OTU1RGQ kernel: workingset: timestamp_bits=36 max_order=22 bucket_order=0
2026-02-05T16:48:24.335625+07:00 LAPTOP-6OTU1RGQ kernel: squashfs: version 4.0 (2009/01/31) Phillip Lougher
2026-02-05T16:48:24.335633+07:00 LAPTOP-6OTU1RGQ kernel: fuse: init (API version 7.39)
2026-02-05T16:48:24.335636+07:00 LAPTOP-6OTU1RGQ kernel: SGI XFS with ACLs, security attributes, realtime, verbose warnings, quota, no debug enabled
2026-02-05T16:48:24.335636+07:00 LAPTOP-6OTU1RGQ kernel: 9p: Installing v9fs 9p2000 file system support
2026-02-05T16:48:24.335637+07:00 LAPTOP-6OTU1RGQ kernel: Key type asymmetric registered
2026-02-05T16:48:24.335637+07:00 LAPTOP-6OTU1RGQ kernel: Asymmetric key parser 'x509' registered
2026-02-05T16:48:24.335637+07:00 LAPTOP-6OTU1RGQ kernel: Block layer SCSI generic (bsg) driver version 0.4 loaded (major 245)
2026-02-05T16:48:24.335642+07:00 LAPTOP-6OTU1RGQ kernel: io scheduler mq-deadline registered
2026-02-05T16:48:24.335642+07:00 LAPTOP-6OTU1RGQ kernel: io scheduler kyber registered
2026-02-05T16:48:24.335643+07:00 LAPTOP-6OTU1RGQ kernel: hv_vmbus: registering driver hv_pci
2026-02-05T16:48:24.335643+07:00 LAPTOP-6OTU1RGQ kernel: hv_pci c4b741f5-5582-4c98-8f8b-2e082933c396: PCI VMBus probing: Using version 0x10004
2026-02-05T16:48:24.335643+07:00 LAPTOP-6OTU1RGQ kernel: hv_pci c4b741f5-5582-4c98-8f8b-2e082933c396: PCI host bridge to bus 5582:00
2026-02-05T16:48:24.335644+07:00 LAPTOP-6OTU1RGQ kernel: pci_bus 5582:00: root bus resource [mem 0x9ffe00000-0x9ffe02fff window]
2026-02-05T16:48:24.335644+07:00 LAPTOP-6OTU1RGQ kernel: pci_bus 5582:00: No busn resource found for root bus, will use [bus 00-ff]
2026-02-05T16:48:24.335646+07:00 LAPTOP-6OTU1RGQ kernel: pci 5582:00:00.0: [1af4:1043] type 00 class 0x010000
2026-02-05T16:48:24.335647+07:00 LAPTOP-6OTU1RGQ kernel: pci 5582:00:00.0: reg 0x10: [mem 0x9ffe00000-0x9ffe00fff 64bit]
2026-02-05T16:48:24.335647+07:00 LAPTOP-6OTU1RGQ kernel: pci 5582:00:00.0: reg 0x18: [mem 0x9ffe01000-0x9ffe01fff 64bit]
2026-02-05T16:48:24.335647+07:00 LAPTOP-6OTU1RGQ kernel: pci 5582:00:00.0: reg 0x20: [mem 0x9ffe02000-0x9ffe02fff 64bit]
2026-02-05T16:48:24.335647+07:00 LAPTOP-6OTU1RGQ kernel: pci_bus 5582:00: busn_res: [bus 00-ff] end is updated to 00
2026-02-05T16:48:24.335648+07:00 LAPTOP-6OTU1RGQ kernel: pci 5582:00:00.0: BAR 0: assigned [mem 0x9ffe00000-0x9ffe00fff 64bit]
2026-02-05T16:48:24.335655+07:00 LAPTOP-6OTU1RGQ kernel: pci 5582:00:00.0: BAR 2: assigned [mem 0x9ffe01000-0x9ffe01fff 64bit]
2026-02-05T16:48:24.335657+07:00 LAPTOP-6OTU1RGQ kernel: pci 5582:00:00.0: BAR 4: assigned [mem 0x9ffe02000-0x9ffe02fff 64bit]
2026-02-05T16:48:24.335658+07:00 LAPTOP-6OTU1RGQ kernel: hv_pci bf7e7dd4-a407-44bd-88bc-46bbef6be9b2: PCI VMBus probing: Using version 0x10004
2026-02-05T16:48:24.335658+07:00 LAPTOP-6OTU1RGQ kernel: hv_pci bf7e7dd4-a407-44bd-88bc-46bbef6be9b2: PCI host bridge to bus a407:00
2026-02-05T16:48:24.335659+07:00 LAPTOP-6OTU1RGQ kernel: pci_bus a407:00: No busn resource found for root bus, will use [bus 00-ff]
2026-02-05T16:48:24.335659+07:00 LAPTOP-6OTU1RGQ kernel: pci a407:00:00.0: [1414:008a] type 00 class 0x030200
2026-02-05T16:48:24.335698+07:00 LAPTOP-6OTU1RGQ kernel: pci_bus a407:00: busn_res: [bus 00-ff] end is updated to 00
2026-02-05T16:48:24.335701+07:00 LAPTOP-6OTU1RGQ kernel: ioatdma: Intel(R) QuickData Technology Driver 5.00
2026-02-05T16:48:24.335733+07:00 LAPTOP-6OTU1RGQ kernel: virtio-pci 5582:00:00.0: enabling device (0000 -> 0002)
2026-02-05T16:48:24.335733+07:00 LAPTOP-6OTU1RGQ kernel: Serial: 8250/16550 driver, 8 ports, IRQ sharing enabled
2026-02-05T16:48:24.335733+07:00 LAPTOP-6OTU1RGQ kernel: Linux agpgart interface v0.103
2026-02-05T16:48:24.335734+07:00 LAPTOP-6OTU1RGQ kernel: AMD-Vi: AMD IOMMUv2 functionality not available on this system - This is not a bug.
2026-02-05T16:48:24.335734+07:00 LAPTOP-6OTU1RGQ kernel: ACPI: bus type drm_connector registered
2026-02-05T16:48:24.335741+07:00 LAPTOP-6OTU1RGQ kernel: printk: console [hvc0] enabled
2026-02-05T16:48:24.335741+07:00 LAPTOP-6OTU1RGQ kernel: brd: module loaded
2026-02-05T16:48:24.335741+07:00 LAPTOP-6OTU1RGQ kernel: loop: module loaded
2026-02-05T16:48:24.335741+07:00 LAPTOP-6OTU1RGQ kernel: Loading iSCSI transport class v2.0-870.
2026-02-05T16:48:24.335742+07:00 LAPTOP-6OTU1RGQ kernel: rdac: device handler registered
2026-02-05T16:48:24.335742+07:00 LAPTOP-6OTU1RGQ kernel: Microchip SmartPQI Driver (v2.1.24-046)
2026-02-05T16:48:24.335744+07:00 LAPTOP-6OTU1RGQ kernel: VMware PVSCSI driver - version 1.0.7.0-k
2026-02-05T16:48:24.335744+07:00 LAPTOP-6OTU1RGQ kernel: hv_vmbus: registering driver hv_storvsc
2026-02-05T16:48:24.335745+07:00 LAPTOP-6OTU1RGQ kernel: PPP generic driver version 2.4.2
2026-02-05T16:48:24.335745+07:00 LAPTOP-6OTU1RGQ kernel: VMware vmxnet3 virtual NIC driver - version 1.7.0.0-k-NAPI
2026-02-05T16:48:24.335745+07:00 LAPTOP-6OTU1RGQ kernel: scsi host0: storvsc_host_t
2026-02-05T16:48:24.335745+07:00 LAPTOP-6OTU1RGQ kernel: hv_vmbus: registering driver hv_netvsc
2026-02-05T16:48:24.335746+07:00 LAPTOP-6OTU1RGQ kernel: Fusion MPT base driver 3.04.20
2026-02-05T16:48:24.335747+07:00 LAPTOP-6OTU1RGQ kernel: Copyright (c) 1999-2008 LSI Corporation
2026-02-05T16:48:24.335748+07:00 LAPTOP-6OTU1RGQ kernel: Fusion MPT SPI Host driver 3.04.20
2026-02-05T16:48:24.335748+07:00 LAPTOP-6OTU1RGQ kernel: Fusion MPT SAS Host driver 3.04.20
2026-02-05T16:48:24.335748+07:00 LAPTOP-6OTU1RGQ kernel: Fusion MPT misc device (ioctl) driver 3.04.20
2026-02-05T16:48:24.335749+07:00 LAPTOP-6OTU1RGQ kernel: mptctl: Registered with Fusion MPT base driver
2026-02-05T16:48:24.335749+07:00 LAPTOP-6OTU1RGQ kernel: mptctl: /dev/mptctl @ (major,minor=10,220)
2026-02-05T16:48:24.335751+07:00 LAPTOP-6OTU1RGQ kernel: i8042: PNP: No PS/2 controller found.
2026-02-05T16:48:24.335751+07:00 LAPTOP-6OTU1RGQ kernel: hv_vmbus: registering driver hyperv_keyboard
2026-02-05T16:48:24.335751+07:00 LAPTOP-6OTU1RGQ kernel: rtc_cmos 00:00: RTC can wake from S4
2026-02-05T16:48:24.335751+07:00 LAPTOP-6OTU1RGQ kernel: rtc_cmos 00:00: registered as rtc0
2026-02-05T16:48:24.335752+07:00 LAPTOP-6OTU1RGQ kernel: rtc_cmos 00:00: setting system clock to 2026-02-05T09:48:20 UTC (1770284900)
2026-02-05T16:48:24.335752+07:00 LAPTOP-6OTU1RGQ kernel: rtc_cmos 00:00: alarms up to one month, 114 bytes nvram
2026-02-05T16:48:24.335754+07:00 LAPTOP-6OTU1RGQ kernel: device-mapper: core: CONFIG_IMA_DISABLE_HTABLE is disabled. Duplicate IMA measurements will not be recorded in the IMA log.
2026-02-05T16:48:24.335754+07:00 LAPTOP-6OTU1RGQ kernel: device-mapper: uevent: version 1.0.3
2026-02-05T16:48:24.335755+07:00 LAPTOP-6OTU1RGQ kernel: device-mapper: ioctl: 4.48.0-ioctl (2023-03-01) initialised: dm-devel@redhat.com
2026-02-05T16:48:24.335755+07:00 LAPTOP-6OTU1RGQ kernel: hv_utils: Registering HyperV Utility Driver
2026-02-05T16:48:24.335755+07:00 LAPTOP-6OTU1RGQ kernel: hv_vmbus: registering driver hv_utils
2026-02-05T16:48:24.335755+07:00 LAPTOP-6OTU1RGQ kernel: hv_vmbus: registering driver hv_balloon
2026-02-05T16:48:24.335756+07:00 LAPTOP-6OTU1RGQ kernel: hv_vmbus: registering driver dxgkrnl
2026-02-05T16:48:24.335757+07:00 LAPTOP-6OTU1RGQ kernel: hv_utils: TimeSync IC version 4.0
2026-02-05T16:48:24.335758+07:00 LAPTOP-6OTU1RGQ kernel: hv_balloon: Using Dynamic Memory protocol version 2.0
2026-02-05T16:48:24.335758+07:00 LAPTOP-6OTU1RGQ kernel: Free page reporting enabled
2026-02-05T16:48:24.335758+07:00 LAPTOP-6OTU1RGQ kernel: drop_monitor: Initializing network drop monitor service
2026-02-05T16:48:24.335758+07:00 LAPTOP-6OTU1RGQ kernel: hv_balloon: Cold memory discard hint enabled with order 9
2026-02-05T16:48:24.335759+07:00 LAPTOP-6OTU1RGQ kernel: NET: Registered PF_INET6 protocol family
2026-02-05T16:48:24.335760+07:00 LAPTOP-6OTU1RGQ kernel: Segment Routing with IPv6
2026-02-05T16:48:24.335761+07:00 LAPTOP-6OTU1RGQ kernel: In-situ OAM (IOAM) with IPv6
2026-02-05T16:48:24.335761+07:00 LAPTOP-6OTU1RGQ kernel: NET: Registered PF_PACKET protocol family
2026-02-05T16:48:24.335761+07:00 LAPTOP-6OTU1RGQ kernel: 9pnet: Installing 9P2000 support
2026-02-05T16:48:24.335761+07:00 LAPTOP-6OTU1RGQ kernel: NET: Registered PF_VSOCK protocol family
2026-02-05T16:48:24.335762+07:00 LAPTOP-6OTU1RGQ kernel: hv_vmbus: registering driver hv_sock
2026-02-05T16:48:24.335764+07:00 LAPTOP-6OTU1RGQ kernel: IPI shorthand broadcast: enabled
2026-02-05T16:48:24.335765+07:00 LAPTOP-6OTU1RGQ kernel: AVX2 version of gcm_enc/dec engaged.
2026-02-05T16:48:24.335765+07:00 LAPTOP-6OTU1RGQ kernel: AES CTR mode by8 optimization enabled
2026-02-05T16:48:24.335766+07:00 LAPTOP-6OTU1RGQ kernel: sched_clock: Marking stable (368024308, 438211)->(389961937, -21499418)
2026-02-05T16:48:24.335766+07:00 LAPTOP-6OTU1RGQ kernel: registered taskstats version 1
2026-02-05T16:48:24.335766+07:00 LAPTOP-6OTU1RGQ kernel: Loading compiled-in X.509 certificates
2026-02-05T16:48:24.335766+07:00 LAPTOP-6OTU1RGQ kernel: ima: No TPM chip found, activating TPM-bypass!
2026-02-05T16:48:24.335768+07:00 LAPTOP-6OTU1RGQ kernel: ima: Allocated hash algorithm: sha256
2026-02-05T16:48:24.335768+07:00 LAPTOP-6OTU1RGQ kernel: ima: No architecture policies found
2026-02-05T16:48:24.335769+07:00 LAPTOP-6OTU1RGQ kernel: RAS: Correctable Errors collector initialized.
2026-02-05T16:48:24.335769+07:00 LAPTOP-6OTU1RGQ kernel: clk: Disabling unused clocks
2026-02-05T16:48:24.335769+07:00 LAPTOP-6OTU1RGQ kernel: Freeing unused decrypted memory: 2028K
2026-02-05T16:48:24.335769+07:00 LAPTOP-6OTU1RGQ kernel: Freeing unused kernel image (initmem) memory: 4492K
2026-02-05T16:48:24.335773+07:00 LAPTOP-6OTU1RGQ kernel: Write protecting the kernel read-only data: 34816k
2026-02-05T16:48:24.335773+07:00 LAPTOP-6OTU1RGQ kernel: Freeing unused kernel image (rodata/data gap) memory: 840K
2026-02-05T16:48:24.335774+07:00 LAPTOP-6OTU1RGQ kernel: Run /init as init process
2026-02-05T16:48:24.335774+07:00 LAPTOP-6OTU1RGQ kernel:   with arguments:
2026-02-05T16:48:24.335774+07:00 LAPTOP-6OTU1RGQ kernel:     /init
2026-02-05T16:48:24.335775+07:00 LAPTOP-6OTU1RGQ kernel:   with environment:
2026-02-05T16:48:24.335775+07:00 LAPTOP-6OTU1RGQ kernel:     HOME=/
2026-02-05T16:48:24.335777+07:00 LAPTOP-6OTU1RGQ kernel:     TERM=linux
2026-02-05T16:48:24.335778+07:00 LAPTOP-6OTU1RGQ kernel:     WSL_ROOT_INIT=1
2026-02-05T16:48:24.335778+07:00 LAPTOP-6OTU1RGQ kernel:     WSL_ENABLE_CRASH_DUMP=1
2026-02-05T16:48:24.335778+07:00 LAPTOP-6OTU1RGQ kernel: hv_vmbus: Unknown GUID: 6e382d18-3336-4f4b-acc4-2b7703d4df4a
2026-02-05T16:48:24.335779+07:00 LAPTOP-6OTU1RGQ kernel: hv_pci f7196edf-0aaf-43e8-a4c6-0143c0ad3793: PCI VMBus probing: Using version 0x10004
2026-02-05T16:48:24.335779+07:00 LAPTOP-6OTU1RGQ kernel: hv_pci f7196edf-0aaf-43e8-a4c6-0143c0ad3793: PCI host bridge to bus 0aaf:00
2026-02-05T16:48:24.335781+07:00 LAPTOP-6OTU1RGQ kernel: pci_bus 0aaf:00: No busn resource found for root bus, will use [bus 00-ff]
2026-02-05T16:48:24.335781+07:00 LAPTOP-6OTU1RGQ kernel: pci 0aaf:00:00.0: [1414:008e] type 00 class 0x030200
2026-02-05T16:48:24.335781+07:00 LAPTOP-6OTU1RGQ kernel: pci_bus 0aaf:00: busn_res: [bus 00-ff] end is updated to 00
2026-02-05T16:48:24.335781+07:00 LAPTOP-6OTU1RGQ kernel: hv_vmbus: Unknown GUID: 6e382d18-3336-4f4b-acc4-2b7703d4df4a
2026-02-05T16:48:24.335782+07:00 LAPTOP-6OTU1RGQ kernel: hv_pci ec52b2a9-0756-4148-bd2b-7350e00c591b: PCI VMBus probing: Using version 0x10004
2026-02-05T16:48:24.335782+07:00 LAPTOP-6OTU1RGQ kernel: scsi 0:0:0:0: Direct-Access     Msft     Virtual Disk     1.0  PQ: 0 ANSI: 5
2026-02-05T16:48:24.335784+07:00 LAPTOP-6OTU1RGQ kernel: hv_pci ec52b2a9-0756-4148-bd2b-7350e00c591b: PCI host bridge to bus 0756:00
2026-02-05T16:48:24.335784+07:00 LAPTOP-6OTU1RGQ kernel: pci_bus 0756:00: No busn resource found for root bus, will use [bus 00-ff]
2026-02-05T16:48:24.335784+07:00 LAPTOP-6OTU1RGQ kernel: pci 0756:00:00.0: [1414:008e] type 00 class 0x030200
2026-02-05T16:48:24.335785+07:00 LAPTOP-6OTU1RGQ kernel: scsi 0:0:0:1: Direct-Access     Msft     Virtual Disk     1.0  PQ: 0 ANSI: 5
2026-02-05T16:48:24.335785+07:00 LAPTOP-6OTU1RGQ kernel: pci_bus 0756:00: busn_res: [bus 00-ff] end is updated to 00
2026-02-05T16:48:24.335785+07:00 LAPTOP-6OTU1RGQ kernel: sd 0:0:0:0: Attached scsi generic sg0 type 0
2026-02-05T16:48:24.335785+07:00 LAPTOP-6OTU1RGQ kernel: sd 0:0:0:0: [sda] 795536 512-byte logical blocks: (407 MB/388 MiB)
2026-02-05T16:48:24.335787+07:00 LAPTOP-6OTU1RGQ kernel: sd 0:0:0:1: Attached scsi generic sg1 type 0
2026-02-05T16:48:24.335788+07:00 LAPTOP-6OTU1RGQ kernel: sd 0:0:0:0: [sda] Write Protect is on
2026-02-05T16:48:24.335788+07:00 LAPTOP-6OTU1RGQ kernel: sd 0:0:0:0: [sda] Mode Sense: 0f 00 80 00
2026-02-05T16:48:24.335788+07:00 LAPTOP-6OTU1RGQ kernel: sd 0:0:0:1: [sdb] 381016 512-byte logical blocks: (195 MB/186 MiB)
2026-02-05T16:48:24.335788+07:00 LAPTOP-6OTU1RGQ kernel: sd 0:0:0:0: [sda] Write cache: disabled, read cache: enabled, doesn't support DPO or FUA
2026-02-05T16:48:24.335789+07:00 LAPTOP-6OTU1RGQ kernel: sd 0:0:0:1: [sdb] Write Protect is on
2026-02-05T16:48:24.335831+07:00 LAPTOP-6OTU1RGQ kernel: sd 0:0:0:1: [sdb] Mode Sense: 0f 00 80 00
2026-02-05T16:48:24.335836+07:00 LAPTOP-6OTU1RGQ kernel: sd 0:0:0:1: [sdb] Write cache: disabled, read cache: enabled, doesn't support DPO or FUA
2026-02-05T16:48:24.335837+07:00 LAPTOP-6OTU1RGQ kernel: sd 0:0:0:0: [sda] Attached SCSI disk
2026-02-05T16:48:24.335837+07:00 LAPTOP-6OTU1RGQ kernel: sd 0:0:0:1: [sdb] Attached SCSI disk
2026-02-05T16:48:24.335837+07:00 LAPTOP-6OTU1RGQ kernel: scsi 0:0:0:2: Direct-Access     Msft     Virtual Disk     1.0  PQ: 0 ANSI: 5
2026-02-05T16:48:24.335838+07:00 LAPTOP-6OTU1RGQ kernel: sd 0:0:0:2: Attached scsi generic sg2 type 0
2026-02-05T16:48:24.335838+07:00 LAPTOP-6OTU1RGQ kernel: sd 0:0:0:2: [sdc] 8388616 512-byte logical blocks: (4.29 GB/4.00 GiB)
2026-02-05T16:48:24.335844+07:00 LAPTOP-6OTU1RGQ kernel: sd 0:0:0:2: [sdc] 4096-byte physical blocks
2026-02-05T16:48:24.335844+07:00 LAPTOP-6OTU1RGQ kernel: sd 0:0:0:2: [sdc] Write Protect is off
2026-02-05T16:48:24.335845+07:00 LAPTOP-6OTU1RGQ kernel: sd 0:0:0:2: [sdc] Mode Sense: 0f 00 00 00
2026-02-05T16:48:24.335845+07:00 LAPTOP-6OTU1RGQ kernel: sd 0:0:0:2: [sdc] Write cache: enabled, read cache: enabled, doesn't support DPO or FUA
2026-02-05T16:48:24.335845+07:00 LAPTOP-6OTU1RGQ kernel: sd 0:0:0:2: [sdc] Attached SCSI disk
2026-02-05T16:48:24.335845+07:00 LAPTOP-6OTU1RGQ kernel: EXT4-fs (sda): mounted filesystem 00000000-0000-0000-0000-000000000000 ro without journal. Quota mode: none.
2026-02-05T16:48:24.335848+07:00 LAPTOP-6OTU1RGQ kernel: EXT4-fs (sdb): mounted filesystem 00000000-0000-0000-0000-000000000000 ro without journal. Quota mode: none.
2026-02-05T16:48:24.335848+07:00 LAPTOP-6OTU1RGQ kernel: tun: Universal TUN/TAP device driver, 1.6
2026-02-05T16:48:24.335849+07:00 LAPTOP-6OTU1RGQ kernel: Adding 4194304k swap on /dev/sdc.  Priority:-2 extents:1 across:4194304k 
2026-02-05T16:48:24.335849+07:00 LAPTOP-6OTU1RGQ kernel: bridge: filtering via arp/ip/ip6tables is no longer available by default. Update your scripts to load br_netfilter if you need this.
2026-02-05T16:48:24.335849+07:00 LAPTOP-6OTU1RGQ kernel: Bridge firewalling registered
2026-02-05T16:48:24.335850+07:00 LAPTOP-6OTU1RGQ kernel: hv_pci 271111d1-4c85-46b2-b434-73773754a6ce: PCI VMBus probing: Using version 0x10004
2026-02-05T16:48:24.335851+07:00 LAPTOP-6OTU1RGQ kernel: hv_pci 271111d1-4c85-46b2-b434-73773754a6ce: PCI host bridge to bus 4c85:00
2026-02-05T16:48:24.335852+07:00 LAPTOP-6OTU1RGQ kernel: pci_bus 4c85:00: root bus resource [mem 0xc00000000-0xe00001fff window]
2026-02-05T16:48:24.335852+07:00 LAPTOP-6OTU1RGQ kernel: pci_bus 4c85:00: No busn resource found for root bus, will use [bus 00-ff]
2026-02-05T16:48:24.335852+07:00 LAPTOP-6OTU1RGQ kernel: pci 4c85:00:00.0: [1af4:105a] type 00 class 0x088000
2026-02-05T16:48:24.335853+07:00 LAPTOP-6OTU1RGQ kernel: pci 4c85:00:00.0: reg 0x10: [mem 0xe00000000-0xe00000fff 64bit]
2026-02-05T16:48:24.335865+07:00 LAPTOP-6OTU1RGQ kernel: pci 4c85:00:00.0: reg 0x18: [mem 0xe00001000-0xe00001fff 64bit]
2026-02-05T16:48:24.335867+07:00 LAPTOP-6OTU1RGQ kernel: pci 4c85:00:00.0: reg 0x20: [mem 0xc00000000-0xdffffffff 64bit]
2026-02-05T16:48:24.335868+07:00 LAPTOP-6OTU1RGQ kernel: pci_bus 4c85:00: busn_res: [bus 00-ff] end is updated to 00
2026-02-05T16:48:24.335868+07:00 LAPTOP-6OTU1RGQ kernel: pci 4c85:00:00.0: BAR 4: assigned [mem 0xc00000000-0xdffffffff 64bit]
2026-02-05T16:48:24.335868+07:00 LAPTOP-6OTU1RGQ kernel: pci 4c85:00:00.0: BAR 0: assigned [mem 0xe00000000-0xe00000fff 64bit]
2026-02-05T16:48:24.335868+07:00 LAPTOP-6OTU1RGQ kernel: pci 4c85:00:00.0: BAR 2: assigned [mem 0xe00001000-0xe00001fff 64bit]
2026-02-05T16:48:24.335869+07:00 LAPTOP-6OTU1RGQ kernel: virtio-pci 4c85:00:00.0: enabling device (0000 -> 0002)
2026-02-05T16:48:24.335869+07:00 LAPTOP-6OTU1RGQ kernel: virtiofs virtio1: Cache len: 0x200000000 @ 0xc00000000
2026-02-05T16:48:24.335871+07:00 LAPTOP-6OTU1RGQ kernel: scsi 0:0:0:3: Direct-Access     Msft     Virtual Disk     1.0  PQ: 0 ANSI: 5
2026-02-05T16:48:24.335872+07:00 LAPTOP-6OTU1RGQ kernel: sd 0:0:0:3: Attached scsi generic sg3 type 0
2026-02-05T16:48:24.335872+07:00 LAPTOP-6OTU1RGQ kernel: sd 0:0:0:3: [sdd] 2147483648 512-byte logical blocks: (1.10 TB/1.00 TiB)
2026-02-05T16:48:24.335872+07:00 LAPTOP-6OTU1RGQ kernel: sd 0:0:0:3: [sdd] 4096-byte physical blocks
2026-02-05T16:48:24.335872+07:00 LAPTOP-6OTU1RGQ kernel: sd 0:0:0:3: [sdd] Write Protect is off
2026-02-05T16:48:24.335873+07:00 LAPTOP-6OTU1RGQ kernel: sd 0:0:0:3: [sdd] Mode Sense: 0f 00 00 00
2026-02-05T16:48:24.335875+07:00 LAPTOP-6OTU1RGQ kernel: sd 0:0:0:3: [sdd] Write cache: enabled, read cache: enabled, doesn't support DPO or FUA
2026-02-05T16:48:24.335875+07:00 LAPTOP-6OTU1RGQ kernel: sd 0:0:0:3: [sdd] Attached SCSI disk
2026-02-05T16:48:24.335875+07:00 LAPTOP-6OTU1RGQ kernel: EXT4-fs (sdd): mounted filesystem 0d10eddf-f9e8-493f-b603-175a38043c85 r/w with ordered data mode. Quota mode: none.
2026-02-05T16:48:24.335876+07:00 LAPTOP-6OTU1RGQ kernel: pulseaudio[362]: memfd_create() called without MFD_EXEC or MFD_NOEXEC_SEAL set
2026-02-05T16:48:24.335876+07:00 LAPTOP-6OTU1RGQ kernel: misc dxg: dxgk: dxgkio_is_feature_enabled: Ioctl failed: -22
2026-02-05T16:48:24.335876+07:00 LAPTOP-6OTU1RGQ kernel: misc dxg: dxgk: dxgkio_query_adapter_info: Ioctl failed: -1
2026-02-05T16:48:24.335878+07:00 LAPTOP-6OTU1RGQ kernel: misc dxg: dxgk: dxgkio_query_adapter_info: Ioctl failed: -22
2026-02-05T16:48:24.335882+07:00 LAPTOP-6OTU1RGQ kernel: message repeated 4 times: [ misc dxg: dxgk: dxgkio_query_adapter_info: Ioctl failed: -22]
2026-02-05T16:48:24.335883+07:00 LAPTOP-6OTU1RGQ kernel: misc dxg: dxgk: dxgkio_query_adapter_info: Ioctl failed: -2
2026-02-05T16:48:24.335886+07:00 LAPTOP-6OTU1RGQ kernel: misc dxg: dxgk: dxgkio_query_adapter_info: Ioctl failed: -22
2026-02-05T16:48:24.335887+07:00 LAPTOP-6OTU1RGQ kernel: message repeated 2 times: [ misc dxg: dxgk: dxgkio_query_adapter_info: Ioctl failed: -22]
2026-02-05T16:48:24.335887+07:00 LAPTOP-6OTU1RGQ kernel: misc dxg: dxgk: dxgkio_query_adapter_info: Ioctl failed: -2
2026-02-05T16:48:24.335889+07:00 LAPTOP-6OTU1RGQ kernel: misc dxg: dxgk: dxgkio_query_adapter_info: Ioctl failed: -22
2026-02-05T16:48:24.335890+07:00 LAPTOP-6OTU1RGQ kernel: message repeated 2 times: [ misc dxg: dxgk: dxgkio_query_adapter_info: Ioctl failed: -22]
2026-02-05T16:48:24.335890+07:00 LAPTOP-6OTU1RGQ kernel: misc dxg: dxgk: dxgkio_query_adapter_info: Ioctl failed: -2
2026-02-05T16:48:24.335913+07:00 LAPTOP-6OTU1RGQ kernel: ACPI: AC: AC Adapter [AC1] (off-line)
2026-02-05T16:48:24.335916+07:00 LAPTOP-6OTU1RGQ kernel: ACPI: battery: Slot [BAT1] (battery present)
2026-02-05T16:48:24.453705+07:00 LAPTOP-6OTU1RGQ kernel: kvm_amd: TSC scaling supported
2026-02-05T16:48:24.453720+07:00 LAPTOP-6OTU1RGQ kernel: kvm_amd: Nested Virtualization enabled
2026-02-05T16:48:24.453722+07:00 LAPTOP-6OTU1RGQ kernel: kvm_amd: Nested Paging enabled
2026-02-05T16:48:24.453723+07:00 LAPTOP-6OTU1RGQ kernel: kvm_amd: kvm_amd: Hyper-V enlightened NPT TLB flush enabled
2026-02-05T16:48:24.453723+07:00 LAPTOP-6OTU1RGQ kernel: kvm_amd: kvm_amd: Hyper-V Direct TLB Flush enabled
2026-02-05T16:48:24.453724+07:00 LAPTOP-6OTU1RGQ kernel: kvm_amd: Virtual VMLOAD VMSAVE supported
2026-02-05T16:49:09.276606+07:00 LAPTOP-6OTU1RGQ kernel: hv_balloon: Max. dynamic memory size: 15932 MB
2026-02-05T16:58:22.561863+07:00 LAPTOP-6OTU1RGQ kernel: mini_init (316): drop_caches: 1
2026-02-05T17:08:45.295836+07:00 LAPTOP-6OTU1RGQ kernel: TCP: eth0: Driver has suspect GRO implementation, TCP performance may be compromised.
2026-02-05T20:42:14.187492+07:00 LAPTOP-6OTU1RGQ kernel: Linux version 6.6.87.2-microsoft-standard-WSL2 (root@439a258ad544) (gcc (GCC) 11.2.0, GNU ld (GNU Binutils) 2.37) #1 SMP PREEMPT_DYNAMIC Thu Jun  5 18:30:46 UTC 2025
2026-02-05T20:42:14.187501+07:00 LAPTOP-6OTU1RGQ kernel: Command line: initrd=\initrd.img WSL_ROOT_INIT=1 panic=-1 nr_cpus=24 hv_utils.timesync_implicit=1 console=hvc0 debug pty.legacy_count=0 WSL_ENABLE_CRASH_DUMP=1
2026-02-05T20:42:14.187502+07:00 LAPTOP-6OTU1RGQ kernel: KERNEL supported cpus:
2026-02-05T20:42:14.187502+07:00 LAPTOP-6OTU1RGQ kernel:   Intel GenuineIntel
2026-02-05T20:42:14.187502+07:00 LAPTOP-6OTU1RGQ kernel:   AMD AuthenticAMD
2026-02-05T20:42:14.187502+07:00 LAPTOP-6OTU1RGQ kernel: BIOS-provided physical RAM map:
2026-02-05T20:42:14.187503+07:00 LAPTOP-6OTU1RGQ kernel: BIOS-e820: [mem 0x0000000000000000-0x000000000009ffff] usable
2026-02-05T20:42:14.187504+07:00 LAPTOP-6OTU1RGQ kernel: BIOS-e820: [mem 0x00000000000e0000-0x00000000000e0fff] reserved
2026-02-05T20:42:14.187504+07:00 LAPTOP-6OTU1RGQ kernel: BIOS-e820: [mem 0x0000000000100000-0x00000000001fffff] ACPI data
2026-02-05T20:42:14.187505+07:00 LAPTOP-6OTU1RGQ kernel: BIOS-e820: [mem 0x0000000000200000-0x00000000f7ffffff] usable
2026-02-05T20:42:14.187505+07:00 LAPTOP-6OTU1RGQ kernel: BIOS-e820: [mem 0x0000000100000000-0x00000003ebbfffff] usable
2026-02-05T20:42:14.187505+07:00 LAPTOP-6OTU1RGQ kernel: NX (Execute Disable) protection: active
2026-02-05T20:42:14.187505+07:00 LAPTOP-6OTU1RGQ kernel: APIC: Static calls initialized
2026-02-05T20:42:14.187506+07:00 LAPTOP-6OTU1RGQ kernel: DMI not present or invalid.
2026-02-05T20:42:14.187507+07:00 LAPTOP-6OTU1RGQ kernel: Hypervisor detected: Microsoft Hyper-V
2026-02-05T20:42:14.187507+07:00 LAPTOP-6OTU1RGQ kernel: Hyper-V: privilege flags low 0xae7f, high 0x3b8030, hints 0x900c2c, misc 0xe4bed7b6
2026-02-05T20:42:14.187507+07:00 LAPTOP-6OTU1RGQ kernel: Hyper-V: Nested features: 0x4a0000
2026-02-05T20:42:14.187507+07:00 LAPTOP-6OTU1RGQ kernel: Hyper-V: LAPIC Timer Frequency: 0xc3500
2026-02-05T20:42:14.187508+07:00 LAPTOP-6OTU1RGQ kernel: Hyper-V: Using hypercall for remote TLB flush
2026-02-05T20:42:14.187508+07:00 LAPTOP-6OTU1RGQ kernel: clocksource: hyperv_clocksource_tsc_page: mask: 0xffffffffffffffff max_cycles: 0x24e6a1710, max_idle_ns: 440795202120 ns
2026-02-05T20:42:14.187516+07:00 LAPTOP-6OTU1RGQ kernel: clocksource: hyperv_clocksource_msr: mask: 0xffffffffffffffff max_cycles: 0x24e6a1710, max_idle_ns: 440795202120 ns
2026-02-05T20:42:14.187516+07:00 LAPTOP-6OTU1RGQ kernel: tsc: Detected 1996.204 MHz processor
2026-02-05T20:42:14.187517+07:00 LAPTOP-6OTU1RGQ kernel: e820: update [mem 0x00000000-0x00000fff] usable ==> reserved
2026-02-05T20:42:14.187517+07:00 LAPTOP-6OTU1RGQ kernel: e820: remove [mem 0x000a0000-0x000fffff] usable
2026-02-05T20:42:14.187517+07:00 LAPTOP-6OTU1RGQ kernel: last_pfn = 0x3ebc00 max_arch_pfn = 0x400000000
2026-02-05T20:42:14.187517+07:00 LAPTOP-6OTU1RGQ kernel: MTRR map: 5 entries (4 fixed + 1 variable; max 20), built from 8 variable MTRRs
2026-02-05T20:42:14.187518+07:00 LAPTOP-6OTU1RGQ kernel: x86/PAT: Configuration [0-7]: WB  WC  UC- UC  WB  WP  UC- WT  
2026-02-05T20:42:14.187521+07:00 LAPTOP-6OTU1RGQ kernel: last_pfn = 0xf8000 max_arch_pfn = 0x400000000
2026-02-05T20:42:14.187521+07:00 LAPTOP-6OTU1RGQ kernel: Using GB pages for direct mapping
2026-02-05T20:42:14.187522+07:00 LAPTOP-6OTU1RGQ kernel: RAMDISK: [mem 0x04be4000-0x04e7ffff]
2026-02-05T20:42:14.187522+07:00 LAPTOP-6OTU1RGQ kernel: ACPI: Early table checksum verification disabled
2026-02-05T20:42:14.187522+07:00 LAPTOP-6OTU1RGQ kernel: ACPI: RSDP 0x00000000000E0000 000024 (v02 VRTUAL)
2026-02-05T20:42:14.187526+07:00 LAPTOP-6OTU1RGQ kernel: ACPI: XSDT 0x0000000000100000 000044 (v01 VRTUAL MICROSFT 00000001 MSFT 00000001)
2026-02-05T20:42:14.187527+07:00 LAPTOP-6OTU1RGQ kernel: ACPI: FACP 0x0000000000101000 000114 (v06 VRTUAL MICROSFT 00000001 MSFT 00000001)
2026-02-05T20:42:14.187528+07:00 LAPTOP-6OTU1RGQ kernel: ACPI: DSDT 0x00000000001011B8 01E11C (v02 MSFTVM DSDT01   00000001 INTL 20230628)
2026-02-05T20:42:14.187528+07:00 LAPTOP-6OTU1RGQ kernel: ACPI: FACS 0x0000000000101114 000040
2026-02-05T20:42:14.187528+07:00 LAPTOP-6OTU1RGQ kernel: ACPI: OEM0 0x0000000000101154 000064 (v01 VRTUAL MICROSFT 00000001 MSFT 00000001)
2026-02-05T20:42:14.187528+07:00 LAPTOP-6OTU1RGQ kernel: ACPI: SRAT 0x000000000011F2D4 000430 (v02 VRTUAL MICROSFT 00000001 MSFT 00000001)
2026-02-05T20:42:14.187529+07:00 LAPTOP-6OTU1RGQ kernel: ACPI: APIC 0x000000000011F704 000108 (v04 VRTUAL MICROSFT 00000001 MSFT 00000001)
2026-02-05T20:42:14.187593+07:00 LAPTOP-6OTU1RGQ kernel: ACPI: Reserving FACP table memory at [mem 0x101000-0x101113]
2026-02-05T20:42:14.187595+07:00 LAPTOP-6OTU1RGQ kernel: ACPI: Reserving DSDT table memory at [mem 0x1011b8-0x11f2d3]
2026-02-05T20:42:14.187595+07:00 LAPTOP-6OTU1RGQ kernel: ACPI: Reserving FACS table memory at [mem 0x101114-0x101153]
2026-02-05T20:42:14.187595+07:00 LAPTOP-6OTU1RGQ kernel: ACPI: Reserving OEM0 table memory at [mem 0x101154-0x1011b7]
2026-02-05T20:42:14.187596+07:00 LAPTOP-6OTU1RGQ kernel: ACPI: Reserving SRAT table memory at [mem 0x11f2d4-0x11f703]
2026-02-05T20:42:14.187596+07:00 LAPTOP-6OTU1RGQ kernel: ACPI: Reserving APIC table memory at [mem 0x11f704-0x11f80b]
2026-02-05T20:42:14.187597+07:00 LAPTOP-6OTU1RGQ kernel: SRAT: PXM 0 -> APIC 0x00 -> Node 0
2026-02-05T20:42:14.187598+07:00 LAPTOP-6OTU1RGQ kernel: SRAT: PXM 0 -> APIC 0x01 -> Node 0
2026-02-05T20:42:14.187598+07:00 LAPTOP-6OTU1RGQ kernel: SRAT: PXM 0 -> APIC 0x02 -> Node 0
2026-02-05T20:42:14.187598+07:00 LAPTOP-6OTU1RGQ kernel: SRAT: PXM 0 -> APIC 0x03 -> Node 0
2026-02-05T20:42:14.187598+07:00 LAPTOP-6OTU1RGQ kernel: SRAT: PXM 0 -> APIC 0x04 -> Node 0
2026-02-05T20:42:14.187599+07:00 LAPTOP-6OTU1RGQ kernel: SRAT: PXM 0 -> APIC 0x05 -> Node 0
2026-02-05T20:42:14.187599+07:00 LAPTOP-6OTU1RGQ kernel: SRAT: PXM 0 -> APIC 0x06 -> Node 0
2026-02-05T20:42:14.187600+07:00 LAPTOP-6OTU1RGQ kernel: SRAT: PXM 0 -> APIC 0x07 -> Node 0
2026-02-05T20:42:14.187600+07:00 LAPTOP-6OTU1RGQ kernel: SRAT: PXM 0 -> APIC 0x08 -> Node 0
2026-02-05T20:42:14.187600+07:00 LAPTOP-6OTU1RGQ kernel: SRAT: PXM 0 -> APIC 0x09 -> Node 0
2026-02-05T20:42:14.187601+07:00 LAPTOP-6OTU1RGQ kernel: SRAT: PXM 0 -> APIC 0x0a -> Node 0
2026-02-05T20:42:14.187601+07:00 LAPTOP-6OTU1RGQ kernel: SRAT: PXM 0 -> APIC 0x0b -> Node 0
2026-02-05T20:42:14.187601+07:00 LAPTOP-6OTU1RGQ kernel: SRAT: PXM 0 -> APIC 0x0c -> Node 0
2026-02-05T20:42:14.187602+07:00 LAPTOP-6OTU1RGQ kernel: SRAT: PXM 0 -> APIC 0x0d -> Node 0
2026-02-05T20:42:14.187602+07:00 LAPTOP-6OTU1RGQ kernel: SRAT: PXM 0 -> APIC 0x0e -> Node 0
2026-02-05T20:42:14.187603+07:00 LAPTOP-6OTU1RGQ kernel: SRAT: PXM 0 -> APIC 0x0f -> Node 0
2026-02-05T20:42:14.187603+07:00 LAPTOP-6OTU1RGQ kernel: SRAT: PXM 0 -> APIC 0x10 -> Node 0
2026-02-05T20:42:14.187603+07:00 LAPTOP-6OTU1RGQ kernel: SRAT: PXM 0 -> APIC 0x11 -> Node 0
2026-02-05T20:42:14.187603+07:00 LAPTOP-6OTU1RGQ kernel: SRAT: PXM 0 -> APIC 0x12 -> Node 0
2026-02-05T20:42:14.187604+07:00 LAPTOP-6OTU1RGQ kernel: SRAT: PXM 0 -> APIC 0x13 -> Node 0
2026-02-05T20:42:14.187605+07:00 LAPTOP-6OTU1RGQ kernel: SRAT: PXM 0 -> APIC 0x14 -> Node 0
2026-02-05T20:42:14.187605+07:00 LAPTOP-6OTU1RGQ kernel: SRAT: PXM 0 -> APIC 0x15 -> Node 0
2026-02-05T20:42:14.187605+07:00 LAPTOP-6OTU1RGQ kernel: SRAT: PXM 0 -> APIC 0x16 -> Node 0
2026-02-05T20:42:14.187605+07:00 LAPTOP-6OTU1RGQ kernel: SRAT: PXM 0 -> APIC 0x17 -> Node 0
2026-02-05T20:42:14.187606+07:00 LAPTOP-6OTU1RGQ kernel: ACPI: SRAT: Node 0 PXM 0 [mem 0x00000000-0xf7ffffff] hotplug
2026-02-05T20:42:14.187606+07:00 LAPTOP-6OTU1RGQ kernel: ACPI: SRAT: Node 0 PXM 0 [mem 0x100000000-0x3ebbfffff] hotplug
2026-02-05T20:42:14.187607+07:00 LAPTOP-6OTU1RGQ kernel: ACPI: SRAT: Node 0 PXM 0 [mem 0x3ebc00000-0x9ffdfffff] hotplug
2026-02-05T20:42:14.187607+07:00 LAPTOP-6OTU1RGQ kernel: ACPI: SRAT: Node 0 PXM 0 [mem 0x1000000000-0xfcffffffff] hotplug
2026-02-05T20:42:14.187607+07:00 LAPTOP-6OTU1RGQ kernel: ACPI: SRAT: Node 0 PXM 0 [mem 0x10000000000-0x1ffffffffff] hotplug
2026-02-05T20:42:14.187608+07:00 LAPTOP-6OTU1RGQ kernel: ACPI: SRAT: Node 0 PXM 0 [mem 0x20000000000-0x3ffffffffff] hotplug
2026-02-05T20:42:14.187608+07:00 LAPTOP-6OTU1RGQ kernel: ACPI: SRAT: Node 0 PXM 0 [mem 0x40000000000-0x7ffffffffff] hotplug
2026-02-05T20:42:14.187608+07:00 LAPTOP-6OTU1RGQ kernel: ACPI: SRAT: Node 0 PXM 0 [mem 0x80000000000-0xfffffffffff] hotplug
2026-02-05T20:42:14.187609+07:00 LAPTOP-6OTU1RGQ kernel: ACPI: SRAT: Node 0 PXM 0 [mem 0x100000000000-0x1fffffffffff] hotplug
2026-02-05T20:42:14.187609+07:00 LAPTOP-6OTU1RGQ kernel: ACPI: SRAT: Node 0 PXM 0 [mem 0x200000000000-0x3fffffffffff] hotplug
2026-02-05T20:42:14.187610+07:00 LAPTOP-6OTU1RGQ kernel: ACPI: SRAT: Node 0 PXM 0 [mem 0x400000000000-0x7fffffffffff] hotplug
2026-02-05T20:42:14.187610+07:00 LAPTOP-6OTU1RGQ kernel: ACPI: SRAT: Node 0 PXM 0 [mem 0x800000000000-0xffffffffffff] hotplug
2026-02-05T20:42:14.187610+07:00 LAPTOP-6OTU1RGQ kernel: ACPI: SRAT: Node 0 PXM 0 [mem 0x1000000000000-0x1ffffffffffff] hotplug
2026-02-05T20:42:14.187610+07:00 LAPTOP-6OTU1RGQ kernel: ACPI: SRAT: Node 0 PXM 0 [mem 0x2000000000000-0x3ffffffffffff] hotplug
2026-02-05T20:42:14.187611+07:00 LAPTOP-6OTU1RGQ kernel: ACPI: SRAT: Node 0 PXM 0 [mem 0x4000000000000-0x7ffffffffffff] hotplug
2026-02-05T20:42:14.187612+07:00 LAPTOP-6OTU1RGQ kernel: ACPI: SRAT: Node 0 PXM 0 [mem 0x8000000000000-0xfffffffffffff] hotplug
2026-02-05T20:42:14.187612+07:00 LAPTOP-6OTU1RGQ kernel: NUMA: Node 0 [mem 0x00000000-0xf7ffffff] + [mem 0x100000000-0x3ebbfffff] -> [mem 0x00000000-0x3ebbfffff]
2026-02-05T20:42:14.187612+07:00 LAPTOP-6OTU1RGQ kernel: NODE_DATA(0) allocated [mem 0x3ebbdd000-0x3ebbfefff]
2026-02-05T20:42:14.187613+07:00 LAPTOP-6OTU1RGQ kernel: Zone ranges:
2026-02-05T20:42:14.187613+07:00 LAPTOP-6OTU1RGQ kernel:   DMA32    [mem 0x0000000000001000-0x00000000ffffffff]
2026-02-05T20:42:14.187613+07:00 LAPTOP-6OTU1RGQ kernel:   Normal   [mem 0x0000000100000000-0x00000003ebbfffff]
2026-02-05T20:42:14.187614+07:00 LAPTOP-6OTU1RGQ kernel:   Device   empty
2026-02-05T20:42:14.187614+07:00 LAPTOP-6OTU1RGQ kernel: Movable zone start for each node
2026-02-05T20:42:14.187615+07:00 LAPTOP-6OTU1RGQ kernel: Early memory node ranges
2026-02-05T20:42:14.187615+07:00 LAPTOP-6OTU1RGQ kernel:   node   0: [mem 0x0000000000001000-0x000000000009ffff]
2026-02-05T20:42:14.187615+07:00 LAPTOP-6OTU1RGQ kernel:   node   0: [mem 0x0000000000200000-0x00000000f7ffffff]
2026-02-05T20:42:14.187615+07:00 LAPTOP-6OTU1RGQ kernel:   node   0: [mem 0x0000000100000000-0x00000003ebbfffff]
2026-02-05T20:42:14.187616+07:00 LAPTOP-6OTU1RGQ kernel: Initmem setup node 0 [mem 0x0000000000001000-0x00000003ebbfffff]
2026-02-05T20:42:14.187710+07:00 LAPTOP-6OTU1RGQ kernel: On node 0, zone DMA32: 1 pages in unavailable ranges
2026-02-05T20:42:14.187711+07:00 LAPTOP-6OTU1RGQ kernel: On node 0, zone DMA32: 352 pages in unavailable ranges
2026-02-05T20:42:14.187712+07:00 LAPTOP-6OTU1RGQ kernel: On node 0, zone Normal: 17408 pages in unavailable ranges
2026-02-05T20:42:14.187713+07:00 LAPTOP-6OTU1RGQ kernel: ACPI: PM-Timer IO Port: 0x408
2026-02-05T20:42:14.187713+07:00 LAPTOP-6OTU1RGQ kernel: ACPI: LAPIC_NMI (acpi_id[0x01] dfl dfl lint[0x1])
2026-02-05T20:42:14.187714+07:00 LAPTOP-6OTU1RGQ kernel: IOAPIC[0]: apic_id 24, version 17, address 0xfec00000, GSI 0-23
2026-02-05T20:42:14.187752+07:00 LAPTOP-6OTU1RGQ kernel: ACPI: INT_SRC_OVR (bus 0 bus_irq 9 global_irq 9 high level)
2026-02-05T20:42:14.187753+07:00 LAPTOP-6OTU1RGQ kernel: ACPI: Using ACPI (MADT) for SMP configuration information
2026-02-05T20:42:14.187754+07:00 LAPTOP-6OTU1RGQ kernel: smpboot: Allowing 24 CPUs, 0 hotplug CPUs
2026-02-05T20:42:14.187755+07:00 LAPTOP-6OTU1RGQ kernel: PM: hibernation: Registered nosave memory: [mem 0x00000000-0x00000fff]
2026-02-05T20:42:14.187755+07:00 LAPTOP-6OTU1RGQ kernel: PM: hibernation: Registered nosave memory: [mem 0x000a0000-0x000dffff]
2026-02-05T20:42:14.187756+07:00 LAPTOP-6OTU1RGQ kernel: PM: hibernation: Registered nosave memory: [mem 0x000e0000-0x000e0fff]
2026-02-05T20:42:14.187759+07:00 LAPTOP-6OTU1RGQ kernel: PM: hibernation: Registered nosave memory: [mem 0x000e1000-0x000fffff]
2026-02-05T20:42:14.187760+07:00 LAPTOP-6OTU1RGQ kernel: PM: hibernation: Registered nosave memory: [mem 0x00100000-0x001fffff]
2026-02-05T20:42:14.187843+07:00 LAPTOP-6OTU1RGQ kernel: PM: hibernation: Registered nosave memory: [mem 0xf8000000-0xffffffff]
2026-02-05T20:42:14.188063+07:00 LAPTOP-6OTU1RGQ kernel: [mem 0xf8000000-0xffffffff] available for PCI devices
2026-02-05T20:42:14.188066+07:00 LAPTOP-6OTU1RGQ kernel: Booting paravirtualized kernel on Hyper-V
2026-02-05T20:42:14.188067+07:00 LAPTOP-6OTU1RGQ kernel: clocksource: refined-jiffies: mask: 0xffffffff max_cycles: 0xffffffff, max_idle_ns: 7645519600211568 ns
2026-02-05T20:42:14.188075+07:00 LAPTOP-6OTU1RGQ kernel: setup_percpu: NR_CPUS:8192 nr_cpumask_bits:24 nr_cpu_ids:24 nr_node_ids:1
2026-02-05T20:42:14.188076+07:00 LAPTOP-6OTU1RGQ kernel: percpu: Embedded 63 pages/cpu s221184 r8192 d28672 u262144
2026-02-05T20:42:14.188076+07:00 LAPTOP-6OTU1RGQ kernel: pcpu-alloc: s221184 r8192 d28672 u262144 alloc=1*2097152
2026-02-05T20:42:14.188076+07:00 LAPTOP-6OTU1RGQ kernel: pcpu-alloc: [0] 00 01 02 03 04 05 06 07 [0] 08 09 10 11 12 13 14 15 
2026-02-05T20:42:14.188076+07:00 LAPTOP-6OTU1RGQ kernel: pcpu-alloc: [0] 16 17 18 19 20 21 22 23 
2026-02-05T20:42:14.188077+07:00 LAPTOP-6OTU1RGQ kernel: Hyper-V: PV spinlocks enabled
2026-02-05T20:42:14.188077+07:00 LAPTOP-6OTU1RGQ kernel: PV qspinlock hash table entries: 256 (order: 0, 4096 bytes, linear)
2026-02-05T20:42:14.188079+07:00 LAPTOP-6OTU1RGQ kernel: Kernel command line: initrd=\initrd.img WSL_ROOT_INIT=1 panic=-1 nr_cpus=24 hv_utils.timesync_implicit=1 console=hvc0 debug pty.legacy_count=0 WSL_ENABLE_CRASH_DUMP=1
2026-02-05T20:42:14.188080+07:00 LAPTOP-6OTU1RGQ kernel: Unknown kernel command line parameters "WSL_ROOT_INIT=1 WSL_ENABLE_CRASH_DUMP=1", will be passed to user space.
2026-02-05T20:42:14.188080+07:00 LAPTOP-6OTU1RGQ kernel: random: crng init done
2026-02-05T20:42:14.188081+07:00 LAPTOP-6OTU1RGQ kernel: Dentry cache hash table entries: 2097152 (order: 12, 16777216 bytes, linear)
2026-02-05T20:42:14.188082+07:00 LAPTOP-6OTU1RGQ kernel: Inode-cache hash table entries: 1048576 (order: 11, 8388608 bytes, linear)
2026-02-05T20:42:14.188083+07:00 LAPTOP-6OTU1RGQ kernel: Fallback order for Node 0: 0 
2026-02-05T20:42:14.188083+07:00 LAPTOP-6OTU1RGQ kernel: Built 1 zonelists, mobility grouping on.  Total pages: 4013840
2026-02-05T20:42:14.188084+07:00 LAPTOP-6OTU1RGQ kernel: Policy zone: Normal
2026-02-05T20:42:14.188085+07:00 LAPTOP-6OTU1RGQ kernel: mem auto-init: stack:off, heap alloc:on, heap free:off
2026-02-05T20:42:14.188086+07:00 LAPTOP-6OTU1RGQ kernel: software IO TLB: area num 32.
2026-02-05T20:42:14.188087+07:00 LAPTOP-6OTU1RGQ kernel: Memory: 4074588K/16312956K available (20480K kernel code, 3457K rwdata, 13496K rodata, 4492K init, 6208K bss, 405820K reserved, 0K cma-reserved)
2026-02-05T20:42:14.188087+07:00 LAPTOP-6OTU1RGQ kernel: SLUB: HWalign=64, Order=0-3, MinObjects=0, CPUs=24, Nodes=1
2026-02-05T20:42:14.188089+07:00 LAPTOP-6OTU1RGQ kernel: ftrace: allocating 55808 entries in 218 pages
2026-02-05T20:42:14.188089+07:00 LAPTOP-6OTU1RGQ kernel: ftrace: allocated 218 pages with 5 groups
2026-02-05T20:42:14.188090+07:00 LAPTOP-6OTU1RGQ kernel: Dynamic Preempt: none
2026-02-05T20:42:14.188090+07:00 LAPTOP-6OTU1RGQ kernel: rcu: Preemptible hierarchical RCU implementation.
2026-02-05T20:42:14.188090+07:00 LAPTOP-6OTU1RGQ kernel: rcu: 	RCU restricting CPUs from NR_CPUS=8192 to nr_cpu_ids=24.
2026-02-05T20:42:14.188090+07:00 LAPTOP-6OTU1RGQ kernel: 	Trampoline variant of Tasks RCU enabled.
2026-02-05T20:42:14.188092+07:00 LAPTOP-6OTU1RGQ kernel: 	Rude variant of Tasks RCU enabled.
2026-02-05T20:42:14.188092+07:00 LAPTOP-6OTU1RGQ kernel: 	Tracing variant of Tasks RCU enabled.
2026-02-05T20:42:14.188092+07:00 LAPTOP-6OTU1RGQ kernel: rcu: RCU calculated value of scheduler-enlistment delay is 25 jiffies.
2026-02-05T20:42:14.188093+07:00 LAPTOP-6OTU1RGQ kernel: rcu: Adjusting geometry for rcu_fanout_leaf=16, nr_cpu_ids=24
2026-02-05T20:42:14.188093+07:00 LAPTOP-6OTU1RGQ kernel: Using NULL legacy PIC
2026-02-05T20:42:14.188093+07:00 LAPTOP-6OTU1RGQ kernel: NR_IRQS: 524544, nr_irqs: 616, preallocated irqs: 0
2026-02-05T20:42:14.188094+07:00 LAPTOP-6OTU1RGQ kernel: rcu: srcu_init: Setting srcu_struct sizes based on contention.
2026-02-05T20:42:14.188095+07:00 LAPTOP-6OTU1RGQ kernel: Console: colour dummy device 80x25
2026-02-05T20:42:14.188095+07:00 LAPTOP-6OTU1RGQ kernel: ACPI: Core revision 20230628
2026-02-05T20:42:14.188095+07:00 LAPTOP-6OTU1RGQ kernel: Failed to register legacy timer interrupt
2026-02-05T20:42:14.188095+07:00 LAPTOP-6OTU1RGQ kernel: APIC: Switch to symmetric I/O mode setup
2026-02-05T20:42:14.188095+07:00 LAPTOP-6OTU1RGQ kernel: APIC: Switched APIC routing to: physical flat
2026-02-05T20:42:14.188096+07:00 LAPTOP-6OTU1RGQ kernel: Hyper-V: Host Build 10.0.26100.7705-7-0
2026-02-05T20:42:14.188097+07:00 LAPTOP-6OTU1RGQ kernel: Hyper-V: enabling crash_kexec_post_notifiers
2026-02-05T20:42:14.188097+07:00 LAPTOP-6OTU1RGQ kernel: Hyper-V: Using IPI hypercalls
2026-02-05T20:42:14.188097+07:00 LAPTOP-6OTU1RGQ kernel: APIC: send_IPI() replaced with hv_send_ipi()
2026-02-05T20:42:14.188098+07:00 LAPTOP-6OTU1RGQ kernel: APIC: send_IPI_mask() replaced with hv_send_ipi_mask()
2026-02-05T20:42:14.188098+07:00 LAPTOP-6OTU1RGQ kernel: APIC: send_IPI_mask_allbutself() replaced with hv_send_ipi_mask_allbutself()
2026-02-05T20:42:14.188098+07:00 LAPTOP-6OTU1RGQ kernel: APIC: send_IPI_allbutself() replaced with hv_send_ipi_allbutself()
2026-02-05T20:42:14.188099+07:00 LAPTOP-6OTU1RGQ kernel: APIC: send_IPI_all() replaced with hv_send_ipi_all()
2026-02-05T20:42:14.188100+07:00 LAPTOP-6OTU1RGQ kernel: APIC: send_IPI_self() replaced with hv_send_ipi_self()
2026-02-05T20:42:14.188100+07:00 LAPTOP-6OTU1RGQ kernel: Hyper-V: Using enlightened APIC (xapic mode)
2026-02-05T20:42:14.188100+07:00 LAPTOP-6OTU1RGQ kernel: APIC: eoi() replaced with hv_apic_eoi_write()
2026-02-05T20:42:14.188100+07:00 LAPTOP-6OTU1RGQ kernel: APIC: read() replaced with hv_apic_read()
2026-02-05T20:42:14.188100+07:00 LAPTOP-6OTU1RGQ kernel: APIC: write() replaced with hv_apic_write()
2026-02-05T20:42:14.188101+07:00 LAPTOP-6OTU1RGQ kernel: APIC: icr_write() replaced with hv_apic_icr_write()
2026-02-05T20:42:14.188102+07:00 LAPTOP-6OTU1RGQ kernel: APIC: icr_read() replaced with hv_apic_icr_read()
2026-02-05T20:42:14.188102+07:00 LAPTOP-6OTU1RGQ kernel: clocksource: tsc-early: mask: 0xffffffffffffffff max_cycles: 0x398c58f3ad9, max_idle_ns: 881590744025 ns
2026-02-05T20:42:14.188103+07:00 LAPTOP-6OTU1RGQ kernel: Calibrating delay loop (skipped), value calculated using timer frequency.. 3992.40 BogoMIPS (lpj=7984816)
2026-02-05T20:42:14.188103+07:00 LAPTOP-6OTU1RGQ kernel: x86/cpu: User Mode Instruction Prevention (UMIP) activated
2026-02-05T20:42:14.188103+07:00 LAPTOP-6OTU1RGQ kernel: Last level iTLB entries: 4KB 64, 2MB 64, 4MB 32
2026-02-05T20:42:14.188104+07:00 LAPTOP-6OTU1RGQ kernel: Last level dTLB entries: 4KB 128, 2MB 128, 4MB 64, 1GB 0
2026-02-05T20:42:14.188106+07:00 LAPTOP-6OTU1RGQ kernel: Spectre V1 : Mitigation: usercopy/swapgs barriers and __user pointer sanitization
2026-02-05T20:42:14.188106+07:00 LAPTOP-6OTU1RGQ kernel: Spectre V2 : Mitigation: Retpolines
2026-02-05T20:42:14.188107+07:00 LAPTOP-6OTU1RGQ kernel: Spectre V2 : Spectre v2 / SpectreRSB mitigation: Filling RSB on context switch
2026-02-05T20:42:14.188107+07:00 LAPTOP-6OTU1RGQ kernel: Spectre V2 : Spectre v2 / SpectreRSB : Filling RSB on VMEXIT
2026-02-05T20:42:14.188107+07:00 LAPTOP-6OTU1RGQ kernel: Spectre V2 : Enabling Restricted Speculation for firmware calls
2026-02-05T20:42:14.188107+07:00 LAPTOP-6OTU1RGQ kernel: Spectre V2 : mitigation: Enabling conditional Indirect Branch Prediction Barrier
2026-02-05T20:42:14.188108+07:00 LAPTOP-6OTU1RGQ kernel: Spectre V2 : User space: Mitigation: STIBP always-on protection
2026-02-05T20:42:14.188109+07:00 LAPTOP-6OTU1RGQ kernel: Speculative Store Bypass: Mitigation: Speculative Store Bypass disabled via prctl
2026-02-05T20:42:14.188109+07:00 LAPTOP-6OTU1RGQ kernel: x86/fpu: Supporting XSAVE feature 0x001: 'x87 floating point registers'
2026-02-05T20:42:14.188109+07:00 LAPTOP-6OTU1RGQ kernel: x86/fpu: Supporting XSAVE feature 0x002: 'SSE registers'
2026-02-05T20:42:14.188110+07:00 LAPTOP-6OTU1RGQ kernel: x86/fpu: Supporting XSAVE feature 0x004: 'AVX registers'
2026-02-05T20:42:14.188112+07:00 LAPTOP-6OTU1RGQ kernel: x86/fpu: Supporting XSAVE feature 0x020: 'AVX-512 opmask'
2026-02-05T20:42:14.188113+07:00 LAPTOP-6OTU1RGQ kernel: x86/fpu: Supporting XSAVE feature 0x040: 'AVX-512 Hi256'
2026-02-05T20:42:14.188113+07:00 LAPTOP-6OTU1RGQ kernel: x86/fpu: Supporting XSAVE feature 0x080: 'AVX-512 ZMM_Hi256'
2026-02-05T20:42:14.188113+07:00 LAPTOP-6OTU1RGQ kernel: x86/fpu: Supporting XSAVE feature 0x800: 'Control-flow User registers'
2026-02-05T20:42:14.188114+07:00 LAPTOP-6OTU1RGQ kernel: x86/fpu: xstate_offset[2]:  576, xstate_sizes[2]:  256
2026-02-05T20:42:14.188114+07:00 LAPTOP-6OTU1RGQ kernel: x86/fpu: xstate_offset[5]:  832, xstate_sizes[5]:   64
2026-02-05T20:42:14.188114+07:00 LAPTOP-6OTU1RGQ kernel: x86/fpu: xstate_offset[6]:  896, xstate_sizes[6]:  512
2026-02-05T20:42:14.188114+07:00 LAPTOP-6OTU1RGQ kernel: x86/fpu: xstate_offset[7]: 1408, xstate_sizes[7]: 1024
2026-02-05T20:42:14.188116+07:00 LAPTOP-6OTU1RGQ kernel: x86/fpu: xstate_offset[11]: 2432, xstate_sizes[11]:   16
2026-02-05T20:42:14.188116+07:00 LAPTOP-6OTU1RGQ kernel: x86/fpu: Enabled xstate features 0x8e7, context size is 2448 bytes, using 'compacted' format.
2026-02-05T20:42:14.188116+07:00 LAPTOP-6OTU1RGQ kernel: Freeing SMP alternatives memory: 44K
2026-02-05T20:42:14.188116+07:00 LAPTOP-6OTU1RGQ kernel: pid_max: default: 32768 minimum: 301
2026-02-05T20:42:14.188117+07:00 LAPTOP-6OTU1RGQ kernel: LSM: initializing lsm=capability,landlock,yama,safesetid,selinux,integrity
2026-02-05T20:42:14.188117+07:00 LAPTOP-6OTU1RGQ kernel: landlock: Up and running.
2026-02-05T20:42:14.188118+07:00 LAPTOP-6OTU1RGQ kernel: Yama: becoming mindful.
2026-02-05T20:42:14.188118+07:00 LAPTOP-6OTU1RGQ kernel: SELinux:  Initializing.
2026-02-05T20:42:14.188119+07:00 LAPTOP-6OTU1RGQ kernel: Mount-cache hash table entries: 32768 (order: 6, 262144 bytes, linear)
2026-02-05T20:42:14.188119+07:00 LAPTOP-6OTU1RGQ kernel: Mountpoint-cache hash table entries: 32768 (order: 6, 262144 bytes, linear)
2026-02-05T20:42:14.188119+07:00 LAPTOP-6OTU1RGQ kernel: smpboot: CPU0: AMD Ryzen AI 9 HX 370 w/ Radeon 890M (family: 0x1a, model: 0x24, stepping: 0x0)
2026-02-05T20:42:14.188119+07:00 LAPTOP-6OTU1RGQ kernel: RCU Tasks: Setting shift to 5 and lim to 1 rcu_task_cb_adjust=1 rcu_task_cpu_ids=24.
2026-02-05T20:42:14.188120+07:00 LAPTOP-6OTU1RGQ kernel: RCU Tasks Rude: Setting shift to 5 and lim to 1 rcu_task_cb_adjust=1 rcu_task_cpu_ids=24.
2026-02-05T20:42:14.188126+07:00 LAPTOP-6OTU1RGQ kernel: RCU Tasks Trace: Setting shift to 5 and lim to 1 rcu_task_cb_adjust=1 rcu_task_cpu_ids=24.
2026-02-05T20:42:14.188187+07:00 LAPTOP-6OTU1RGQ kernel: Performance Events: Fam17h+ core perfctr, AMD PMU driver.
2026-02-05T20:42:14.188189+07:00 LAPTOP-6OTU1RGQ kernel: ... version:                0
2026-02-05T20:42:14.188190+07:00 LAPTOP-6OTU1RGQ kernel: ... bit width:              48
2026-02-05T20:42:14.188190+07:00 LAPTOP-6OTU1RGQ kernel: ... generic registers:      6
2026-02-05T20:42:14.188190+07:00 LAPTOP-6OTU1RGQ kernel: ... value mask:             0000ffffffffffff
2026-02-05T20:42:14.188232+07:00 LAPTOP-6OTU1RGQ kernel: ... max period:             00007fffffffffff
2026-02-05T20:42:14.188235+07:00 LAPTOP-6OTU1RGQ kernel: ... fixed-purpose events:   0
2026-02-05T20:42:14.188235+07:00 LAPTOP-6OTU1RGQ kernel: ... event mask:             000000000000003f
2026-02-05T20:42:14.188235+07:00 LAPTOP-6OTU1RGQ kernel: signal: max sigframe size: 3376
2026-02-05T20:42:14.188235+07:00 LAPTOP-6OTU1RGQ kernel: rcu: Hierarchical SRCU implementation.
2026-02-05T20:42:14.188236+07:00 LAPTOP-6OTU1RGQ kernel: rcu: 	Max phase no-delay instances is 1000.
2026-02-05T20:42:14.188243+07:00 LAPTOP-6OTU1RGQ kernel: smp: Bringing up secondary CPUs ...
2026-02-05T20:42:14.188244+07:00 LAPTOP-6OTU1RGQ kernel: smpboot: x86: Booting SMP configuration:
2026-02-05T20:42:14.188273+07:00 LAPTOP-6OTU1RGQ kernel: .... node  #0, CPUs:        #2  #4  #6  #8 #10 #12 #14 #16 #18 #20 #22  #1  #3  #5  #7  #9 #11 #13 #15 #17 #19 #21 #23
2026-02-05T20:42:14.188274+07:00 LAPTOP-6OTU1RGQ kernel: Spectre V2 : Update user space SMT mitigation: STIBP always-on
2026-02-05T20:42:14.188275+07:00 LAPTOP-6OTU1RGQ kernel: smp: Brought up 1 node, 24 CPUs
2026-02-05T20:42:14.188275+07:00 LAPTOP-6OTU1RGQ kernel: smpboot: Max logical packages: 1
2026-02-05T20:42:14.188275+07:00 LAPTOP-6OTU1RGQ kernel: smpboot: Total of 24 processors activated (95817.79 BogoMIPS)
2026-02-05T20:42:14.188277+07:00 LAPTOP-6OTU1RGQ kernel: node 0 deferred pages initialised in 28ms
2026-02-05T20:42:14.188277+07:00 LAPTOP-6OTU1RGQ kernel: devtmpfs: initialized
2026-02-05T20:42:14.188278+07:00 LAPTOP-6OTU1RGQ kernel: x86/mm: Memory block size: 128MB
2026-02-05T20:42:14.188278+07:00 LAPTOP-6OTU1RGQ kernel: clocksource: jiffies: mask: 0xffffffff max_cycles: 0xffffffff, max_idle_ns: 7645041785100000 ns
2026-02-05T20:42:14.188278+07:00 LAPTOP-6OTU1RGQ kernel: futex hash table entries: 8192 (order: 7, 524288 bytes, linear)
2026-02-05T20:42:14.188279+07:00 LAPTOP-6OTU1RGQ kernel: pinctrl core: initialized pinctrl subsystem
2026-02-05T20:42:14.188280+07:00 LAPTOP-6OTU1RGQ kernel: NET: Registered PF_NETLINK/PF_ROUTE protocol family
2026-02-05T20:42:14.188281+07:00 LAPTOP-6OTU1RGQ kernel: DMA: preallocated 2048 KiB GFP_KERNEL pool for atomic allocations
2026-02-05T20:42:14.188281+07:00 LAPTOP-6OTU1RGQ kernel: DMA: preallocated 2048 KiB GFP_KERNEL|GFP_DMA32 pool for atomic allocations
2026-02-05T20:42:14.188281+07:00 LAPTOP-6OTU1RGQ kernel: audit: initializing netlink subsys (disabled)
2026-02-05T20:42:14.188282+07:00 LAPTOP-6OTU1RGQ kernel: audit: type=2000 audit(1770298929.068:1): state=initialized audit_enabled=0 res=1
2026-02-05T20:42:14.188282+07:00 LAPTOP-6OTU1RGQ kernel: thermal_sys: Registered thermal governor 'step_wise'
2026-02-05T20:42:14.188284+07:00 LAPTOP-6OTU1RGQ kernel: thermal_sys: Registered thermal governor 'user_space'
2026-02-05T20:42:14.188284+07:00 LAPTOP-6OTU1RGQ kernel: cpuidle: using governor ladder
2026-02-05T20:42:14.188284+07:00 LAPTOP-6OTU1RGQ kernel: cpuidle: using governor menu
2026-02-05T20:42:14.188284+07:00 LAPTOP-6OTU1RGQ kernel: acpiphp: ACPI Hot Plug PCI Controller Driver version: 0.5
2026-02-05T20:42:14.188284+07:00 LAPTOP-6OTU1RGQ kernel: dca service started, version 1.12.1
2026-02-05T20:42:14.188285+07:00 LAPTOP-6OTU1RGQ kernel: PCI: Fatal: No config space access function found
2026-02-05T20:42:14.188285+07:00 LAPTOP-6OTU1RGQ kernel: kprobes: kprobe jump-optimization is enabled. All kprobes are optimized if possible.
2026-02-05T20:42:14.188287+07:00 LAPTOP-6OTU1RGQ kernel: HugeTLB: registered 1.00 GiB page size, pre-allocated 0 pages
2026-02-05T20:42:14.188287+07:00 LAPTOP-6OTU1RGQ kernel: HugeTLB: 16380 KiB vmemmap can be freed for a 1.00 GiB page
2026-02-05T20:42:14.188287+07:00 LAPTOP-6OTU1RGQ kernel: HugeTLB: registered 2.00 MiB page size, pre-allocated 0 pages
2026-02-05T20:42:14.188288+07:00 LAPTOP-6OTU1RGQ kernel: HugeTLB: 28 KiB vmemmap can be freed for a 2.00 MiB page
2026-02-05T20:42:14.188288+07:00 LAPTOP-6OTU1RGQ kernel: cryptd: max_cpu_qlen set to 1000
2026-02-05T20:42:14.188288+07:00 LAPTOP-6OTU1RGQ kernel: ACPI: Added _OSI(Module Device)
2026-02-05T20:42:14.188290+07:00 LAPTOP-6OTU1RGQ kernel: ACPI: Added _OSI(Processor Device)
2026-02-05T20:42:14.188290+07:00 LAPTOP-6OTU1RGQ kernel: ACPI: Added _OSI(3.0 _SCP Extensions)
2026-02-05T20:42:14.188291+07:00 LAPTOP-6OTU1RGQ kernel: ACPI: Added _OSI(Processor Aggregator Device)
2026-02-05T20:42:14.188291+07:00 LAPTOP-6OTU1RGQ kernel: ACPI: 1 ACPI AML tables successfully acquired and loaded
2026-02-05T20:42:14.188291+07:00 LAPTOP-6OTU1RGQ kernel: ACPI: _OSC evaluation for CPUs failed, trying _PDC
2026-02-05T20:42:14.188292+07:00 LAPTOP-6OTU1RGQ kernel: ACPI: Interpreter enabled
2026-02-05T20:42:14.188292+07:00 LAPTOP-6OTU1RGQ kernel: ACPI: PM: (supports S0 S5)
2026-02-05T20:42:14.188294+07:00 LAPTOP-6OTU1RGQ kernel: ACPI: Using IOAPIC for interrupt routing
2026-02-05T20:42:14.188294+07:00 LAPTOP-6OTU1RGQ kernel: PCI: Using host bridge windows from ACPI; if necessary, use "pci=nocrs" and report a bug
2026-02-05T20:42:14.188295+07:00 LAPTOP-6OTU1RGQ kernel: PCI: Using E820 reservations for host bridge windows
2026-02-05T20:42:14.188295+07:00 LAPTOP-6OTU1RGQ kernel: ACPI: Enabled 2 GPEs in block 00 to 0F
2026-02-05T20:42:14.188296+07:00 LAPTOP-6OTU1RGQ kernel: iommu: Default domain type: Translated
2026-02-05T20:42:14.188297+07:00 LAPTOP-6OTU1RGQ kernel: iommu: DMA domain TLB invalidation policy: lazy mode
2026-02-05T20:42:14.188298+07:00 LAPTOP-6OTU1RGQ kernel: SCSI subsystem initialized
2026-02-05T20:42:14.188298+07:00 LAPTOP-6OTU1RGQ kernel: libata version 3.00 loaded.
2026-02-05T20:42:14.188299+07:00 LAPTOP-6OTU1RGQ kernel: pps_core: LinuxPPS API ver. 1 registered
2026-02-05T20:42:14.188299+07:00 LAPTOP-6OTU1RGQ kernel: pps_core: Software ver. 5.3.6 - Copyright 2005-2007 Rodolfo Giometti <giometti@linux.it>
2026-02-05T20:42:14.188299+07:00 LAPTOP-6OTU1RGQ kernel: PTP clock support registered
2026-02-05T20:42:14.188299+07:00 LAPTOP-6OTU1RGQ kernel: EDAC MC: Ver: 3.0.0
2026-02-05T20:42:14.188301+07:00 LAPTOP-6OTU1RGQ kernel: hv_vmbus: Vmbus version:5.3
2026-02-05T20:42:14.188302+07:00 LAPTOP-6OTU1RGQ kernel: NetLabel: Initializing
2026-02-05T20:42:14.188302+07:00 LAPTOP-6OTU1RGQ kernel: NetLabel:  domain hash size = 128
2026-02-05T20:42:14.188302+07:00 LAPTOP-6OTU1RGQ kernel: NetLabel:  protocols = UNLABELED CIPSOv4 CALIPSO
2026-02-05T20:42:14.188302+07:00 LAPTOP-6OTU1RGQ kernel: hv_vmbus: Unknown GUID: 6e382d18-3336-4f4b-acc4-2b7703d4df4a
2026-02-05T20:42:14.188303+07:00 LAPTOP-6OTU1RGQ kernel: NetLabel:  unlabeled traffic allowed by default
2026-02-05T20:42:14.188303+07:00 LAPTOP-6OTU1RGQ kernel: PCI: Using ACPI for IRQ routing
2026-02-05T20:42:14.188304+07:00 LAPTOP-6OTU1RGQ kernel: PCI: System does not support PCI
2026-02-05T20:42:14.188306+07:00 LAPTOP-6OTU1RGQ kernel: hv_vmbus: Unknown GUID: dde9cbc0-5060-4436-9448-ea1254a5d177
2026-02-05T20:42:14.188306+07:00 LAPTOP-6OTU1RGQ kernel: vgaarb: loaded
2026-02-05T20:42:14.188306+07:00 LAPTOP-6OTU1RGQ kernel: clocksource: Switched to clocksource tsc-early
2026-02-05T20:42:14.188306+07:00 LAPTOP-6OTU1RGQ kernel: VFS: Disk quotas dquot_6.6.0
2026-02-05T20:42:14.188307+07:00 LAPTOP-6OTU1RGQ kernel: VFS: Dquot-cache hash table entries: 512 (order 0, 4096 bytes)
2026-02-05T20:42:14.188308+07:00 LAPTOP-6OTU1RGQ kernel: FS-Cache: Loaded
2026-02-05T20:42:14.188309+07:00 LAPTOP-6OTU1RGQ kernel: pnp: PnP ACPI init
2026-02-05T20:42:14.188309+07:00 LAPTOP-6OTU1RGQ kernel: pnp: PnP ACPI: found 1 devices
2026-02-05T20:42:14.188309+07:00 LAPTOP-6OTU1RGQ kernel: clocksource: acpi_pm: mask: 0xffffff max_cycles: 0xffffff, max_idle_ns: 2085701024 ns
2026-02-05T20:42:14.188309+07:00 LAPTOP-6OTU1RGQ kernel: NET: Registered PF_INET protocol family
2026-02-05T20:42:14.188310+07:00 LAPTOP-6OTU1RGQ kernel: IP idents hash table entries: 262144 (order: 9, 2097152 bytes, linear)
2026-02-05T20:42:14.188310+07:00 LAPTOP-6OTU1RGQ kernel: tcp_listen_portaddr_hash hash table entries: 8192 (order: 5, 131072 bytes, linear)
2026-02-05T20:42:14.188311+07:00 LAPTOP-6OTU1RGQ kernel: Table-perturb hash table entries: 65536 (order: 6, 262144 bytes, linear)
2026-02-05T20:42:14.188312+07:00 LAPTOP-6OTU1RGQ kernel: TCP established hash table entries: 131072 (order: 8, 1048576 bytes, linear)
2026-02-05T20:42:14.188312+07:00 LAPTOP-6OTU1RGQ kernel: TCP bind hash table entries: 65536 (order: 9, 2097152 bytes, linear)
2026-02-05T20:42:14.188312+07:00 LAPTOP-6OTU1RGQ kernel: TCP: Hash tables configured (established 131072 bind 65536)
2026-02-05T20:42:14.188312+07:00 LAPTOP-6OTU1RGQ kernel: UDP hash table entries: 8192 (order: 6, 262144 bytes, linear)
2026-02-05T20:42:14.188313+07:00 LAPTOP-6OTU1RGQ kernel: UDP-Lite hash table entries: 8192 (order: 6, 262144 bytes, linear)
2026-02-05T20:42:14.188315+07:00 LAPTOP-6OTU1RGQ kernel: NET: Registered PF_UNIX/PF_LOCAL protocol family
2026-02-05T20:42:14.188315+07:00 LAPTOP-6OTU1RGQ kernel: NET: Registered PF_XDP protocol family
2026-02-05T20:42:14.188315+07:00 LAPTOP-6OTU1RGQ kernel: PCI: CLS 0 bytes, default 64
2026-02-05T20:42:14.188315+07:00 LAPTOP-6OTU1RGQ kernel: PCI-DMA: Using software bounce buffering for IO (SWIOTLB)
2026-02-05T20:42:14.188315+07:00 LAPTOP-6OTU1RGQ kernel: software IO TLB: mapped [mem 0x00000000f4000000-0x00000000f8000000] (64MB)
2026-02-05T20:42:14.188317+07:00 LAPTOP-6OTU1RGQ kernel: Trying to unpack rootfs image as initramfs...
2026-02-05T20:42:14.188318+07:00 LAPTOP-6OTU1RGQ kernel: Freeing initrd memory: 2672K
2026-02-05T20:42:14.188319+07:00 LAPTOP-6OTU1RGQ kernel: clocksource: tsc: mask: 0xffffffffffffffff max_cycles: 0x398c58f3ad9, max_idle_ns: 881590744025 ns
2026-02-05T20:42:14.188319+07:00 LAPTOP-6OTU1RGQ kernel: clocksource: Switched to clocksource tsc
2026-02-05T20:42:14.188319+07:00 LAPTOP-6OTU1RGQ kernel: Initialise system trusted keyrings
2026-02-05T20:42:14.188319+07:00 LAPTOP-6OTU1RGQ kernel: Key type blacklist registered
2026-02-05T20:42:14.188319+07:00 LAPTOP-6OTU1RGQ kernel: workingset: timestamp_bits=36 max_order=22 bucket_order=0
2026-02-05T20:42:14.188320+07:00 LAPTOP-6OTU1RGQ kernel: squashfs: version 4.0 (2009/01/31) Phillip Lougher
2026-02-05T20:42:14.188322+07:00 LAPTOP-6OTU1RGQ kernel: fuse: init (API version 7.39)
2026-02-05T20:42:14.188323+07:00 LAPTOP-6OTU1RGQ kernel: SGI XFS with ACLs, security attributes, realtime, verbose warnings, quota, no debug enabled
2026-02-05T20:42:14.188323+07:00 LAPTOP-6OTU1RGQ kernel: 9p: Installing v9fs 9p2000 file system support
2026-02-05T20:42:14.188323+07:00 LAPTOP-6OTU1RGQ kernel: Key type asymmetric registered
2026-02-05T20:42:14.188324+07:00 LAPTOP-6OTU1RGQ kernel: Asymmetric key parser 'x509' registered
2026-02-05T20:42:14.188324+07:00 LAPTOP-6OTU1RGQ kernel: Block layer SCSI generic (bsg) driver version 0.4 loaded (major 245)
2026-02-05T20:42:14.188325+07:00 LAPTOP-6OTU1RGQ kernel: io scheduler mq-deadline registered
2026-02-05T20:42:14.188326+07:00 LAPTOP-6OTU1RGQ kernel: io scheduler kyber registered
2026-02-05T20:42:14.188326+07:00 LAPTOP-6OTU1RGQ kernel: hv_vmbus: registering driver hv_pci
2026-02-05T20:42:14.188326+07:00 LAPTOP-6OTU1RGQ kernel: hv_pci c4b741f5-5582-4c98-8f8b-2e082933c396: PCI VMBus probing: Using version 0x10004
2026-02-05T20:42:14.188327+07:00 LAPTOP-6OTU1RGQ kernel: hv_pci c4b741f5-5582-4c98-8f8b-2e082933c396: PCI host bridge to bus 5582:00
2026-02-05T20:42:14.188328+07:00 LAPTOP-6OTU1RGQ kernel: pci_bus 5582:00: root bus resource [mem 0x9ffe00000-0x9ffe02fff window]
2026-02-05T20:42:14.188328+07:00 LAPTOP-6OTU1RGQ kernel: pci_bus 5582:00: No busn resource found for root bus, will use [bus 00-ff]
2026-02-05T20:42:14.188330+07:00 LAPTOP-6OTU1RGQ kernel: pci 5582:00:00.0: [1af4:1043] type 00 class 0x010000
2026-02-05T20:42:14.188330+07:00 LAPTOP-6OTU1RGQ kernel: pci 5582:00:00.0: reg 0x10: [mem 0x9ffe00000-0x9ffe00fff 64bit]
2026-02-05T20:42:14.188330+07:00 LAPTOP-6OTU1RGQ kernel: pci 5582:00:00.0: reg 0x18: [mem 0x9ffe01000-0x9ffe01fff 64bit]
2026-02-05T20:42:14.188330+07:00 LAPTOP-6OTU1RGQ kernel: pci 5582:00:00.0: reg 0x20: [mem 0x9ffe02000-0x9ffe02fff 64bit]
2026-02-05T20:42:14.188331+07:00 LAPTOP-6OTU1RGQ kernel: pci_bus 5582:00: busn_res: [bus 00-ff] end is updated to 00
2026-02-05T20:42:14.188331+07:00 LAPTOP-6OTU1RGQ kernel: pci 5582:00:00.0: BAR 0: assigned [mem 0x9ffe00000-0x9ffe00fff 64bit]
2026-02-05T20:42:14.188333+07:00 LAPTOP-6OTU1RGQ kernel: pci 5582:00:00.0: BAR 2: assigned [mem 0x9ffe01000-0x9ffe01fff 64bit]
2026-02-05T20:42:14.188333+07:00 LAPTOP-6OTU1RGQ kernel: pci 5582:00:00.0: BAR 4: assigned [mem 0x9ffe02000-0x9ffe02fff 64bit]
2026-02-05T20:42:14.188334+07:00 LAPTOP-6OTU1RGQ kernel: hv_pci 71924d25-edf8-402a-9dd0-d2faf57e471a: PCI VMBus probing: Using version 0x10004
2026-02-05T20:42:14.188334+07:00 LAPTOP-6OTU1RGQ kernel: hv_pci 71924d25-edf8-402a-9dd0-d2faf57e471a: PCI host bridge to bus edf8:00
2026-02-05T20:42:14.188334+07:00 LAPTOP-6OTU1RGQ kernel: pci_bus edf8:00: No busn resource found for root bus, will use [bus 00-ff]
2026-02-05T20:42:14.188334+07:00 LAPTOP-6OTU1RGQ kernel: pci edf8:00:00.0: [1414:008a] type 00 class 0x030200
2026-02-05T20:42:14.188337+07:00 LAPTOP-6OTU1RGQ kernel: pci_bus edf8:00: busn_res: [bus 00-ff] end is updated to 00
2026-02-05T20:42:14.188337+07:00 LAPTOP-6OTU1RGQ kernel: ioatdma: Intel(R) QuickData Technology Driver 5.00
2026-02-05T20:42:14.188359+07:00 LAPTOP-6OTU1RGQ kernel: virtio-pci 5582:00:00.0: enabling device (0000 -> 0002)
2026-02-05T20:42:14.188360+07:00 LAPTOP-6OTU1RGQ kernel: Serial: 8250/16550 driver, 8 ports, IRQ sharing enabled
2026-02-05T20:42:14.188360+07:00 LAPTOP-6OTU1RGQ kernel: Linux agpgart interface v0.103
2026-02-05T20:42:14.188360+07:00 LAPTOP-6OTU1RGQ kernel: AMD-Vi: AMD IOMMUv2 functionality not available on this system - This is not a bug.
2026-02-05T20:42:14.188361+07:00 LAPTOP-6OTU1RGQ kernel: ACPI: bus type drm_connector registered
2026-02-05T20:42:14.188363+07:00 LAPTOP-6OTU1RGQ kernel: printk: console [hvc0] enabled
2026-02-05T20:42:14.188364+07:00 LAPTOP-6OTU1RGQ kernel: brd: module loaded
2026-02-05T20:42:14.188364+07:00 LAPTOP-6OTU1RGQ kernel: loop: module loaded
2026-02-05T20:42:14.188365+07:00 LAPTOP-6OTU1RGQ kernel: Loading iSCSI transport class v2.0-870.
2026-02-05T20:42:14.188365+07:00 LAPTOP-6OTU1RGQ kernel: rdac: device handler registered
2026-02-05T20:42:14.188365+07:00 LAPTOP-6OTU1RGQ kernel: Microchip SmartPQI Driver (v2.1.24-046)
2026-02-05T20:42:14.188367+07:00 LAPTOP-6OTU1RGQ kernel: VMware PVSCSI driver - version 1.0.7.0-k
2026-02-05T20:42:14.188367+07:00 LAPTOP-6OTU1RGQ kernel: hv_vmbus: registering driver hv_storvsc
2026-02-05T20:42:14.188368+07:00 LAPTOP-6OTU1RGQ kernel: PPP generic driver version 2.4.2
2026-02-05T20:42:14.188368+07:00 LAPTOP-6OTU1RGQ kernel: VMware vmxnet3 virtual NIC driver - version 1.7.0.0-k-NAPI
2026-02-05T20:42:14.188368+07:00 LAPTOP-6OTU1RGQ kernel: hv_vmbus: registering driver hv_netvsc
2026-02-05T20:42:14.188368+07:00 LAPTOP-6OTU1RGQ kernel: scsi host0: storvsc_host_t
2026-02-05T20:42:14.188369+07:00 LAPTOP-6OTU1RGQ kernel: Fusion MPT base driver 3.04.20
2026-02-05T20:42:14.188370+07:00 LAPTOP-6OTU1RGQ kernel: Copyright (c) 1999-2008 LSI Corporation
2026-02-05T20:42:14.188371+07:00 LAPTOP-6OTU1RGQ kernel: Fusion MPT SPI Host driver 3.04.20
2026-02-05T20:42:14.188371+07:00 LAPTOP-6OTU1RGQ kernel: Fusion MPT SAS Host driver 3.04.20
2026-02-05T20:42:14.188371+07:00 LAPTOP-6OTU1RGQ kernel: Fusion MPT misc device (ioctl) driver 3.04.20
2026-02-05T20:42:14.188371+07:00 LAPTOP-6OTU1RGQ kernel: mptctl: Registered with Fusion MPT base driver
2026-02-05T20:42:14.188371+07:00 LAPTOP-6OTU1RGQ kernel: mptctl: /dev/mptctl @ (major,minor=10,220)
2026-02-05T20:42:14.188374+07:00 LAPTOP-6OTU1RGQ kernel: i8042: PNP: No PS/2 controller found.
2026-02-05T20:42:14.188374+07:00 LAPTOP-6OTU1RGQ kernel: hv_vmbus: registering driver hyperv_keyboard
2026-02-05T20:42:14.188374+07:00 LAPTOP-6OTU1RGQ kernel: rtc_cmos 00:00: RTC can wake from S4
2026-02-05T20:42:14.188374+07:00 LAPTOP-6OTU1RGQ kernel: rtc_cmos 00:00: registered as rtc0
2026-02-05T20:42:14.188374+07:00 LAPTOP-6OTU1RGQ kernel: rtc_cmos 00:00: setting system clock to 2026-02-05T13:42:09 UTC (1770298929)
2026-02-05T20:42:14.188375+07:00 LAPTOP-6OTU1RGQ kernel: rtc_cmos 00:00: alarms up to one month, 114 bytes nvram
2026-02-05T20:42:14.188377+07:00 LAPTOP-6OTU1RGQ kernel: device-mapper: core: CONFIG_IMA_DISABLE_HTABLE is disabled. Duplicate IMA measurements will not be recorded in the IMA log.
2026-02-05T20:42:14.188377+07:00 LAPTOP-6OTU1RGQ kernel: device-mapper: uevent: version 1.0.3
2026-02-05T20:42:14.188377+07:00 LAPTOP-6OTU1RGQ kernel: device-mapper: ioctl: 4.48.0-ioctl (2023-03-01) initialised: dm-devel@redhat.com
2026-02-05T20:42:14.188378+07:00 LAPTOP-6OTU1RGQ kernel: hv_utils: Registering HyperV Utility Driver
2026-02-05T20:42:14.188378+07:00 LAPTOP-6OTU1RGQ kernel: hv_vmbus: registering driver hv_utils
2026-02-05T20:42:14.188378+07:00 LAPTOP-6OTU1RGQ kernel: hv_vmbus: registering driver hv_balloon
2026-02-05T20:42:14.188378+07:00 LAPTOP-6OTU1RGQ kernel: hv_utils: TimeSync IC version 4.0
2026-02-05T20:42:14.188380+07:00 LAPTOP-6OTU1RGQ kernel: hv_vmbus: registering driver dxgkrnl
2026-02-05T20:42:14.188380+07:00 LAPTOP-6OTU1RGQ kernel: hv_balloon: Using Dynamic Memory protocol version 2.0
2026-02-05T20:42:14.188381+07:00 LAPTOP-6OTU1RGQ kernel: Free page reporting enabled
2026-02-05T20:42:14.188381+07:00 LAPTOP-6OTU1RGQ kernel: hv_balloon: Cold memory discard hint enabled with order 9
2026-02-05T20:42:14.188381+07:00 LAPTOP-6OTU1RGQ kernel: drop_monitor: Initializing network drop monitor service
2026-02-05T20:42:14.188381+07:00 LAPTOP-6OTU1RGQ kernel: NET: Registered PF_INET6 protocol family
2026-02-05T20:42:14.188383+07:00 LAPTOP-6OTU1RGQ kernel: Segment Routing with IPv6
2026-02-05T20:42:14.188383+07:00 LAPTOP-6OTU1RGQ kernel: In-situ OAM (IOAM) with IPv6
2026-02-05T20:42:14.188383+07:00 LAPTOP-6OTU1RGQ kernel: NET: Registered PF_PACKET protocol family
2026-02-05T20:42:14.188384+07:00 LAPTOP-6OTU1RGQ kernel: 9pnet: Installing 9P2000 support
2026-02-05T20:42:14.188384+07:00 LAPTOP-6OTU1RGQ kernel: NET: Registered PF_VSOCK protocol family
2026-02-05T20:42:14.188384+07:00 LAPTOP-6OTU1RGQ kernel: hv_vmbus: registering driver hv_sock
2026-02-05T20:42:14.188386+07:00 LAPTOP-6OTU1RGQ kernel: IPI shorthand broadcast: enabled
2026-02-05T20:42:14.188386+07:00 LAPTOP-6OTU1RGQ kernel: AVX2 version of gcm_enc/dec engaged.
2026-02-05T20:42:14.188386+07:00 LAPTOP-6OTU1RGQ kernel: AES CTR mode by8 optimization enabled
2026-02-05T20:42:14.188387+07:00 LAPTOP-6OTU1RGQ kernel: sched_clock: Marking stable (392076633, 407374)->(420627157, -28143150)
2026-02-05T20:42:14.188387+07:00 LAPTOP-6OTU1RGQ kernel: registered taskstats version 1
2026-02-05T20:42:14.188387+07:00 LAPTOP-6OTU1RGQ kernel: Loading compiled-in X.509 certificates
2026-02-05T20:42:14.188387+07:00 LAPTOP-6OTU1RGQ kernel: ima: No TPM chip found, activating TPM-bypass!
2026-02-05T20:42:14.188389+07:00 LAPTOP-6OTU1RGQ kernel: ima: Allocated hash algorithm: sha256
2026-02-05T20:42:14.188389+07:00 LAPTOP-6OTU1RGQ kernel: ima: No architecture policies found
2026-02-05T20:42:14.188389+07:00 LAPTOP-6OTU1RGQ kernel: RAS: Correctable Errors collector initialized.
2026-02-05T20:42:14.188390+07:00 LAPTOP-6OTU1RGQ kernel: clk: Disabling unused clocks
2026-02-05T20:42:14.188390+07:00 LAPTOP-6OTU1RGQ kernel: Freeing unused decrypted memory: 2028K
2026-02-05T20:42:14.188390+07:00 LAPTOP-6OTU1RGQ kernel: Freeing unused kernel image (initmem) memory: 4492K
2026-02-05T20:42:14.188392+07:00 LAPTOP-6OTU1RGQ kernel: Write protecting the kernel read-only data: 34816k
2026-02-05T20:42:14.188392+07:00 LAPTOP-6OTU1RGQ kernel: Freeing unused kernel image (rodata/data gap) memory: 840K
2026-02-05T20:42:14.188392+07:00 LAPTOP-6OTU1RGQ kernel: Run /init as init process
2026-02-05T20:42:14.188393+07:00 LAPTOP-6OTU1RGQ kernel:   with arguments:
2026-02-05T20:42:14.188393+07:00 LAPTOP-6OTU1RGQ kernel:     /init
2026-02-05T20:42:14.188393+07:00 LAPTOP-6OTU1RGQ kernel:   with environment:
2026-02-05T20:42:14.188393+07:00 LAPTOP-6OTU1RGQ kernel:     HOME=/
2026-02-05T20:42:14.188396+07:00 LAPTOP-6OTU1RGQ kernel:     TERM=linux
2026-02-05T20:42:14.188396+07:00 LAPTOP-6OTU1RGQ kernel:     WSL_ROOT_INIT=1
2026-02-05T20:42:14.188396+07:00 LAPTOP-6OTU1RGQ kernel:     WSL_ENABLE_CRASH_DUMP=1
2026-02-05T20:42:14.188397+07:00 LAPTOP-6OTU1RGQ kernel: hv_vmbus: Unknown GUID: 6e382d18-3336-4f4b-acc4-2b7703d4df4a
2026-02-05T20:42:14.188397+07:00 LAPTOP-6OTU1RGQ kernel: hv_pci 1f3f5aca-6304-4f70-a4d9-334d3ff07020: PCI VMBus probing: Using version 0x10004
2026-02-05T20:42:14.188397+07:00 LAPTOP-6OTU1RGQ kernel: hv_vmbus: Unknown GUID: 6e382d18-3336-4f4b-acc4-2b7703d4df4a
2026-02-05T20:42:14.188399+07:00 LAPTOP-6OTU1RGQ kernel: hv_pci 1f3f5aca-6304-4f70-a4d9-334d3ff07020: PCI host bridge to bus 6304:00
2026-02-05T20:42:14.188399+07:00 LAPTOP-6OTU1RGQ kernel: pci_bus 6304:00: No busn resource found for root bus, will use [bus 00-ff]
2026-02-05T20:42:14.188399+07:00 LAPTOP-6OTU1RGQ kernel: pci 6304:00:00.0: [1414:008e] type 00 class 0x030200
2026-02-05T20:42:14.188400+07:00 LAPTOP-6OTU1RGQ kernel: pci_bus 6304:00: busn_res: [bus 00-ff] end is updated to 00
2026-02-05T20:42:14.188400+07:00 LAPTOP-6OTU1RGQ kernel: scsi 0:0:0:0: Direct-Access     Msft     Virtual Disk     1.0  PQ: 0 ANSI: 5
2026-02-05T20:42:14.188400+07:00 LAPTOP-6OTU1RGQ kernel: hv_pci 75e4fcc4-391a-48ac-906b-d624556d8407: PCI VMBus probing: Using version 0x10004
2026-02-05T20:42:14.188402+07:00 LAPTOP-6OTU1RGQ kernel: hv_pci 75e4fcc4-391a-48ac-906b-d624556d8407: PCI host bridge to bus 391a:00
2026-02-05T20:42:14.188402+07:00 LAPTOP-6OTU1RGQ kernel: scsi 0:0:0:1: Direct-Access     Msft     Virtual Disk     1.0  PQ: 0 ANSI: 5
2026-02-05T20:42:14.188402+07:00 LAPTOP-6OTU1RGQ kernel: pci_bus 391a:00: No busn resource found for root bus, will use [bus 00-ff]
2026-02-05T20:42:14.188402+07:00 LAPTOP-6OTU1RGQ kernel: pci 391a:00:00.0: [1414:008e] type 00 class 0x030200
2026-02-05T20:42:14.188403+07:00 LAPTOP-6OTU1RGQ kernel: pci_bus 391a:00: busn_res: [bus 00-ff] end is updated to 00
2026-02-05T20:42:14.188403+07:00 LAPTOP-6OTU1RGQ kernel: sd 0:0:0:0: Attached scsi generic sg0 type 0
2026-02-05T20:42:14.188403+07:00 LAPTOP-6OTU1RGQ kernel: sd 0:0:0:0: [sda] 795536 512-byte logical blocks: (407 MB/388 MiB)
2026-02-05T20:42:14.188555+07:00 LAPTOP-6OTU1RGQ kernel: sd 0:0:0:0: [sda] Write Protect is on
2026-02-05T20:42:14.188568+07:00 LAPTOP-6OTU1RGQ kernel: sd 0:0:0:1: Attached scsi generic sg1 type 0
2026-02-05T20:42:14.188570+07:00 LAPTOP-6OTU1RGQ kernel: sd 0:0:0:0: [sda] Mode Sense: 0f 00 80 00
2026-02-05T20:42:14.188571+07:00 LAPTOP-6OTU1RGQ kernel: sd 0:0:0:1: [sdb] 381016 512-byte logical blocks: (195 MB/186 MiB)
2026-02-05T20:42:14.188572+07:00 LAPTOP-6OTU1RGQ kernel: sd 0:0:0:0: [sda] Write cache: disabled, read cache: enabled, doesn't support DPO or FUA
2026-02-05T20:42:14.188572+07:00 LAPTOP-6OTU1RGQ kernel: sd 0:0:0:1: [sdb] Write Protect is on
2026-02-05T20:42:14.188592+07:00 LAPTOP-6OTU1RGQ kernel: sd 0:0:0:1: [sdb] Mode Sense: 0f 00 80 00
2026-02-05T20:42:14.188594+07:00 LAPTOP-6OTU1RGQ kernel: sd 0:0:0:1: [sdb] Write cache: disabled, read cache: enabled, doesn't support DPO or FUA
2026-02-05T20:42:14.188594+07:00 LAPTOP-6OTU1RGQ kernel: sd 0:0:0:0: [sda] Attached SCSI disk
2026-02-05T20:42:14.188595+07:00 LAPTOP-6OTU1RGQ kernel: sd 0:0:0:1: [sdb] Attached SCSI disk
2026-02-05T20:42:14.188596+07:00 LAPTOP-6OTU1RGQ kernel: scsi 0:0:0:2: Direct-Access     Msft     Virtual Disk     1.0  PQ: 0 ANSI: 5
2026-02-05T20:42:14.188596+07:00 LAPTOP-6OTU1RGQ kernel: sd 0:0:0:2: Attached scsi generic sg2 type 0
2026-02-05T20:42:14.188597+07:00 LAPTOP-6OTU1RGQ kernel: sd 0:0:0:2: [sdc] 8388616 512-byte logical blocks: (4.29 GB/4.00 GiB)
2026-02-05T20:42:14.188603+07:00 LAPTOP-6OTU1RGQ kernel: sd 0:0:0:2: [sdc] 4096-byte physical blocks
2026-02-05T20:42:14.188603+07:00 LAPTOP-6OTU1RGQ kernel: sd 0:0:0:2: [sdc] Write Protect is off
2026-02-05T20:42:14.188604+07:00 LAPTOP-6OTU1RGQ kernel: sd 0:0:0:2: [sdc] Mode Sense: 0f 00 00 00
2026-02-05T20:42:14.188605+07:00 LAPTOP-6OTU1RGQ kernel: sd 0:0:0:2: [sdc] Write cache: enabled, read cache: enabled, doesn't support DPO or FUA
2026-02-05T20:42:14.188606+07:00 LAPTOP-6OTU1RGQ kernel: sd 0:0:0:2: [sdc] Attached SCSI disk
2026-02-05T20:42:14.188606+07:00 LAPTOP-6OTU1RGQ kernel: EXT4-fs (sda): mounted filesystem 00000000-0000-0000-0000-000000000000 ro without journal. Quota mode: none.
2026-02-05T20:42:14.188611+07:00 LAPTOP-6OTU1RGQ kernel: EXT4-fs (sdb): mounted filesystem 00000000-0000-0000-0000-000000000000 ro without journal. Quota mode: none.
2026-02-05T20:42:14.188612+07:00 LAPTOP-6OTU1RGQ kernel: tun: Universal TUN/TAP device driver, 1.6
2026-02-05T20:42:14.188613+07:00 LAPTOP-6OTU1RGQ kernel: Adding 4194304k swap on /dev/sdc.  Priority:-2 extents:1 across:4194304k 
2026-02-05T20:42:14.188613+07:00 LAPTOP-6OTU1RGQ kernel: bridge: filtering via arp/ip/ip6tables is no longer available by default. Update your scripts to load br_netfilter if you need this.
2026-02-05T20:42:14.188614+07:00 LAPTOP-6OTU1RGQ kernel: Bridge firewalling registered
2026-02-05T20:42:14.188615+07:00 LAPTOP-6OTU1RGQ kernel: hv_pci c8795134-b4bf-434d-bc34-8495c000b0e6: PCI VMBus probing: Using version 0x10004
2026-02-05T20:42:14.188709+07:00 LAPTOP-6OTU1RGQ kernel: hv_pci c8795134-b4bf-434d-bc34-8495c000b0e6: PCI host bridge to bus b4bf:00
2026-02-05T20:42:14.188716+07:00 LAPTOP-6OTU1RGQ kernel: pci_bus b4bf:00: root bus resource [mem 0xc00000000-0xe00001fff window]
2026-02-05T20:42:14.188717+07:00 LAPTOP-6OTU1RGQ kernel: pci_bus b4bf:00: No busn resource found for root bus, will use [bus 00-ff]
2026-02-05T20:42:14.188721+07:00 LAPTOP-6OTU1RGQ kernel: pci b4bf:00:00.0: [1af4:105a] type 00 class 0x088000
2026-02-05T20:42:14.188722+07:00 LAPTOP-6OTU1RGQ kernel: pci b4bf:00:00.0: reg 0x10: [mem 0xe00000000-0xe00000fff 64bit]
2026-02-05T20:42:14.188762+07:00 LAPTOP-6OTU1RGQ kernel: pci b4bf:00:00.0: reg 0x18: [mem 0xe00001000-0xe00001fff 64bit]
2026-02-05T20:42:14.188778+07:00 LAPTOP-6OTU1RGQ kernel: pci b4bf:00:00.0: reg 0x20: [mem 0xc00000000-0xdffffffff 64bit]
2026-02-05T20:42:14.188779+07:00 LAPTOP-6OTU1RGQ kernel: pci_bus b4bf:00: busn_res: [bus 00-ff] end is updated to 00
2026-02-05T20:42:14.188780+07:00 LAPTOP-6OTU1RGQ kernel: pci b4bf:00:00.0: BAR 4: assigned [mem 0xc00000000-0xdffffffff 64bit]
2026-02-05T20:42:14.188780+07:00 LAPTOP-6OTU1RGQ kernel: pci b4bf:00:00.0: BAR 0: assigned [mem 0xe00000000-0xe00000fff 64bit]
2026-02-05T20:42:14.188781+07:00 LAPTOP-6OTU1RGQ kernel: pci b4bf:00:00.0: BAR 2: assigned [mem 0xe00001000-0xe00001fff 64bit]
2026-02-05T20:42:14.188782+07:00 LAPTOP-6OTU1RGQ kernel: virtio-pci b4bf:00:00.0: enabling device (0000 -> 0002)
2026-02-05T20:42:14.188782+07:00 LAPTOP-6OTU1RGQ kernel: virtiofs virtio1: Cache len: 0x200000000 @ 0xc00000000
2026-02-05T20:42:14.188790+07:00 LAPTOP-6OTU1RGQ kernel: scsi 0:0:0:3: Direct-Access     Msft     Virtual Disk     1.0  PQ: 0 ANSI: 5
2026-02-05T20:42:14.188790+07:00 LAPTOP-6OTU1RGQ kernel: sd 0:0:0:3: Attached scsi generic sg3 type 0
2026-02-05T20:42:14.188791+07:00 LAPTOP-6OTU1RGQ kernel: sd 0:0:0:3: [sdd] 2147483648 512-byte logical blocks: (1.10 TB/1.00 TiB)
2026-02-05T20:42:14.188792+07:00 LAPTOP-6OTU1RGQ kernel: sd 0:0:0:3: [sdd] 4096-byte physical blocks
2026-02-05T20:42:14.188793+07:00 LAPTOP-6OTU1RGQ kernel: sd 0:0:0:3: [sdd] Write Protect is off
2026-02-05T20:42:14.188794+07:00 LAPTOP-6OTU1RGQ kernel: sd 0:0:0:3: [sdd] Mode Sense: 0f 00 00 00
2026-02-05T20:42:14.188798+07:00 LAPTOP-6OTU1RGQ kernel: sd 0:0:0:3: [sdd] Write cache: enabled, read cache: enabled, doesn't support DPO or FUA
2026-02-05T20:42:14.188799+07:00 LAPTOP-6OTU1RGQ kernel: sd 0:0:0:3: [sdd] Attached SCSI disk
2026-02-05T20:42:14.188799+07:00 LAPTOP-6OTU1RGQ kernel: EXT4-fs (sdd): recovery complete
2026-02-05T20:42:14.188800+07:00 LAPTOP-6OTU1RGQ kernel: EXT4-fs (sdd): mounted filesystem 0d10eddf-f9e8-493f-b603-175a38043c85 r/w with ordered data mode. Quota mode: none.
2026-02-05T20:42:14.188801+07:00 LAPTOP-6OTU1RGQ kernel: pulseaudio[363]: memfd_create() called without MFD_EXEC or MFD_NOEXEC_SEAL set
2026-02-05T20:42:14.188802+07:00 LAPTOP-6OTU1RGQ kernel: misc dxg: dxgk: dxgkio_is_feature_enabled: Ioctl failed: -22
2026-02-05T20:42:14.188806+07:00 LAPTOP-6OTU1RGQ kernel: misc dxg: dxgk: dxgkio_query_adapter_info: Ioctl failed: -1
2026-02-05T20:42:14.188807+07:00 LAPTOP-6OTU1RGQ kernel: misc dxg: dxgk: dxgkio_query_adapter_info: Ioctl failed: -22
2026-02-05T20:42:14.188821+07:00 LAPTOP-6OTU1RGQ kernel: message repeated 4 times: [ misc dxg: dxgk: dxgkio_query_adapter_info: Ioctl failed: -22]
2026-02-05T20:42:14.188822+07:00 LAPTOP-6OTU1RGQ kernel: misc dxg: dxgk: dxgkio_query_adapter_info: Ioctl failed: -2
2026-02-05T20:42:14.188830+07:00 LAPTOP-6OTU1RGQ kernel: misc dxg: dxgk: dxgkio_query_adapter_info: Ioctl failed: -22
2026-02-05T20:42:14.188836+07:00 LAPTOP-6OTU1RGQ kernel: message repeated 2 times: [ misc dxg: dxgk: dxgkio_query_adapter_info: Ioctl failed: -22]
2026-02-05T20:42:14.188837+07:00 LAPTOP-6OTU1RGQ kernel: misc dxg: dxgk: dxgkio_query_adapter_info: Ioctl failed: -2
2026-02-05T20:42:14.188838+07:00 LAPTOP-6OTU1RGQ kernel: misc dxg: dxgk: dxgkio_query_adapter_info: Ioctl failed: -22
2026-02-05T20:42:14.188840+07:00 LAPTOP-6OTU1RGQ kernel: message repeated 2 times: [ misc dxg: dxgk: dxgkio_query_adapter_info: Ioctl failed: -22]
2026-02-05T20:42:14.188841+07:00 LAPTOP-6OTU1RGQ kernel: misc dxg: dxgk: dxgkio_query_adapter_info: Ioctl failed: -2
2026-02-05T20:42:14.188848+07:00 LAPTOP-6OTU1RGQ kernel: ACPI: AC: AC Adapter [AC1] (off-line)
2026-02-05T20:42:14.188849+07:00 LAPTOP-6OTU1RGQ kernel: ACPI: battery: Slot [BAT1] (battery present)
2026-02-05T20:42:14.188849+07:00 LAPTOP-6OTU1RGQ kernel: kvm_amd: TSC scaling supported
2026-02-05T20:42:14.188850+07:00 LAPTOP-6OTU1RGQ kernel: kvm_amd: Nested Virtualization enabled
2026-02-05T20:42:14.188850+07:00 LAPTOP-6OTU1RGQ kernel: kvm_amd: Nested Paging enabled
2026-02-05T20:42:14.188854+07:00 LAPTOP-6OTU1RGQ kernel: kvm_amd: kvm_amd: Hyper-V enlightened NPT TLB flush enabled
2026-02-05T20:42:14.188856+07:00 LAPTOP-6OTU1RGQ kernel: kvm_amd: kvm_amd: Hyper-V Direct TLB Flush enabled
2026-02-05T20:42:14.188856+07:00 LAPTOP-6OTU1RGQ kernel: kvm_amd: Virtual VMLOAD VMSAVE supported
2026-02-05T20:42:58.178440+07:00 LAPTOP-6OTU1RGQ kernel: hv_balloon: Max. dynamic memory size: 15932 MB
2026-02-05T20:51:57.953660+07:00 LAPTOP-6OTU1RGQ kernel: mini_init (317): drop_caches: 1
2026-02-05T21:05:46.016950+07:00 LAPTOP-6OTU1RGQ kernel: TCP: eth0: Driver has suspect GRO implementation, TCP performance may be compromised.
2026-02-05T21:22:16.615561+07:00 LAPTOP-6OTU1RGQ kernel: Linux version 6.6.87.2-microsoft-standard-WSL2 (root@439a258ad544) (gcc (GCC) 11.2.0, GNU ld (GNU Binutils) 2.37) #1 SMP PREEMPT_DYNAMIC Thu Jun  5 18:30:46 UTC 2025
2026-02-05T21:22:16.615570+07:00 LAPTOP-6OTU1RGQ kernel: Command line: initrd=\initrd.img WSL_ROOT_INIT=1 panic=-1 nr_cpus=24 hv_utils.timesync_implicit=1 console=hvc0 debug pty.legacy_count=0 WSL_ENABLE_CRASH_DUMP=1
2026-02-05T21:22:16.615571+07:00 LAPTOP-6OTU1RGQ kernel: KERNEL supported cpus:
2026-02-05T21:22:16.615572+07:00 LAPTOP-6OTU1RGQ kernel:   Intel GenuineIntel
2026-02-05T21:22:16.615572+07:00 LAPTOP-6OTU1RGQ kernel:   AMD AuthenticAMD
2026-02-05T21:22:16.615572+07:00 LAPTOP-6OTU1RGQ kernel: BIOS-provided physical RAM map:
2026-02-05T21:22:16.615573+07:00 LAPTOP-6OTU1RGQ kernel: BIOS-e820: [mem 0x0000000000000000-0x000000000009ffff] usable
2026-02-05T21:22:16.615574+07:00 LAPTOP-6OTU1RGQ kernel: BIOS-e820: [mem 0x00000000000e0000-0x00000000000e0fff] reserved
2026-02-05T21:22:16.615575+07:00 LAPTOP-6OTU1RGQ kernel: BIOS-e820: [mem 0x0000000000100000-0x00000000001fffff] ACPI data
2026-02-05T21:22:16.615575+07:00 LAPTOP-6OTU1RGQ kernel: BIOS-e820: [mem 0x0000000000200000-0x00000000f7ffffff] usable
2026-02-05T21:22:16.615575+07:00 LAPTOP-6OTU1RGQ kernel: BIOS-e820: [mem 0x0000000100000000-0x00000003ebbfffff] usable
2026-02-05T21:22:16.615576+07:00 LAPTOP-6OTU1RGQ kernel: NX (Execute Disable) protection: active
2026-02-05T21:22:16.615576+07:00 LAPTOP-6OTU1RGQ kernel: APIC: Static calls initialized
2026-02-05T21:22:16.615576+07:00 LAPTOP-6OTU1RGQ kernel: DMI not present or invalid.
2026-02-05T21:22:16.615578+07:00 LAPTOP-6OTU1RGQ kernel: Hypervisor detected: Microsoft Hyper-V
2026-02-05T21:22:16.615578+07:00 LAPTOP-6OTU1RGQ kernel: Hyper-V: privilege flags low 0xae7f, high 0x3b8030, hints 0x900c2c, misc 0xe4bed7b6
2026-02-05T21:22:16.615579+07:00 LAPTOP-6OTU1RGQ kernel: Hyper-V: Nested features: 0x4a0000
2026-02-05T21:22:16.615579+07:00 LAPTOP-6OTU1RGQ kernel: Hyper-V: LAPIC Timer Frequency: 0xc3500
2026-02-05T21:22:16.615579+07:00 LAPTOP-6OTU1RGQ kernel: Hyper-V: Using hypercall for remote TLB flush
2026-02-05T21:22:16.615579+07:00 LAPTOP-6OTU1RGQ kernel: clocksource: hyperv_clocksource_tsc_page: mask: 0xffffffffffffffff max_cycles: 0x24e6a1710, max_idle_ns: 440795202120 ns
2026-02-05T21:22:16.615582+07:00 LAPTOP-6OTU1RGQ kernel: clocksource: hyperv_clocksource_msr: mask: 0xffffffffffffffff max_cycles: 0x24e6a1710, max_idle_ns: 440795202120 ns
2026-02-05T21:22:16.615583+07:00 LAPTOP-6OTU1RGQ kernel: tsc: Detected 1996.204 MHz processor
2026-02-05T21:22:16.615583+07:00 LAPTOP-6OTU1RGQ kernel: e820: update [mem 0x00000000-0x00000fff] usable ==> reserved
2026-02-05T21:22:16.615584+07:00 LAPTOP-6OTU1RGQ kernel: e820: remove [mem 0x000a0000-0x000fffff] usable
2026-02-05T21:22:16.615584+07:00 LAPTOP-6OTU1RGQ kernel: last_pfn = 0x3ebc00 max_arch_pfn = 0x400000000
2026-02-05T21:22:16.615585+07:00 LAPTOP-6OTU1RGQ kernel: MTRR map: 5 entries (4 fixed + 1 variable; max 20), built from 8 variable MTRRs
2026-02-05T21:22:16.615586+07:00 LAPTOP-6OTU1RGQ kernel: x86/PAT: Configuration [0-7]: WB  WC  UC- UC  WB  WP  UC- WT  
2026-02-05T21:22:16.615586+07:00 LAPTOP-6OTU1RGQ kernel: last_pfn = 0xf8000 max_arch_pfn = 0x400000000
2026-02-05T21:22:16.615586+07:00 LAPTOP-6OTU1RGQ kernel: Using GB pages for direct mapping
2026-02-05T21:22:16.615587+07:00 LAPTOP-6OTU1RGQ kernel: RAMDISK: [mem 0x04be4000-0x04e7ffff]
2026-02-05T21:22:16.615587+07:00 LAPTOP-6OTU1RGQ kernel: ACPI: Early table checksum verification disabled
2026-02-05T21:22:16.615588+07:00 LAPTOP-6OTU1RGQ kernel: ACPI: RSDP 0x00000000000E0000 000024 (v02 VRTUAL)
2026-02-05T21:22:16.615646+07:00 LAPTOP-6OTU1RGQ kernel: ACPI: XSDT 0x0000000000100000 000044 (v01 VRTUAL MICROSFT 00000001 MSFT 00000001)
2026-02-05T21:22:16.615649+07:00 LAPTOP-6OTU1RGQ kernel: ACPI: FACP 0x0000000000101000 000114 (v06 VRTUAL MICROSFT 00000001 MSFT 00000001)
2026-02-05T21:22:16.615650+07:00 LAPTOP-6OTU1RGQ kernel: ACPI: DSDT 0x00000000001011B8 01E11C (v02 MSFTVM DSDT01   00000001 INTL 20230628)
2026-02-05T21:22:16.615650+07:00 LAPTOP-6OTU1RGQ kernel: ACPI: FACS 0x0000000000101114 000040
2026-02-05T21:22:16.615650+07:00 LAPTOP-6OTU1RGQ kernel: ACPI: OEM0 0x0000000000101154 000064 (v01 VRTUAL MICROSFT 00000001 MSFT 00000001)
2026-02-05T21:22:16.615654+07:00 LAPTOP-6OTU1RGQ kernel: ACPI: SRAT 0x000000000011F2D4 000430 (v02 VRTUAL MICROSFT 00000001 MSFT 00000001)
2026-02-05T21:22:16.615654+07:00 LAPTOP-6OTU1RGQ kernel: ACPI: APIC 0x000000000011F704 000108 (v04 VRTUAL MICROSFT 00000001 MSFT 00000001)
2026-02-05T21:22:16.615656+07:00 LAPTOP-6OTU1RGQ kernel: ACPI: Reserving FACP table memory at [mem 0x101000-0x101113]
2026-02-05T21:22:16.615657+07:00 LAPTOP-6OTU1RGQ kernel: ACPI: Reserving DSDT table memory at [mem 0x1011b8-0x11f2d3]
2026-02-05T21:22:16.615657+07:00 LAPTOP-6OTU1RGQ kernel: ACPI: Reserving FACS table memory at [mem 0x101114-0x101153]
2026-02-05T21:22:16.615658+07:00 LAPTOP-6OTU1RGQ kernel: ACPI: Reserving OEM0 table memory at [mem 0x101154-0x1011b7]
2026-02-05T21:22:16.615658+07:00 LAPTOP-6OTU1RGQ kernel: ACPI: Reserving SRAT table memory at [mem 0x11f2d4-0x11f703]
2026-02-05T21:22:16.615658+07:00 LAPTOP-6OTU1RGQ kernel: ACPI: Reserving APIC table memory at [mem 0x11f704-0x11f80b]
2026-02-05T21:22:16.615659+07:00 LAPTOP-6OTU1RGQ kernel: SRAT: PXM 0 -> APIC 0x00 -> Node 0
2026-02-05T21:22:16.615660+07:00 LAPTOP-6OTU1RGQ kernel: SRAT: PXM 0 -> APIC 0x01 -> Node 0
2026-02-05T21:22:16.615661+07:00 LAPTOP-6OTU1RGQ kernel: SRAT: PXM 0 -> APIC 0x02 -> Node 0
2026-02-05T21:22:16.615661+07:00 LAPTOP-6OTU1RGQ kernel: SRAT: PXM 0 -> APIC 0x03 -> Node 0
2026-02-05T21:22:16.615661+07:00 LAPTOP-6OTU1RGQ kernel: SRAT: PXM 0 -> APIC 0x04 -> Node 0
2026-02-05T21:22:16.615661+07:00 LAPTOP-6OTU1RGQ kernel: SRAT: PXM 0 -> APIC 0x05 -> Node 0
2026-02-05T21:22:16.615662+07:00 LAPTOP-6OTU1RGQ kernel: SRAT: PXM 0 -> APIC 0x06 -> Node 0
2026-02-05T21:22:16.615663+07:00 LAPTOP-6OTU1RGQ kernel: SRAT: PXM 0 -> APIC 0x07 -> Node 0
2026-02-05T21:22:16.615664+07:00 LAPTOP-6OTU1RGQ kernel: SRAT: PXM 0 -> APIC 0x08 -> Node 0
2026-02-05T21:22:16.615664+07:00 LAPTOP-6OTU1RGQ kernel: SRAT: PXM 0 -> APIC 0x09 -> Node 0
2026-02-05T21:22:16.615664+07:00 LAPTOP-6OTU1RGQ kernel: SRAT: PXM 0 -> APIC 0x0a -> Node 0
2026-02-05T21:22:16.615664+07:00 LAPTOP-6OTU1RGQ kernel: SRAT: PXM 0 -> APIC 0x0b -> Node 0
2026-02-05T21:22:16.615665+07:00 LAPTOP-6OTU1RGQ kernel: SRAT: PXM 0 -> APIC 0x0c -> Node 0
2026-02-05T21:22:16.615666+07:00 LAPTOP-6OTU1RGQ kernel: SRAT: PXM 0 -> APIC 0x0d -> Node 0
2026-02-05T21:22:16.615666+07:00 LAPTOP-6OTU1RGQ kernel: SRAT: PXM 0 -> APIC 0x0e -> Node 0
2026-02-05T21:22:16.615666+07:00 LAPTOP-6OTU1RGQ kernel: SRAT: PXM 0 -> APIC 0x0f -> Node 0
2026-02-05T21:22:16.615668+07:00 LAPTOP-6OTU1RGQ kernel: SRAT: PXM 0 -> APIC 0x10 -> Node 0
2026-02-05T21:22:16.615668+07:00 LAPTOP-6OTU1RGQ kernel: SRAT: PXM 0 -> APIC 0x11 -> Node 0
2026-02-05T21:22:16.615668+07:00 LAPTOP-6OTU1RGQ kernel: SRAT: PXM 0 -> APIC 0x12 -> Node 0
2026-02-05T21:22:16.615724+07:00 LAPTOP-6OTU1RGQ kernel: SRAT: PXM 0 -> APIC 0x13 -> Node 0
2026-02-05T21:22:16.615728+07:00 LAPTOP-6OTU1RGQ kernel: SRAT: PXM 0 -> APIC 0x14 -> Node 0
2026-02-05T21:22:16.615730+07:00 LAPTOP-6OTU1RGQ kernel: SRAT: PXM 0 -> APIC 0x15 -> Node 0
2026-02-05T21:22:16.615730+07:00 LAPTOP-6OTU1RGQ kernel: SRAT: PXM 0 -> APIC 0x16 -> Node 0
2026-02-05T21:22:16.615731+07:00 LAPTOP-6OTU1RGQ kernel: SRAT: PXM 0 -> APIC 0x17 -> Node 0
2026-02-05T21:22:16.615731+07:00 LAPTOP-6OTU1RGQ kernel: ACPI: SRAT: Node 0 PXM 0 [mem 0x00000000-0xf7ffffff] hotplug
2026-02-05T21:22:16.615731+07:00 LAPTOP-6OTU1RGQ kernel: ACPI: SRAT: Node 0 PXM 0 [mem 0x100000000-0x3ebbfffff] hotplug
2026-02-05T21:22:16.615733+07:00 LAPTOP-6OTU1RGQ kernel: ACPI: SRAT: Node 0 PXM 0 [mem 0x3ebc00000-0x9ffdfffff] hotplug
2026-02-05T21:22:16.615734+07:00 LAPTOP-6OTU1RGQ kernel: ACPI: SRAT: Node 0 PXM 0 [mem 0x1000000000-0xfcffffffff] hotplug
2026-02-05T21:22:16.615734+07:00 LAPTOP-6OTU1RGQ kernel: ACPI: SRAT: Node 0 PXM 0 [mem 0x10000000000-0x1ffffffffff] hotplug
2026-02-05T21:22:16.615734+07:00 LAPTOP-6OTU1RGQ kernel: ACPI: SRAT: Node 0 PXM 0 [mem 0x20000000000-0x3ffffffffff] hotplug
2026-02-05T21:22:16.615735+07:00 LAPTOP-6OTU1RGQ kernel: ACPI: SRAT: Node 0 PXM 0 [mem 0x40000000000-0x7ffffffffff] hotplug
2026-02-05T21:22:16.615735+07:00 LAPTOP-6OTU1RGQ kernel: ACPI: SRAT: Node 0 PXM 0 [mem 0x80000000000-0xfffffffffff] hotplug
2026-02-05T21:22:16.615736+07:00 LAPTOP-6OTU1RGQ kernel: ACPI: SRAT: Node 0 PXM 0 [mem 0x100000000000-0x1fffffffffff] hotplug
2026-02-05T21:22:16.615737+07:00 LAPTOP-6OTU1RGQ kernel: ACPI: SRAT: Node 0 PXM 0 [mem 0x200000000000-0x3fffffffffff] hotplug
2026-02-05T21:22:16.615738+07:00 LAPTOP-6OTU1RGQ kernel: ACPI: SRAT: Node 0 PXM 0 [mem 0x400000000000-0x7fffffffffff] hotplug
2026-02-05T21:22:16.615738+07:00 LAPTOP-6OTU1RGQ kernel: ACPI: SRAT: Node 0 PXM 0 [mem 0x800000000000-0xffffffffffff] hotplug
2026-02-05T21:22:16.615738+07:00 LAPTOP-6OTU1RGQ kernel: ACPI: SRAT: Node 0 PXM 0 [mem 0x1000000000000-0x1ffffffffffff] hotplug
2026-02-05T21:22:16.615738+07:00 LAPTOP-6OTU1RGQ kernel: ACPI: SRAT: Node 0 PXM 0 [mem 0x2000000000000-0x3ffffffffffff] hotplug
2026-02-05T21:22:16.615739+07:00 LAPTOP-6OTU1RGQ kernel: ACPI: SRAT: Node 0 PXM 0 [mem 0x4000000000000-0x7ffffffffffff] hotplug
2026-02-05T21:22:16.615740+07:00 LAPTOP-6OTU1RGQ kernel: ACPI: SRAT: Node 0 PXM 0 [mem 0x8000000000000-0xfffffffffffff] hotplug
2026-02-05T21:22:16.615741+07:00 LAPTOP-6OTU1RGQ kernel: NUMA: Node 0 [mem 0x00000000-0xf7ffffff] + [mem 0x100000000-0x3ebbfffff] -> [mem 0x00000000-0x3ebbfffff]
2026-02-05T21:22:16.615741+07:00 LAPTOP-6OTU1RGQ kernel: NODE_DATA(0) allocated [mem 0x3ebbde000-0x3ebbfffff]
2026-02-05T21:22:16.615741+07:00 LAPTOP-6OTU1RGQ kernel: Zone ranges:
2026-02-05T21:22:16.615742+07:00 LAPTOP-6OTU1RGQ kernel:   DMA32    [mem 0x0000000000001000-0x00000000ffffffff]
2026-02-05T21:22:16.615742+07:00 LAPTOP-6OTU1RGQ kernel:   Normal   [mem 0x0000000100000000-0x00000003ebbfffff]
2026-02-05T21:22:16.615743+07:00 LAPTOP-6OTU1RGQ kernel:   Device   empty
2026-02-05T21:22:16.615744+07:00 LAPTOP-6OTU1RGQ kernel: Movable zone start for each node
2026-02-05T21:22:16.615744+07:00 LAPTOP-6OTU1RGQ kernel: Early memory node ranges
2026-02-05T21:22:16.615831+07:00 LAPTOP-6OTU1RGQ kernel:   node   0: [mem 0x0000000000001000-0x000000000009ffff]
2026-02-05T21:22:16.615837+07:00 LAPTOP-6OTU1RGQ kernel:   node   0: [mem 0x0000000000200000-0x00000000f7ffffff]
2026-02-05T21:22:16.615838+07:00 LAPTOP-6OTU1RGQ kernel:   node   0: [mem 0x0000000100000000-0x00000003ebbfffff]
2026-02-05T21:22:16.615849+07:00 LAPTOP-6OTU1RGQ kernel: Initmem setup node 0 [mem 0x0000000000001000-0x00000003ebbfffff]
2026-02-05T21:22:16.615849+07:00 LAPTOP-6OTU1RGQ kernel: On node 0, zone DMA32: 1 pages in unavailable ranges
2026-02-05T21:22:16.615850+07:00 LAPTOP-6OTU1RGQ kernel: On node 0, zone DMA32: 352 pages in unavailable ranges
2026-02-05T21:22:16.615850+07:00 LAPTOP-6OTU1RGQ kernel: On node 0, zone Normal: 17408 pages in unavailable ranges
2026-02-05T21:22:16.615851+07:00 LAPTOP-6OTU1RGQ kernel: ACPI: PM-Timer IO Port: 0x408
2026-02-05T21:22:16.615851+07:00 LAPTOP-6OTU1RGQ kernel: ACPI: LAPIC_NMI (acpi_id[0x01] dfl dfl lint[0x1])
2026-02-05T21:22:16.615852+07:00 LAPTOP-6OTU1RGQ kernel: IOAPIC[0]: apic_id 24, version 17, address 0xfec00000, GSI 0-23
2026-02-05T21:22:16.615854+07:00 LAPTOP-6OTU1RGQ kernel: ACPI: INT_SRC_OVR (bus 0 bus_irq 9 global_irq 9 high level)
2026-02-05T21:22:16.615854+07:00 LAPTOP-6OTU1RGQ kernel: ACPI: Using ACPI (MADT) for SMP configuration information
2026-02-05T21:22:16.615855+07:00 LAPTOP-6OTU1RGQ kernel: smpboot: Allowing 24 CPUs, 0 hotplug CPUs
2026-02-05T21:22:16.615855+07:00 LAPTOP-6OTU1RGQ kernel: PM: hibernation: Registered nosave memory: [mem 0x00000000-0x00000fff]
2026-02-05T21:22:16.615856+07:00 LAPTOP-6OTU1RGQ kernel: PM: hibernation: Registered nosave memory: [mem 0x000a0000-0x000dffff]
2026-02-05T21:22:16.615856+07:00 LAPTOP-6OTU1RGQ kernel: PM: hibernation: Registered nosave memory: [mem 0x000e0000-0x000e0fff]
2026-02-05T21:22:16.616018+07:00 LAPTOP-6OTU1RGQ kernel: PM: hibernation: Registered nosave memory: [mem 0x000e1000-0x000fffff]
2026-02-05T21:22:16.616027+07:00 LAPTOP-6OTU1RGQ kernel: PM: hibernation: Registered nosave memory: [mem 0x00100000-0x001fffff]
2026-02-05T21:22:16.616077+07:00 LAPTOP-6OTU1RGQ kernel: PM: hibernation: Registered nosave memory: [mem 0xf8000000-0xffffffff]
2026-02-05T21:22:16.616079+07:00 LAPTOP-6OTU1RGQ kernel: [mem 0xf8000000-0xffffffff] available for PCI devices
2026-02-05T21:22:16.616080+07:00 LAPTOP-6OTU1RGQ kernel: Booting paravirtualized kernel on Hyper-V
2026-02-05T21:22:16.616081+07:00 LAPTOP-6OTU1RGQ kernel: clocksource: refined-jiffies: mask: 0xffffffff max_cycles: 0xffffffff, max_idle_ns: 7645519600211568 ns
2026-02-05T21:22:16.616092+07:00 LAPTOP-6OTU1RGQ kernel: setup_percpu: NR_CPUS:8192 nr_cpumask_bits:24 nr_cpu_ids:24 nr_node_ids:1
2026-02-05T21:22:16.616093+07:00 LAPTOP-6OTU1RGQ kernel: percpu: Embedded 63 pages/cpu s221184 r8192 d28672 u262144
2026-02-05T21:22:16.616094+07:00 LAPTOP-6OTU1RGQ kernel: pcpu-alloc: s221184 r8192 d28672 u262144 alloc=1*2097152
2026-02-05T21:22:16.616094+07:00 LAPTOP-6OTU1RGQ kernel: pcpu-alloc: [0] 00 01 02 03 04 05 06 07 [0] 08 09 10 11 12 13 14 15 
2026-02-05T21:22:16.616095+07:00 LAPTOP-6OTU1RGQ kernel: pcpu-alloc: [0] 16 17 18 19 20 21 22 23 
2026-02-05T21:22:16.616096+07:00 LAPTOP-6OTU1RGQ kernel: Hyper-V: PV spinlocks enabled
2026-02-05T21:22:16.616096+07:00 LAPTOP-6OTU1RGQ kernel: PV qspinlock hash table entries: 256 (order: 0, 4096 bytes, linear)
2026-02-05T21:22:16.616099+07:00 LAPTOP-6OTU1RGQ kernel: Kernel command line: initrd=\initrd.img WSL_ROOT_INIT=1 panic=-1 nr_cpus=24 hv_utils.timesync_implicit=1 console=hvc0 debug pty.legacy_count=0 WSL_ENABLE_CRASH_DUMP=1
2026-02-05T21:22:16.616100+07:00 LAPTOP-6OTU1RGQ kernel: Unknown kernel command line parameters "WSL_ROOT_INIT=1 WSL_ENABLE_CRASH_DUMP=1", will be passed to user space.
2026-02-05T21:22:16.616101+07:00 LAPTOP-6OTU1RGQ kernel: random: crng init done
2026-02-05T21:22:16.616102+07:00 LAPTOP-6OTU1RGQ kernel: Dentry cache hash table entries: 2097152 (order: 12, 16777216 bytes, linear)
2026-02-05T21:22:16.616102+07:00 LAPTOP-6OTU1RGQ kernel: Inode-cache hash table entries: 1048576 (order: 11, 8388608 bytes, linear)
2026-02-05T21:22:16.616127+07:00 LAPTOP-6OTU1RGQ kernel: Fallback order for Node 0: 0 
2026-02-05T21:22:16.616127+07:00 LAPTOP-6OTU1RGQ kernel: Built 1 zonelists, mobility grouping on.  Total pages: 4013840
2026-02-05T21:22:16.616131+07:00 LAPTOP-6OTU1RGQ kernel: Policy zone: Normal
2026-02-05T21:22:16.616135+07:00 LAPTOP-6OTU1RGQ kernel: mem auto-init: stack:off, heap alloc:on, heap free:off
2026-02-05T21:22:16.616136+07:00 LAPTOP-6OTU1RGQ kernel: software IO TLB: area num 32.
2026-02-05T21:22:16.616136+07:00 LAPTOP-6OTU1RGQ kernel: Memory: 4123788K/16312956K available (20480K kernel code, 3457K rwdata, 13496K rodata, 4492K init, 6208K bss, 405824K reserved, 0K cma-reserved)
2026-02-05T21:22:16.616137+07:00 LAPTOP-6OTU1RGQ kernel: SLUB: HWalign=64, Order=0-3, MinObjects=0, CPUs=24, Nodes=1
2026-02-05T21:22:16.616154+07:00 LAPTOP-6OTU1RGQ kernel: ftrace: allocating 55808 entries in 218 pages
2026-02-05T21:22:16.616155+07:00 LAPTOP-6OTU1RGQ kernel: ftrace: allocated 218 pages with 5 groups
2026-02-05T21:22:16.616155+07:00 LAPTOP-6OTU1RGQ kernel: Dynamic Preempt: none
2026-02-05T21:22:16.616156+07:00 LAPTOP-6OTU1RGQ kernel: rcu: Preemptible hierarchical RCU implementation.
2026-02-05T21:22:16.616157+07:00 LAPTOP-6OTU1RGQ kernel: rcu: 	RCU restricting CPUs from NR_CPUS=8192 to nr_cpu_ids=24.
2026-02-05T21:22:16.616157+07:00 LAPTOP-6OTU1RGQ kernel: 	Trampoline variant of Tasks RCU enabled.
2026-02-05T21:22:16.616160+07:00 LAPTOP-6OTU1RGQ kernel: 	Rude variant of Tasks RCU enabled.
2026-02-05T21:22:16.616161+07:00 LAPTOP-6OTU1RGQ kernel: 	Tracing variant of Tasks RCU enabled.
2026-02-05T21:22:16.616162+07:00 LAPTOP-6OTU1RGQ kernel: rcu: RCU calculated value of scheduler-enlistment delay is 25 jiffies.
2026-02-05T21:22:16.616162+07:00 LAPTOP-6OTU1RGQ kernel: rcu: Adjusting geometry for rcu_fanout_leaf=16, nr_cpu_ids=24
2026-02-05T21:22:16.616163+07:00 LAPTOP-6OTU1RGQ kernel: Using NULL legacy PIC
2026-02-05T21:22:16.616164+07:00 LAPTOP-6OTU1RGQ kernel: NR_IRQS: 524544, nr_irqs: 616, preallocated irqs: 0
2026-02-05T21:22:16.616166+07:00 LAPTOP-6OTU1RGQ kernel: rcu: srcu_init: Setting srcu_struct sizes based on contention.
2026-02-05T21:22:16.616167+07:00 LAPTOP-6OTU1RGQ kernel: Console: colour dummy device 80x25
2026-02-05T21:22:16.616167+07:00 LAPTOP-6OTU1RGQ kernel: ACPI: Core revision 20230628
2026-02-05T21:22:16.616168+07:00 LAPTOP-6OTU1RGQ kernel: Failed to register legacy timer interrupt
2026-02-05T21:22:16.616169+07:00 LAPTOP-6OTU1RGQ kernel: APIC: Switch to symmetric I/O mode setup
2026-02-05T21:22:16.616169+07:00 LAPTOP-6OTU1RGQ kernel: APIC: Switched APIC routing to: physical flat
2026-02-05T21:22:16.616170+07:00 LAPTOP-6OTU1RGQ kernel: Hyper-V: Host Build 10.0.26100.7705-7-0
2026-02-05T21:22:16.616173+07:00 LAPTOP-6OTU1RGQ kernel: Hyper-V: enabling crash_kexec_post_notifiers
2026-02-05T21:22:16.616174+07:00 LAPTOP-6OTU1RGQ kernel: Hyper-V: Using IPI hypercalls
2026-02-05T21:22:16.616174+07:00 LAPTOP-6OTU1RGQ kernel: APIC: send_IPI() replaced with hv_send_ipi()
2026-02-05T21:22:16.616175+07:00 LAPTOP-6OTU1RGQ kernel: APIC: send_IPI_mask() replaced with hv_send_ipi_mask()
2026-02-05T21:22:16.616175+07:00 LAPTOP-6OTU1RGQ kernel: APIC: send_IPI_mask_allbutself() replaced with hv_send_ipi_mask_allbutself()
2026-02-05T21:22:16.616176+07:00 LAPTOP-6OTU1RGQ kernel: APIC: send_IPI_allbutself() replaced with hv_send_ipi_allbutself()
2026-02-05T21:22:16.616179+07:00 LAPTOP-6OTU1RGQ kernel: APIC: send_IPI_all() replaced with hv_send_ipi_all()
2026-02-05T21:22:16.616179+07:00 LAPTOP-6OTU1RGQ kernel: APIC: send_IPI_self() replaced with hv_send_ipi_self()
2026-02-05T21:22:16.616180+07:00 LAPTOP-6OTU1RGQ kernel: Hyper-V: Using enlightened APIC (xapic mode)
2026-02-05T21:22:16.616180+07:00 LAPTOP-6OTU1RGQ kernel: APIC: eoi() replaced with hv_apic_eoi_write()
2026-02-05T21:22:16.616181+07:00 LAPTOP-6OTU1RGQ kernel: APIC: read() replaced with hv_apic_read()
2026-02-05T21:22:16.616181+07:00 LAPTOP-6OTU1RGQ kernel: APIC: write() replaced with hv_apic_write()
2026-02-05T21:22:16.616182+07:00 LAPTOP-6OTU1RGQ kernel: APIC: icr_write() replaced with hv_apic_icr_write()
2026-02-05T21:22:16.616183+07:00 LAPTOP-6OTU1RGQ kernel: APIC: icr_read() replaced with hv_apic_icr_read()
2026-02-05T21:22:16.616184+07:00 LAPTOP-6OTU1RGQ kernel: clocksource: tsc-early: mask: 0xffffffffffffffff max_cycles: 0x398c58f3ad9, max_idle_ns: 881590744025 ns
2026-02-05T21:22:16.616184+07:00 LAPTOP-6OTU1RGQ kernel: Calibrating delay loop (skipped), value calculated using timer frequency.. 3992.40 BogoMIPS (lpj=7984816)
2026-02-05T21:22:16.616185+07:00 LAPTOP-6OTU1RGQ kernel: x86/cpu: User Mode Instruction Prevention (UMIP) activated
2026-02-05T21:22:16.616185+07:00 LAPTOP-6OTU1RGQ kernel: Last level iTLB entries: 4KB 64, 2MB 64, 4MB 32
2026-02-05T21:22:16.616187+07:00 LAPTOP-6OTU1RGQ kernel: Last level dTLB entries: 4KB 128, 2MB 128, 4MB 64, 1GB 0
2026-02-05T21:22:16.616189+07:00 LAPTOP-6OTU1RGQ kernel: Spectre V1 : Mitigation: usercopy/swapgs barriers and __user pointer sanitization
2026-02-05T21:22:16.616189+07:00 LAPTOP-6OTU1RGQ kernel: Spectre V2 : Mitigation: Retpolines
2026-02-05T21:22:16.616189+07:00 LAPTOP-6OTU1RGQ kernel: Spectre V2 : Spectre v2 / SpectreRSB mitigation: Filling RSB on context switch
2026-02-05T21:22:16.616270+07:00 LAPTOP-6OTU1RGQ kernel: Spectre V2 : Spectre v2 / SpectreRSB : Filling RSB on VMEXIT
2026-02-05T21:22:16.616273+07:00 LAPTOP-6OTU1RGQ kernel: Spectre V2 : Enabling Restricted Speculation for firmware calls
2026-02-05T21:22:16.616274+07:00 LAPTOP-6OTU1RGQ kernel: Spectre V2 : mitigation: Enabling conditional Indirect Branch Prediction Barrier
2026-02-05T21:22:16.616284+07:00 LAPTOP-6OTU1RGQ kernel: Spectre V2 : User space: Mitigation: STIBP always-on protection
2026-02-05T21:22:16.616285+07:00 LAPTOP-6OTU1RGQ kernel: Speculative Store Bypass: Mitigation: Speculative Store Bypass disabled via prctl
2026-02-05T21:22:16.616286+07:00 LAPTOP-6OTU1RGQ kernel: x86/fpu: Supporting XSAVE feature 0x001: 'x87 floating point registers'
2026-02-05T21:22:16.616287+07:00 LAPTOP-6OTU1RGQ kernel: x86/fpu: Supporting XSAVE feature 0x002: 'SSE registers'
2026-02-05T21:22:16.616288+07:00 LAPTOP-6OTU1RGQ kernel: x86/fpu: Supporting XSAVE feature 0x004: 'AVX registers'
2026-02-05T21:22:16.616289+07:00 LAPTOP-6OTU1RGQ kernel: x86/fpu: Supporting XSAVE feature 0x020: 'AVX-512 opmask'
2026-02-05T21:22:16.616291+07:00 LAPTOP-6OTU1RGQ kernel: x86/fpu: Supporting XSAVE feature 0x040: 'AVX-512 Hi256'
2026-02-05T21:22:16.616291+07:00 LAPTOP-6OTU1RGQ kernel: x86/fpu: Supporting XSAVE feature 0x080: 'AVX-512 ZMM_Hi256'
2026-02-05T21:22:16.616292+07:00 LAPTOP-6OTU1RGQ kernel: x86/fpu: Supporting XSAVE feature 0x800: 'Control-flow User registers'
2026-02-05T21:22:16.616297+07:00 LAPTOP-6OTU1RGQ kernel: x86/fpu: xstate_offset[2]:  576, xstate_sizes[2]:  256
2026-02-05T21:22:16.616297+07:00 LAPTOP-6OTU1RGQ kernel: x86/fpu: xstate_offset[5]:  832, xstate_sizes[5]:   64
2026-02-05T21:22:16.616298+07:00 LAPTOP-6OTU1RGQ kernel: x86/fpu: xstate_offset[6]:  896, xstate_sizes[6]:  512
2026-02-05T21:22:16.616298+07:00 LAPTOP-6OTU1RGQ kernel: x86/fpu: xstate_offset[7]: 1408, xstate_sizes[7]: 1024
2026-02-05T21:22:16.616300+07:00 LAPTOP-6OTU1RGQ kernel: x86/fpu: xstate_offset[11]: 2432, xstate_sizes[11]:   16
2026-02-05T21:22:16.616301+07:00 LAPTOP-6OTU1RGQ kernel: x86/fpu: Enabled xstate features 0x8e7, context size is 2448 bytes, using 'compacted' format.
2026-02-05T21:22:16.616301+07:00 LAPTOP-6OTU1RGQ kernel: Freeing SMP alternatives memory: 44K
2026-02-05T21:22:16.616302+07:00 LAPTOP-6OTU1RGQ kernel: pid_max: default: 32768 minimum: 301
2026-02-05T21:22:16.616302+07:00 LAPTOP-6OTU1RGQ kernel: LSM: initializing lsm=capability,landlock,yama,safesetid,selinux,integrity
2026-02-05T21:22:16.616303+07:00 LAPTOP-6OTU1RGQ kernel: landlock: Up and running.
2026-02-05T21:22:16.616304+07:00 LAPTOP-6OTU1RGQ kernel: Yama: becoming mindful.
2026-02-05T21:22:16.616305+07:00 LAPTOP-6OTU1RGQ kernel: SELinux:  Initializing.
2026-02-05T21:22:16.616305+07:00 LAPTOP-6OTU1RGQ kernel: Mount-cache hash table entries: 32768 (order: 6, 262144 bytes, linear)
2026-02-05T21:22:16.616306+07:00 LAPTOP-6OTU1RGQ kernel: Mountpoint-cache hash table entries: 32768 (order: 6, 262144 bytes, linear)
2026-02-05T21:22:16.616306+07:00 LAPTOP-6OTU1RGQ kernel: smpboot: CPU0: AMD Ryzen AI 9 HX 370 w/ Radeon 890M (family: 0x1a, model: 0x24, stepping: 0x0)
2026-02-05T21:22:16.616307+07:00 LAPTOP-6OTU1RGQ kernel: RCU Tasks: Setting shift to 5 and lim to 1 rcu_task_cb_adjust=1 rcu_task_cpu_ids=24.
2026-02-05T21:22:16.616308+07:00 LAPTOP-6OTU1RGQ kernel: RCU Tasks Rude: Setting shift to 5 and lim to 1 rcu_task_cb_adjust=1 rcu_task_cpu_ids=24.
2026-02-05T21:22:16.616321+07:00 LAPTOP-6OTU1RGQ kernel: RCU Tasks Trace: Setting shift to 5 and lim to 1 rcu_task_cb_adjust=1 rcu_task_cpu_ids=24.
2026-02-05T21:22:16.616322+07:00 LAPTOP-6OTU1RGQ kernel: Performance Events: Fam17h+ core perfctr, AMD PMU driver.
2026-02-05T21:22:16.616322+07:00 LAPTOP-6OTU1RGQ kernel: ... version:                0
2026-02-05T21:22:16.616323+07:00 LAPTOP-6OTU1RGQ kernel: ... bit width:              48
2026-02-05T21:22:16.616323+07:00 LAPTOP-6OTU1RGQ kernel: ... generic registers:      6
2026-02-05T21:22:16.616324+07:00 LAPTOP-6OTU1RGQ kernel: ... value mask:             0000ffffffffffff
2026-02-05T21:22:16.616435+07:00 LAPTOP-6OTU1RGQ kernel: ... max period:             00007fffffffffff
2026-02-05T21:22:16.616441+07:00 LAPTOP-6OTU1RGQ kernel: ... fixed-purpose events:   0
2026-02-05T21:22:16.616442+07:00 LAPTOP-6OTU1RGQ kernel: ... event mask:             000000000000003f
2026-02-05T21:22:16.616442+07:00 LAPTOP-6OTU1RGQ kernel: signal: max sigframe size: 3376
2026-02-05T21:22:16.616443+07:00 LAPTOP-6OTU1RGQ kernel: rcu: Hierarchical SRCU implementation.
2026-02-05T21:22:16.616443+07:00 LAPTOP-6OTU1RGQ kernel: rcu: 	Max phase no-delay instances is 1000.
2026-02-05T21:22:16.616456+07:00 LAPTOP-6OTU1RGQ kernel: smp: Bringing up secondary CPUs ...
2026-02-05T21:22:16.616456+07:00 LAPTOP-6OTU1RGQ kernel: smpboot: x86: Booting SMP configuration:
2026-02-05T21:22:16.616535+07:00 LAPTOP-6OTU1RGQ kernel: .... node  #0, CPUs:        #2  #4  #6  #8 #10 #12 #14 #16 #18 #20 #22  #1  #3  #5  #7  #9 #11 #13 #15 #17 #19 #21 #23
2026-02-05T21:22:16.616540+07:00 LAPTOP-6OTU1RGQ kernel: Spectre V2 : Update user space SMT mitigation: STIBP always-on
2026-02-05T21:22:16.616541+07:00 LAPTOP-6OTU1RGQ kernel: smp: Brought up 1 node, 24 CPUs
2026-02-05T21:22:16.616542+07:00 LAPTOP-6OTU1RGQ kernel: smpboot: Max logical packages: 1
2026-02-05T21:22:16.616543+07:00 LAPTOP-6OTU1RGQ kernel: smpboot: Total of 24 processors activated (95817.79 BogoMIPS)
2026-02-05T21:22:16.616559+07:00 LAPTOP-6OTU1RGQ kernel: node 0 deferred pages initialised in 24ms
2026-02-05T21:22:16.616559+07:00 LAPTOP-6OTU1RGQ kernel: devtmpfs: initialized
2026-02-05T21:22:16.616560+07:00 LAPTOP-6OTU1RGQ kernel: x86/mm: Memory block size: 128MB
2026-02-05T21:22:16.616561+07:00 LAPTOP-6OTU1RGQ kernel: clocksource: jiffies: mask: 0xffffffff max_cycles: 0xffffffff, max_idle_ns: 7645041785100000 ns
2026-02-05T21:22:16.616562+07:00 LAPTOP-6OTU1RGQ kernel: futex hash table entries: 8192 (order: 7, 524288 bytes, linear)
2026-02-05T21:22:16.616562+07:00 LAPTOP-6OTU1RGQ kernel: pinctrl core: initialized pinctrl subsystem
2026-02-05T21:22:16.616566+07:00 LAPTOP-6OTU1RGQ kernel: NET: Registered PF_NETLINK/PF_ROUTE protocol family
2026-02-05T21:22:16.616567+07:00 LAPTOP-6OTU1RGQ kernel: DMA: preallocated 2048 KiB GFP_KERNEL pool for atomic allocations
2026-02-05T21:22:16.616568+07:00 LAPTOP-6OTU1RGQ kernel: DMA: preallocated 2048 KiB GFP_KERNEL|GFP_DMA32 pool for atomic allocations
2026-02-05T21:22:16.616569+07:00 LAPTOP-6OTU1RGQ kernel: audit: initializing netlink subsys (disabled)
2026-02-05T21:22:16.616570+07:00 LAPTOP-6OTU1RGQ kernel: audit: type=2000 audit(1770301332.064:1): state=initialized audit_enabled=0 res=1
2026-02-05T21:22:16.616570+07:00 LAPTOP-6OTU1RGQ kernel: thermal_sys: Registered thermal governor 'step_wise'
2026-02-05T21:22:16.616575+07:00 LAPTOP-6OTU1RGQ kernel: thermal_sys: Registered thermal governor 'user_space'
2026-02-05T21:22:16.616576+07:00 LAPTOP-6OTU1RGQ kernel: cpuidle: using governor ladder
2026-02-05T21:22:16.616576+07:00 LAPTOP-6OTU1RGQ kernel: cpuidle: using governor menu
2026-02-05T21:22:16.616577+07:00 LAPTOP-6OTU1RGQ kernel: acpiphp: ACPI Hot Plug PCI Controller Driver version: 0.5
2026-02-05T21:22:16.616578+07:00 LAPTOP-6OTU1RGQ kernel: dca service started, version 1.12.1
2026-02-05T21:22:16.616578+07:00 LAPTOP-6OTU1RGQ kernel: PCI: Fatal: No config space access function found
2026-02-05T21:22:16.616579+07:00 LAPTOP-6OTU1RGQ kernel: kprobes: kprobe jump-optimization is enabled. All kprobes are optimized if possible.
2026-02-05T21:22:16.616583+07:00 LAPTOP-6OTU1RGQ kernel: HugeTLB: registered 1.00 GiB page size, pre-allocated 0 pages
2026-02-05T21:22:16.616584+07:00 LAPTOP-6OTU1RGQ kernel: HugeTLB: 16380 KiB vmemmap can be freed for a 1.00 GiB page
2026-02-05T21:22:16.616585+07:00 LAPTOP-6OTU1RGQ kernel: HugeTLB: registered 2.00 MiB page size, pre-allocated 0 pages
2026-02-05T21:22:16.616585+07:00 LAPTOP-6OTU1RGQ kernel: HugeTLB: 28 KiB vmemmap can be freed for a 2.00 MiB page
2026-02-05T21:22:16.616586+07:00 LAPTOP-6OTU1RGQ kernel: cryptd: max_cpu_qlen set to 1000
2026-02-05T21:22:16.616587+07:00 LAPTOP-6OTU1RGQ kernel: ACPI: Added _OSI(Module Device)
2026-02-05T21:22:16.616591+07:00 LAPTOP-6OTU1RGQ kernel: ACPI: Added _OSI(Processor Device)
2026-02-05T21:22:16.616592+07:00 LAPTOP-6OTU1RGQ kernel: ACPI: Added _OSI(3.0 _SCP Extensions)
2026-02-05T21:22:16.616592+07:00 LAPTOP-6OTU1RGQ kernel: ACPI: Added _OSI(Processor Aggregator Device)
2026-02-05T21:22:16.616593+07:00 LAPTOP-6OTU1RGQ kernel: ACPI: 1 ACPI AML tables successfully acquired and loaded
2026-02-05T21:22:16.616594+07:00 LAPTOP-6OTU1RGQ kernel: ACPI: _OSC evaluation for CPUs failed, trying _PDC
2026-02-05T21:22:16.616595+07:00 LAPTOP-6OTU1RGQ kernel: ACPI: Interpreter enabled
2026-02-05T21:22:16.616595+07:00 LAPTOP-6OTU1RGQ kernel: ACPI: PM: (supports S0 S5)
2026-02-05T21:22:16.616600+07:00 LAPTOP-6OTU1RGQ kernel: ACPI: Using IOAPIC for interrupt routing
2026-02-05T21:22:16.616601+07:00 LAPTOP-6OTU1RGQ kernel: PCI: Using host bridge windows from ACPI; if necessary, use "pci=nocrs" and report a bug
2026-02-05T21:22:16.616601+07:00 LAPTOP-6OTU1RGQ kernel: PCI: Using E820 reservations for host bridge windows
2026-02-05T21:22:16.616602+07:00 LAPTOP-6OTU1RGQ kernel: ACPI: Enabled 2 GPEs in block 00 to 0F
2026-02-05T21:22:16.616602+07:00 LAPTOP-6OTU1RGQ kernel: iommu: Default domain type: Translated
2026-02-05T21:22:16.616603+07:00 LAPTOP-6OTU1RGQ kernel: iommu: DMA domain TLB invalidation policy: lazy mode
2026-02-05T21:22:16.616653+07:00 LAPTOP-6OTU1RGQ kernel: SCSI subsystem initialized
2026-02-05T21:22:16.616658+07:00 LAPTOP-6OTU1RGQ kernel: libata version 3.00 loaded.
2026-02-05T21:22:16.616659+07:00 LAPTOP-6OTU1RGQ kernel: pps_core: LinuxPPS API ver. 1 registered
2026-02-05T21:22:16.616660+07:00 LAPTOP-6OTU1RGQ kernel: pps_core: Software ver. 5.3.6 - Copyright 2005-2007 Rodolfo Giometti <giometti@linux.it>
2026-02-05T21:22:16.616660+07:00 LAPTOP-6OTU1RGQ kernel: PTP clock support registered
2026-02-05T21:22:16.616661+07:00 LAPTOP-6OTU1RGQ kernel: EDAC MC: Ver: 3.0.0
2026-02-05T21:22:16.616671+07:00 LAPTOP-6OTU1RGQ kernel: hv_vmbus: Vmbus version:5.3
2026-02-05T21:22:16.616671+07:00 LAPTOP-6OTU1RGQ kernel: hv_vmbus: Unknown GUID: 6e382d18-3336-4f4b-acc4-2b7703d4df4a
2026-02-05T21:22:16.616672+07:00 LAPTOP-6OTU1RGQ kernel: hv_vmbus: Unknown GUID: dde9cbc0-5060-4436-9448-ea1254a5d177
2026-02-05T21:22:16.616672+07:00 LAPTOP-6OTU1RGQ kernel: NetLabel: Initializing
2026-02-05T21:22:16.616673+07:00 LAPTOP-6OTU1RGQ kernel: NetLabel:  domain hash size = 128
2026-02-05T21:22:16.616673+07:00 LAPTOP-6OTU1RGQ kernel: NetLabel:  protocols = UNLABELED CIPSOv4 CALIPSO
2026-02-05T21:22:16.616673+07:00 LAPTOP-6OTU1RGQ kernel: NetLabel:  unlabeled traffic allowed by default
2026-02-05T21:22:16.616680+07:00 LAPTOP-6OTU1RGQ kernel: PCI: Using ACPI for IRQ routing
2026-02-05T21:22:16.616683+07:00 LAPTOP-6OTU1RGQ kernel: PCI: System does not support PCI
2026-02-05T21:22:16.616684+07:00 LAPTOP-6OTU1RGQ kernel: vgaarb: loaded
2026-02-05T21:22:16.616685+07:00 LAPTOP-6OTU1RGQ kernel: clocksource: Switched to clocksource tsc-early
2026-02-05T21:22:16.616685+07:00 LAPTOP-6OTU1RGQ kernel: VFS: Disk quotas dquot_6.6.0
2026-02-05T21:22:16.616686+07:00 LAPTOP-6OTU1RGQ kernel: VFS: Dquot-cache hash table entries: 512 (order 0, 4096 bytes)
2026-02-05T21:22:16.616694+07:00 LAPTOP-6OTU1RGQ kernel: FS-Cache: Loaded
2026-02-05T21:22:16.616697+07:00 LAPTOP-6OTU1RGQ kernel: pnp: PnP ACPI init
2026-02-05T21:22:16.616697+07:00 LAPTOP-6OTU1RGQ kernel: pnp: PnP ACPI: found 1 devices
2026-02-05T21:22:16.616698+07:00 LAPTOP-6OTU1RGQ kernel: clocksource: acpi_pm: mask: 0xffffff max_cycles: 0xffffff, max_idle_ns: 2085701024 ns
2026-02-05T21:22:16.616698+07:00 LAPTOP-6OTU1RGQ kernel: NET: Registered PF_INET protocol family
2026-02-05T21:22:16.616699+07:00 LAPTOP-6OTU1RGQ kernel: IP idents hash table entries: 262144 (order: 9, 2097152 bytes, linear)
2026-02-05T21:22:16.616699+07:00 LAPTOP-6OTU1RGQ kernel: tcp_listen_portaddr_hash hash table entries: 8192 (order: 5, 131072 bytes, linear)
2026-02-05T21:22:16.616702+07:00 LAPTOP-6OTU1RGQ kernel: Table-perturb hash table entries: 65536 (order: 6, 262144 bytes, linear)
2026-02-05T21:22:16.616702+07:00 LAPTOP-6OTU1RGQ kernel: TCP established hash table entries: 131072 (order: 8, 1048576 bytes, linear)
2026-02-05T21:22:16.616703+07:00 LAPTOP-6OTU1RGQ kernel: TCP bind hash table entries: 65536 (order: 9, 2097152 bytes, linear)
2026-02-05T21:22:16.616703+07:00 LAPTOP-6OTU1RGQ kernel: TCP: Hash tables configured (established 131072 bind 65536)
2026-02-05T21:22:16.616703+07:00 LAPTOP-6OTU1RGQ kernel: UDP hash table entries: 8192 (order: 6, 262144 bytes, linear)
2026-02-05T21:22:16.616703+07:00 LAPTOP-6OTU1RGQ kernel: UDP-Lite hash table entries: 8192 (order: 6, 262144 bytes, linear)
2026-02-05T21:22:16.616711+07:00 LAPTOP-6OTU1RGQ kernel: NET: Registered PF_UNIX/PF_LOCAL protocol family
2026-02-05T21:22:16.616714+07:00 LAPTOP-6OTU1RGQ kernel: NET: Registered PF_XDP protocol family
2026-02-05T21:22:16.616714+07:00 LAPTOP-6OTU1RGQ kernel: PCI: CLS 0 bytes, default 64
2026-02-05T21:22:16.616714+07:00 LAPTOP-6OTU1RGQ kernel: PCI-DMA: Using software bounce buffering for IO (SWIOTLB)
2026-02-05T21:22:16.616715+07:00 LAPTOP-6OTU1RGQ kernel: software IO TLB: mapped [mem 0x00000000f4000000-0x00000000f8000000] (64MB)
2026-02-05T21:22:16.616715+07:00 LAPTOP-6OTU1RGQ kernel: Trying to unpack rootfs image as initramfs...
2026-02-05T21:22:16.616718+07:00 LAPTOP-6OTU1RGQ kernel: Freeing initrd memory: 2672K
2026-02-05T21:22:16.616718+07:00 LAPTOP-6OTU1RGQ kernel: clocksource: tsc: mask: 0xffffffffffffffff max_cycles: 0x398c58f3ad9, max_idle_ns: 881590744025 ns
2026-02-05T21:22:16.616719+07:00 LAPTOP-6OTU1RGQ kernel: clocksource: Switched to clocksource tsc
2026-02-05T21:22:16.616719+07:00 LAPTOP-6OTU1RGQ kernel: Initialise system trusted keyrings
2026-02-05T21:22:16.616719+07:00 LAPTOP-6OTU1RGQ kernel: Key type blacklist registered
2026-02-05T21:22:16.616719+07:00 LAPTOP-6OTU1RGQ kernel: workingset: timestamp_bits=36 max_order=22 bucket_order=0
2026-02-05T21:22:16.616719+07:00 LAPTOP-6OTU1RGQ kernel: squashfs: version 4.0 (2009/01/31) Phillip Lougher
2026-02-05T21:22:16.616723+07:00 LAPTOP-6OTU1RGQ kernel: fuse: init (API version 7.39)
2026-02-05T21:22:16.616723+07:00 LAPTOP-6OTU1RGQ kernel: SGI XFS with ACLs, security attributes, realtime, verbose warnings, quota, no debug enabled
2026-02-05T21:22:16.616723+07:00 LAPTOP-6OTU1RGQ kernel: 9p: Installing v9fs 9p2000 file system support
2026-02-05T21:22:16.616723+07:00 LAPTOP-6OTU1RGQ kernel: Key type asymmetric registered
2026-02-05T21:22:16.616724+07:00 LAPTOP-6OTU1RGQ kernel: Asymmetric key parser 'x509' registered
2026-02-05T21:22:16.616724+07:00 LAPTOP-6OTU1RGQ kernel: Block layer SCSI generic (bsg) driver version 0.4 loaded (major 245)
2026-02-05T21:22:16.616773+07:00 LAPTOP-6OTU1RGQ kernel: io scheduler mq-deadline registered
2026-02-05T21:22:16.616776+07:00 LAPTOP-6OTU1RGQ kernel: io scheduler kyber registered
2026-02-05T21:22:16.616776+07:00 LAPTOP-6OTU1RGQ kernel: hv_vmbus: registering driver hv_pci
2026-02-05T21:22:16.616776+07:00 LAPTOP-6OTU1RGQ kernel: hv_pci c4b741f5-5582-4c98-8f8b-2e082933c396: PCI VMBus probing: Using version 0x10004
2026-02-05T21:22:16.616777+07:00 LAPTOP-6OTU1RGQ kernel: hv_pci c4b741f5-5582-4c98-8f8b-2e082933c396: PCI host bridge to bus 5582:00
2026-02-05T21:22:16.616777+07:00 LAPTOP-6OTU1RGQ kernel: pci_bus 5582:00: root bus resource [mem 0x9ffe00000-0x9ffe02fff window]
2026-02-05T21:22:16.616777+07:00 LAPTOP-6OTU1RGQ kernel: pci_bus 5582:00: No busn resource found for root bus, will use [bus 00-ff]
2026-02-05T21:22:16.616783+07:00 LAPTOP-6OTU1RGQ kernel: pci 5582:00:00.0: [1af4:1043] type 00 class 0x010000
2026-02-05T21:22:16.616784+07:00 LAPTOP-6OTU1RGQ kernel: pci 5582:00:00.0: reg 0x10: [mem 0x9ffe00000-0x9ffe00fff 64bit]
2026-02-05T21:22:16.616784+07:00 LAPTOP-6OTU1RGQ kernel: pci 5582:00:00.0: reg 0x18: [mem 0x9ffe01000-0x9ffe01fff 64bit]
2026-02-05T21:22:16.616784+07:00 LAPTOP-6OTU1RGQ kernel: pci 5582:00:00.0: reg 0x20: [mem 0x9ffe02000-0x9ffe02fff 64bit]
2026-02-05T21:22:16.616784+07:00 LAPTOP-6OTU1RGQ kernel: pci_bus 5582:00: busn_res: [bus 00-ff] end is updated to 00
2026-02-05T21:22:16.616785+07:00 LAPTOP-6OTU1RGQ kernel: pci 5582:00:00.0: BAR 0: assigned [mem 0x9ffe00000-0x9ffe00fff 64bit]
2026-02-05T21:22:16.616787+07:00 LAPTOP-6OTU1RGQ kernel: pci 5582:00:00.0: BAR 2: assigned [mem 0x9ffe01000-0x9ffe01fff 64bit]
2026-02-05T21:22:16.616787+07:00 LAPTOP-6OTU1RGQ kernel: pci 5582:00:00.0: BAR 4: assigned [mem 0x9ffe02000-0x9ffe02fff 64bit]
2026-02-05T21:22:16.616787+07:00 LAPTOP-6OTU1RGQ kernel: hv_pci 4ab6509b-43c9-40c6-b7eb-0cb399eb6722: PCI VMBus probing: Using version 0x10004
2026-02-05T21:22:16.616788+07:00 LAPTOP-6OTU1RGQ kernel: hv_pci 4ab6509b-43c9-40c6-b7eb-0cb399eb6722: PCI host bridge to bus 43c9:00
2026-02-05T21:22:16.616788+07:00 LAPTOP-6OTU1RGQ kernel: pci_bus 43c9:00: No busn resource found for root bus, will use [bus 00-ff]
2026-02-05T21:22:16.616788+07:00 LAPTOP-6OTU1RGQ kernel: pci 43c9:00:00.0: [1414:008a] type 00 class 0x030200
2026-02-05T21:22:16.616792+07:00 LAPTOP-6OTU1RGQ kernel: pci_bus 43c9:00: busn_res: [bus 00-ff] end is updated to 00
2026-02-05T21:22:16.616795+07:00 LAPTOP-6OTU1RGQ kernel: ioatdma: Intel(R) QuickData Technology Driver 5.00
2026-02-05T21:22:16.616828+07:00 LAPTOP-6OTU1RGQ kernel: virtio-pci 5582:00:00.0: enabling device (0000 -> 0002)
2026-02-05T21:22:16.616830+07:00 LAPTOP-6OTU1RGQ kernel: Serial: 8250/16550 driver, 8 ports, IRQ sharing enabled
2026-02-05T21:22:16.616831+07:00 LAPTOP-6OTU1RGQ kernel: Linux agpgart interface v0.103
2026-02-05T21:22:16.616832+07:00 LAPTOP-6OTU1RGQ kernel: AMD-Vi: AMD IOMMUv2 functionality not available on this system - This is not a bug.
2026-02-05T21:22:16.616832+07:00 LAPTOP-6OTU1RGQ kernel: ACPI: bus type drm_connector registered
2026-02-05T21:22:16.616842+07:00 LAPTOP-6OTU1RGQ kernel: printk: console [hvc0] enabled
2026-02-05T21:22:16.616843+07:00 LAPTOP-6OTU1RGQ kernel: brd: module loaded
2026-02-05T21:22:16.616843+07:00 LAPTOP-6OTU1RGQ kernel: loop: module loaded
2026-02-05T21:22:16.616843+07:00 LAPTOP-6OTU1RGQ kernel: Loading iSCSI transport class v2.0-870.
2026-02-05T21:22:16.616843+07:00 LAPTOP-6OTU1RGQ kernel: rdac: device handler registered
2026-02-05T21:22:16.616843+07:00 LAPTOP-6OTU1RGQ kernel: Microchip SmartPQI Driver (v2.1.24-046)
2026-02-05T21:22:16.616845+07:00 LAPTOP-6OTU1RGQ kernel: VMware PVSCSI driver - version 1.0.7.0-k
2026-02-05T21:22:16.616846+07:00 LAPTOP-6OTU1RGQ kernel: hv_vmbus: registering driver hv_storvsc
2026-02-05T21:22:16.616846+07:00 LAPTOP-6OTU1RGQ kernel: PPP generic driver version 2.4.2
2026-02-05T21:22:16.616846+07:00 LAPTOP-6OTU1RGQ kernel: VMware vmxnet3 virtual NIC driver - version 1.7.0.0-k-NAPI
2026-02-05T21:22:16.616846+07:00 LAPTOP-6OTU1RGQ kernel: scsi host0: storvsc_host_t
2026-02-05T21:22:16.616846+07:00 LAPTOP-6OTU1RGQ kernel: hv_vmbus: registering driver hv_netvsc
2026-02-05T21:22:16.616847+07:00 LAPTOP-6OTU1RGQ kernel: Fusion MPT base driver 3.04.20
2026-02-05T21:22:16.616848+07:00 LAPTOP-6OTU1RGQ kernel: Copyright (c) 1999-2008 LSI Corporation
2026-02-05T21:22:16.616848+07:00 LAPTOP-6OTU1RGQ kernel: Fusion MPT SPI Host driver 3.04.20
2026-02-05T21:22:16.616848+07:00 LAPTOP-6OTU1RGQ kernel: Fusion MPT SAS Host driver 3.04.20
2026-02-05T21:22:16.616849+07:00 LAPTOP-6OTU1RGQ kernel: Fusion MPT misc device (ioctl) driver 3.04.20
2026-02-05T21:22:16.616849+07:00 LAPTOP-6OTU1RGQ kernel: mptctl: Registered with Fusion MPT base driver
2026-02-05T21:22:16.616849+07:00 LAPTOP-6OTU1RGQ kernel: mptctl: /dev/mptctl @ (major,minor=10,220)
2026-02-05T21:22:16.616850+07:00 LAPTOP-6OTU1RGQ kernel: i8042: PNP: No PS/2 controller found.
2026-02-05T21:22:16.616850+07:00 LAPTOP-6OTU1RGQ kernel: hv_vmbus: registering driver hyperv_keyboard
2026-02-05T21:22:16.616851+07:00 LAPTOP-6OTU1RGQ kernel: rtc_cmos 00:00: RTC can wake from S4
2026-02-05T21:22:16.616851+07:00 LAPTOP-6OTU1RGQ kernel: rtc_cmos 00:00: registered as rtc0
2026-02-05T21:22:16.616851+07:00 LAPTOP-6OTU1RGQ kernel: rtc_cmos 00:00: setting system clock to 2026-02-05T14:22:12 UTC (1770301332)
2026-02-05T21:22:16.616851+07:00 LAPTOP-6OTU1RGQ kernel: rtc_cmos 00:00: alarms up to one month, 114 bytes nvram
2026-02-05T21:22:16.616853+07:00 LAPTOP-6OTU1RGQ kernel: device-mapper: core: CONFIG_IMA_DISABLE_HTABLE is disabled. Duplicate IMA measurements will not be recorded in the IMA log.
2026-02-05T21:22:16.616853+07:00 LAPTOP-6OTU1RGQ kernel: device-mapper: uevent: version 1.0.3
2026-02-05T21:22:16.616853+07:00 LAPTOP-6OTU1RGQ kernel: device-mapper: ioctl: 4.48.0-ioctl (2023-03-01) initialised: dm-devel@redhat.com
2026-02-05T21:22:16.616854+07:00 LAPTOP-6OTU1RGQ kernel: hv_utils: Registering HyperV Utility Driver
2026-02-05T21:22:16.616854+07:00 LAPTOP-6OTU1RGQ kernel: hv_vmbus: registering driver hv_utils
2026-02-05T21:22:16.616854+07:00 LAPTOP-6OTU1RGQ kernel: hv_vmbus: registering driver hv_balloon
2026-02-05T21:22:16.616854+07:00 LAPTOP-6OTU1RGQ kernel: hv_vmbus: registering driver dxgkrnl
2026-02-05T21:22:16.616856+07:00 LAPTOP-6OTU1RGQ kernel: hv_utils: TimeSync IC version 4.0
2026-02-05T21:22:16.616857+07:00 LAPTOP-6OTU1RGQ kernel: hv_balloon: Using Dynamic Memory protocol version 2.0
2026-02-05T21:22:16.616857+07:00 LAPTOP-6OTU1RGQ kernel: Free page reporting enabled
2026-02-05T21:22:16.616857+07:00 LAPTOP-6OTU1RGQ kernel: drop_monitor: Initializing network drop monitor service
2026-02-05T21:22:16.616858+07:00 LAPTOP-6OTU1RGQ kernel: hv_balloon: Cold memory discard hint enabled with order 9
2026-02-05T21:22:16.616858+07:00 LAPTOP-6OTU1RGQ kernel: NET: Registered PF_INET6 protocol family
2026-02-05T21:22:16.616859+07:00 LAPTOP-6OTU1RGQ kernel: Segment Routing with IPv6
2026-02-05T21:22:16.616860+07:00 LAPTOP-6OTU1RGQ kernel: In-situ OAM (IOAM) with IPv6
2026-02-05T21:22:16.616860+07:00 LAPTOP-6OTU1RGQ kernel: NET: Registered PF_PACKET protocol family
2026-02-05T21:22:16.616860+07:00 LAPTOP-6OTU1RGQ kernel: 9pnet: Installing 9P2000 support
2026-02-05T21:22:16.616861+07:00 LAPTOP-6OTU1RGQ kernel: NET: Registered PF_VSOCK protocol family
2026-02-05T21:22:16.616862+07:00 LAPTOP-6OTU1RGQ kernel: hv_vmbus: registering driver hv_sock
2026-02-05T21:22:16.616863+07:00 LAPTOP-6OTU1RGQ kernel: IPI shorthand broadcast: enabled
2026-02-05T21:22:16.616863+07:00 LAPTOP-6OTU1RGQ kernel: AVX2 version of gcm_enc/dec engaged.
2026-02-05T21:22:16.616864+07:00 LAPTOP-6OTU1RGQ kernel: AES CTR mode by8 optimization enabled
2026-02-05T21:22:16.616864+07:00 LAPTOP-6OTU1RGQ kernel: sched_clock: Marking stable (372005126, 433062)->(393846722, -21408534)
2026-02-05T21:22:16.616864+07:00 LAPTOP-6OTU1RGQ kernel: registered taskstats version 1
2026-02-05T21:22:16.616864+07:00 LAPTOP-6OTU1RGQ kernel: Loading compiled-in X.509 certificates
2026-02-05T21:22:16.616864+07:00 LAPTOP-6OTU1RGQ kernel: ima: No TPM chip found, activating TPM-bypass!
2026-02-05T21:22:16.616865+07:00 LAPTOP-6OTU1RGQ kernel: ima: Allocated hash algorithm: sha256
2026-02-05T21:22:16.616866+07:00 LAPTOP-6OTU1RGQ kernel: ima: No architecture policies found
2026-02-05T21:22:16.616866+07:00 LAPTOP-6OTU1RGQ kernel: RAS: Correctable Errors collector initialized.
2026-02-05T21:22:16.616866+07:00 LAPTOP-6OTU1RGQ kernel: clk: Disabling unused clocks
2026-02-05T21:22:16.616866+07:00 LAPTOP-6OTU1RGQ kernel: Freeing unused decrypted memory: 2028K
2026-02-05T21:22:16.616866+07:00 LAPTOP-6OTU1RGQ kernel: Freeing unused kernel image (initmem) memory: 4492K
2026-02-05T21:22:16.616869+07:00 LAPTOP-6OTU1RGQ kernel: Write protecting the kernel read-only data: 34816k
2026-02-05T21:22:16.616869+07:00 LAPTOP-6OTU1RGQ kernel: Freeing unused kernel image (rodata/data gap) memory: 840K
2026-02-05T21:22:16.616869+07:00 LAPTOP-6OTU1RGQ kernel: Run /init as init process
2026-02-05T21:22:16.616870+07:00 LAPTOP-6OTU1RGQ kernel:   with arguments:
2026-02-05T21:22:16.616870+07:00 LAPTOP-6OTU1RGQ kernel:     /init
2026-02-05T21:22:16.616870+07:00 LAPTOP-6OTU1RGQ kernel:   with environment:
2026-02-05T21:22:16.616870+07:00 LAPTOP-6OTU1RGQ kernel:     HOME=/
2026-02-05T21:22:16.616871+07:00 LAPTOP-6OTU1RGQ kernel:     TERM=linux
2026-02-05T21:22:16.616872+07:00 LAPTOP-6OTU1RGQ kernel:     WSL_ROOT_INIT=1
2026-02-05T21:22:16.616872+07:00 LAPTOP-6OTU1RGQ kernel:     WSL_ENABLE_CRASH_DUMP=1
2026-02-05T21:22:16.616872+07:00 LAPTOP-6OTU1RGQ kernel: hv_vmbus: Unknown GUID: 6e382d18-3336-4f4b-acc4-2b7703d4df4a
2026-02-05T21:22:16.616872+07:00 LAPTOP-6OTU1RGQ kernel: hv_pci 2a1df8d3-01ab-4850-9d59-708b68b87964: PCI VMBus probing: Using version 0x10004
2026-02-05T21:22:16.616872+07:00 LAPTOP-6OTU1RGQ kernel: hv_pci 2a1df8d3-01ab-4850-9d59-708b68b87964: PCI host bridge to bus 01ab:00
2026-02-05T21:22:16.616874+07:00 LAPTOP-6OTU1RGQ kernel: pci_bus 01ab:00: No busn resource found for root bus, will use [bus 00-ff]
2026-02-05T21:22:16.616874+07:00 LAPTOP-6OTU1RGQ kernel: pci 01ab:00:00.0: [1414:008e] type 00 class 0x030200
2026-02-05T21:22:16.616874+07:00 LAPTOP-6OTU1RGQ kernel: scsi 0:0:0:0: Direct-Access     Msft     Virtual Disk     1.0  PQ: 0 ANSI: 5
2026-02-05T21:22:16.616874+07:00 LAPTOP-6OTU1RGQ kernel: pci_bus 01ab:00: busn_res: [bus 00-ff] end is updated to 00
2026-02-05T21:22:16.616875+07:00 LAPTOP-6OTU1RGQ kernel: hv_vmbus: Unknown GUID: 6e382d18-3336-4f4b-acc4-2b7703d4df4a
2026-02-05T21:22:16.616875+07:00 LAPTOP-6OTU1RGQ kernel: hv_pci 6f73c73a-e5cf-4379-b417-1d251f98a963: PCI VMBus probing: Using version 0x10004
2026-02-05T21:22:16.616876+07:00 LAPTOP-6OTU1RGQ kernel: hv_pci 6f73c73a-e5cf-4379-b417-1d251f98a963: PCI host bridge to bus e5cf:00
2026-02-05T21:22:16.616876+07:00 LAPTOP-6OTU1RGQ kernel: pci_bus e5cf:00: No busn resource found for root bus, will use [bus 00-ff]
2026-02-05T21:22:16.616876+07:00 LAPTOP-6OTU1RGQ kernel: scsi 0:0:0:1: Direct-Access     Msft     Virtual Disk     1.0  PQ: 0 ANSI: 5
2026-02-05T21:22:16.616877+07:00 LAPTOP-6OTU1RGQ kernel: pci e5cf:00:00.0: [1414:008e] type 00 class 0x030200
2026-02-05T21:22:16.616877+07:00 LAPTOP-6OTU1RGQ kernel: pci_bus e5cf:00: busn_res: [bus 00-ff] end is updated to 00
2026-02-05T21:22:16.616877+07:00 LAPTOP-6OTU1RGQ kernel: sd 0:0:0:0: Attached scsi generic sg0 type 0
2026-02-05T21:22:16.616877+07:00 LAPTOP-6OTU1RGQ kernel: sd 0:0:0:0: [sda] 795536 512-byte logical blocks: (407 MB/388 MiB)
2026-02-05T21:22:16.616879+07:00 LAPTOP-6OTU1RGQ kernel: sd 0:0:0:1: Attached scsi generic sg1 type 0
2026-02-05T21:22:16.616879+07:00 LAPTOP-6OTU1RGQ kernel: sd 0:0:0:1: [sdb] 381016 512-byte logical blocks: (195 MB/186 MiB)
2026-02-05T21:22:16.616880+07:00 LAPTOP-6OTU1RGQ kernel: sd 0:0:0:1: [sdb] Write Protect is on
2026-02-05T21:22:16.616880+07:00 LAPTOP-6OTU1RGQ kernel: sd 0:0:0:1: [sdb] Mode Sense: 0f 00 80 00
2026-02-05T21:22:16.616880+07:00 LAPTOP-6OTU1RGQ kernel: sd 0:0:0:0: [sda] Write Protect is on
2026-02-05T21:22:16.616880+07:00 LAPTOP-6OTU1RGQ kernel: sd 0:0:0:1: [sdb] Write cache: disabled, read cache: enabled, doesn't support DPO or FUA
2026-02-05T21:22:16.616882+07:00 LAPTOP-6OTU1RGQ kernel: sd 0:0:0:1: [sdb] Attached SCSI disk
2026-02-05T21:22:16.616882+07:00 LAPTOP-6OTU1RGQ kernel: sd 0:0:0:0: [sda] Mode Sense: 0f 00 80 00
2026-02-05T21:22:16.616883+07:00 LAPTOP-6OTU1RGQ kernel: sd 0:0:0:0: [sda] Write cache: disabled, read cache: enabled, doesn't support DPO or FUA
2026-02-05T21:22:16.616883+07:00 LAPTOP-6OTU1RGQ kernel: scsi 0:0:0:2: Direct-Access     Msft     Virtual Disk     1.0  PQ: 0 ANSI: 5
2026-02-05T21:22:16.616883+07:00 LAPTOP-6OTU1RGQ kernel: sd 0:0:0:0: [sda] Attached SCSI disk
2026-02-05T21:22:16.616883+07:00 LAPTOP-6OTU1RGQ kernel: sd 0:0:0:2: Attached scsi generic sg2 type 0
2026-02-05T21:22:16.616883+07:00 LAPTOP-6OTU1RGQ kernel: sd 0:0:0:2: [sdc] 8388616 512-byte logical blocks: (4.29 GB/4.00 GiB)
2026-02-05T21:22:16.616891+07:00 LAPTOP-6OTU1RGQ kernel: sd 0:0:0:2: [sdc] 4096-byte physical blocks
2026-02-05T21:22:16.616893+07:00 LAPTOP-6OTU1RGQ kernel: sd 0:0:0:2: [sdc] Write Protect is off
2026-02-05T21:22:16.616894+07:00 LAPTOP-6OTU1RGQ kernel: sd 0:0:0:2: [sdc] Mode Sense: 0f 00 00 00
2026-02-05T21:22:16.616894+07:00 LAPTOP-6OTU1RGQ kernel: sd 0:0:0:2: [sdc] Write cache: enabled, read cache: enabled, doesn't support DPO or FUA
2026-02-05T21:22:16.616895+07:00 LAPTOP-6OTU1RGQ kernel: sd 0:0:0:2: [sdc] Attached SCSI disk
2026-02-05T21:22:16.616895+07:00 LAPTOP-6OTU1RGQ kernel: EXT4-fs (sda): mounted filesystem 00000000-0000-0000-0000-000000000000 ro without journal. Quota mode: none.
2026-02-05T21:22:16.616898+07:00 LAPTOP-6OTU1RGQ kernel: EXT4-fs (sdb): mounted filesystem 00000000-0000-0000-0000-000000000000 ro without journal. Quota mode: none.
2026-02-05T21:22:16.616898+07:00 LAPTOP-6OTU1RGQ kernel: tun: Universal TUN/TAP device driver, 1.6
2026-02-05T21:22:16.616898+07:00 LAPTOP-6OTU1RGQ kernel: Adding 4194304k swap on /dev/sdc.  Priority:-2 extents:1 across:4194304k 
2026-02-05T21:22:16.616899+07:00 LAPTOP-6OTU1RGQ kernel: bridge: filtering via arp/ip/ip6tables is no longer available by default. Update your scripts to load br_netfilter if you need this.
2026-02-05T21:22:16.616899+07:00 LAPTOP-6OTU1RGQ kernel: Bridge firewalling registered
2026-02-05T21:22:16.616899+07:00 LAPTOP-6OTU1RGQ kernel: hv_pci 5e8a4b61-eb48-4350-82ac-ac29b2cd78ce: PCI VMBus probing: Using version 0x10004
2026-02-05T21:22:16.616902+07:00 LAPTOP-6OTU1RGQ kernel: hv_pci 5e8a4b61-eb48-4350-82ac-ac29b2cd78ce: PCI host bridge to bus eb48:00
2026-02-05T21:22:16.616902+07:00 LAPTOP-6OTU1RGQ kernel: pci_bus eb48:00: root bus resource [mem 0xc00000000-0xe00001fff window]
2026-02-05T21:22:16.616902+07:00 LAPTOP-6OTU1RGQ kernel: pci_bus eb48:00: No busn resource found for root bus, will use [bus 00-ff]
2026-02-05T21:22:16.616902+07:00 LAPTOP-6OTU1RGQ kernel: pci eb48:00:00.0: [1af4:105a] type 00 class 0x088000
2026-02-05T21:22:16.616903+07:00 LAPTOP-6OTU1RGQ kernel: pci eb48:00:00.0: reg 0x10: [mem 0xe00000000-0xe00000fff 64bit]
2026-02-05T21:22:16.616919+07:00 LAPTOP-6OTU1RGQ kernel: pci eb48:00:00.0: reg 0x18: [mem 0xe00001000-0xe00001fff 64bit]
2026-02-05T21:22:16.616928+07:00 LAPTOP-6OTU1RGQ kernel: pci eb48:00:00.0: reg 0x20: [mem 0xc00000000-0xdffffffff 64bit]
2026-02-05T21:22:16.616928+07:00 LAPTOP-6OTU1RGQ kernel: pci_bus eb48:00: busn_res: [bus 00-ff] end is updated to 00
2026-02-05T21:22:16.616928+07:00 LAPTOP-6OTU1RGQ kernel: pci eb48:00:00.0: BAR 4: assigned [mem 0xc00000000-0xdffffffff 64bit]
2026-02-05T21:22:16.616929+07:00 LAPTOP-6OTU1RGQ kernel: pci eb48:00:00.0: BAR 0: assigned [mem 0xe00000000-0xe00000fff 64bit]
2026-02-05T21:22:16.616929+07:00 LAPTOP-6OTU1RGQ kernel: pci eb48:00:00.0: BAR 2: assigned [mem 0xe00001000-0xe00001fff 64bit]
2026-02-05T21:22:16.616929+07:00 LAPTOP-6OTU1RGQ kernel: virtio-pci eb48:00:00.0: enabling device (0000 -> 0002)
2026-02-05T21:22:16.616929+07:00 LAPTOP-6OTU1RGQ kernel: virtiofs virtio1: Cache len: 0x200000000 @ 0xc00000000
2026-02-05T21:22:16.616981+07:00 LAPTOP-6OTU1RGQ kernel: scsi 0:0:0:3: Direct-Access     Msft     Virtual Disk     1.0  PQ: 0 ANSI: 5
2026-02-05T21:22:16.616983+07:00 LAPTOP-6OTU1RGQ kernel: sd 0:0:0:3: Attached scsi generic sg3 type 0
2026-02-05T21:22:16.616984+07:00 LAPTOP-6OTU1RGQ kernel: sd 0:0:0:3: [sdd] 2147483648 512-byte logical blocks: (1.10 TB/1.00 TiB)
2026-02-05T21:22:16.616984+07:00 LAPTOP-6OTU1RGQ kernel: sd 0:0:0:3: [sdd] 4096-byte physical blocks
2026-02-05T21:22:16.616984+07:00 LAPTOP-6OTU1RGQ kernel: sd 0:0:0:3: [sdd] Write Protect is off
2026-02-05T21:22:16.616985+07:00 LAPTOP-6OTU1RGQ kernel: sd 0:0:0:3: [sdd] Mode Sense: 0f 00 00 00
2026-02-05T21:22:16.616991+07:00 LAPTOP-6OTU1RGQ kernel: sd 0:0:0:3: [sdd] Write cache: enabled, read cache: enabled, doesn't support DPO or FUA
2026-02-05T21:22:16.616991+07:00 LAPTOP-6OTU1RGQ kernel: sd 0:0:0:3: [sdd] Attached SCSI disk
2026-02-05T21:22:16.616991+07:00 LAPTOP-6OTU1RGQ kernel: EXT4-fs (sdd): mounted filesystem 0d10eddf-f9e8-493f-b603-175a38043c85 r/w with ordered data mode. Quota mode: none.
2026-02-05T21:22:16.616991+07:00 LAPTOP-6OTU1RGQ kernel: pulseaudio[356]: memfd_create() called without MFD_EXEC or MFD_NOEXEC_SEAL set
2026-02-05T21:22:16.616992+07:00 LAPTOP-6OTU1RGQ kernel: misc dxg: dxgk: dxgkio_is_feature_enabled: Ioctl failed: -22
2026-02-05T21:22:16.616992+07:00 LAPTOP-6OTU1RGQ kernel: misc dxg: dxgk: dxgkio_query_adapter_info: Ioctl failed: -1
2026-02-05T21:22:16.616994+07:00 LAPTOP-6OTU1RGQ kernel: misc dxg: dxgk: dxgkio_query_adapter_info: Ioctl failed: -22
2026-02-05T21:22:16.616997+07:00 LAPTOP-6OTU1RGQ kernel: message repeated 4 times: [ misc dxg: dxgk: dxgkio_query_adapter_info: Ioctl failed: -22]
2026-02-05T21:22:16.616997+07:00 LAPTOP-6OTU1RGQ kernel: misc dxg: dxgk: dxgkio_query_adapter_info: Ioctl failed: -2
2026-02-05T21:22:16.617000+07:00 LAPTOP-6OTU1RGQ kernel: misc dxg: dxgk: dxgkio_query_adapter_info: Ioctl failed: -22
2026-02-05T21:22:16.617000+07:00 LAPTOP-6OTU1RGQ kernel: message repeated 2 times: [ misc dxg: dxgk: dxgkio_query_adapter_info: Ioctl failed: -22]
2026-02-05T21:22:16.617001+07:00 LAPTOP-6OTU1RGQ kernel: misc dxg: dxgk: dxgkio_query_adapter_info: Ioctl failed: -2
2026-02-05T21:22:16.617003+07:00 LAPTOP-6OTU1RGQ kernel: misc dxg: dxgk: dxgkio_query_adapter_info: Ioctl failed: -22
2026-02-05T21:22:16.617004+07:00 LAPTOP-6OTU1RGQ kernel: message repeated 2 times: [ misc dxg: dxgk: dxgkio_query_adapter_info: Ioctl failed: -22]
2026-02-05T21:22:16.617005+07:00 LAPTOP-6OTU1RGQ kernel: misc dxg: dxgk: dxgkio_query_adapter_info: Ioctl failed: -2
2026-02-05T21:22:16.617008+07:00 LAPTOP-6OTU1RGQ kernel: ACPI: AC: AC Adapter [AC1] (off-line)
2026-02-05T21:22:16.617009+07:00 LAPTOP-6OTU1RGQ kernel: ACPI: battery: Slot [BAT1] (battery present)
2026-02-05T21:22:16.051908+07:00 LAPTOP-6OTU1RGQ kernel: kvm_amd: TSC scaling supported
2026-02-05T21:22:16.051909+07:00 LAPTOP-6OTU1RGQ kernel: kvm_amd: Nested Virtualization enabled
2026-02-05T21:22:16.051909+07:00 LAPTOP-6OTU1RGQ kernel: kvm_amd: Nested Paging enabled
2026-02-05T21:22:16.051910+07:00 LAPTOP-6OTU1RGQ kernel: kvm_amd: kvm_amd: Hyper-V enlightened NPT TLB flush enabled
2026-02-05T21:22:16.051910+07:00 LAPTOP-6OTU1RGQ kernel: kvm_amd: kvm_amd: Hyper-V Direct TLB Flush enabled
2026-02-05T21:22:16.051911+07:00 LAPTOP-6OTU1RGQ kernel: kvm_amd: Virtual VMLOAD VMSAVE supported
2026-02-05T21:23:01.293430+07:00 LAPTOP-6OTU1RGQ kernel: hv_balloon: Max. dynamic memory size: 15932 MB
2026-02-05T21:31:59.752659+07:00 LAPTOP-6OTU1RGQ kernel: mini_init (312): drop_caches: 1
2026-02-05T22:03:50.186056+07:00 LAPTOP-6OTU1RGQ kernel: TCP: eth0: Driver has suspect GRO implementation, TCP performance may be compromised.
2026-02-09T22:26:41.248315+07:00 LAPTOP-6OTU1RGQ kernel: Linux version 6.6.87.2-microsoft-standard-WSL2 (root@439a258ad544) (gcc (GCC) 11.2.0, GNU ld (GNU Binutils) 2.37) #1 SMP PREEMPT_DYNAMIC Thu Jun  5 18:30:46 UTC 2025
2026-02-09T22:26:41.248614+07:00 LAPTOP-6OTU1RGQ kernel: Command line: initrd=\initrd.img WSL_ROOT_INIT=1 panic=-1 nr_cpus=24 hv_utils.timesync_implicit=1 console=hvc0 debug pty.legacy_count=0 WSL_ENABLE_CRASH_DUMP=1
2026-02-09T22:26:41.248617+07:00 LAPTOP-6OTU1RGQ kernel: KERNEL supported cpus:
2026-02-09T22:26:41.248618+07:00 LAPTOP-6OTU1RGQ kernel:   Intel GenuineIntel
2026-02-09T22:26:41.248618+07:00 LAPTOP-6OTU1RGQ kernel:   AMD AuthenticAMD
2026-02-09T22:26:41.248618+07:00 LAPTOP-6OTU1RGQ kernel: BIOS-provided physical RAM map:
2026-02-09T22:26:41.248618+07:00 LAPTOP-6OTU1RGQ kernel: BIOS-e820: [mem 0x0000000000000000-0x000000000009ffff] usable
2026-02-09T22:26:41.248623+07:00 LAPTOP-6OTU1RGQ kernel: BIOS-e820: [mem 0x00000000000e0000-0x00000000000e0fff] reserved
2026-02-09T22:26:41.248624+07:00 LAPTOP-6OTU1RGQ kernel: BIOS-e820: [mem 0x0000000000100000-0x00000000001fffff] ACPI data
2026-02-09T22:26:41.248624+07:00 LAPTOP-6OTU1RGQ kernel: BIOS-e820: [mem 0x0000000000200000-0x00000000f7ffffff] usable
2026-02-09T22:26:41.248624+07:00 LAPTOP-6OTU1RGQ kernel: BIOS-e820: [mem 0x0000000100000000-0x00000003ebbfffff] usable
2026-02-09T22:26:41.248624+07:00 LAPTOP-6OTU1RGQ kernel: NX (Execute Disable) protection: active
2026-02-09T22:26:41.248625+07:00 LAPTOP-6OTU1RGQ kernel: APIC: Static calls initialized
2026-02-09T22:26:41.248628+07:00 LAPTOP-6OTU1RGQ kernel: DMI not present or invalid.
2026-02-09T22:26:41.248630+07:00 LAPTOP-6OTU1RGQ kernel: Hypervisor detected: Microsoft Hyper-V
2026-02-09T22:26:41.248631+07:00 LAPTOP-6OTU1RGQ kernel: Hyper-V: privilege flags low 0xae7f, high 0x3b8030, hints 0x900c2c, misc 0xe4bed7b6
2026-02-09T22:26:41.248631+07:00 LAPTOP-6OTU1RGQ kernel: Hyper-V: Nested features: 0x4a0000
2026-02-09T22:26:41.248631+07:00 LAPTOP-6OTU1RGQ kernel: Hyper-V: LAPIC Timer Frequency: 0xc3500
2026-02-09T22:26:41.248631+07:00 LAPTOP-6OTU1RGQ kernel: Hyper-V: Using hypercall for remote TLB flush
2026-02-09T22:26:41.248635+07:00 LAPTOP-6OTU1RGQ kernel: clocksource: hyperv_clocksource_tsc_page: mask: 0xffffffffffffffff max_cycles: 0x24e6a1710, max_idle_ns: 440795202120 ns
2026-02-09T22:26:41.248635+07:00 LAPTOP-6OTU1RGQ kernel: clocksource: hyperv_clocksource_msr: mask: 0xffffffffffffffff max_cycles: 0x24e6a1710, max_idle_ns: 440795202120 ns
2026-02-09T22:26:41.248635+07:00 LAPTOP-6OTU1RGQ kernel: tsc: Detected 1996.195 MHz processor
2026-02-09T22:26:41.248636+07:00 LAPTOP-6OTU1RGQ kernel: e820: update [mem 0x00000000-0x00000fff] usable ==> reserved
2026-02-09T22:26:41.248636+07:00 LAPTOP-6OTU1RGQ kernel: e820: remove [mem 0x000a0000-0x000fffff] usable
2026-02-09T22:26:41.248636+07:00 LAPTOP-6OTU1RGQ kernel: last_pfn = 0x3ebc00 max_arch_pfn = 0x400000000
2026-02-09T22:26:41.248637+07:00 LAPTOP-6OTU1RGQ kernel: MTRR map: 5 entries (4 fixed + 1 variable; max 20), built from 8 variable MTRRs
2026-02-09T22:26:41.248638+07:00 LAPTOP-6OTU1RGQ kernel: x86/PAT: Configuration [0-7]: WB  WC  UC- UC  WB  WP  UC- WT  
2026-02-09T22:26:41.248638+07:00 LAPTOP-6OTU1RGQ kernel: last_pfn = 0xf8000 max_arch_pfn = 0x400000000
2026-02-09T22:26:41.248638+07:00 LAPTOP-6OTU1RGQ kernel: Using GB pages for direct mapping
2026-02-09T22:26:41.248638+07:00 LAPTOP-6OTU1RGQ kernel: RAMDISK: [mem 0x04be4000-0x04e7ffff]
2026-02-09T22:26:41.248638+07:00 LAPTOP-6OTU1RGQ kernel: ACPI: Early table checksum verification disabled
2026-02-09T22:26:41.248639+07:00 LAPTOP-6OTU1RGQ kernel: ACPI: RSDP 0x00000000000E0000 000024 (v02 VRTUAL)
2026-02-09T22:26:41.248640+07:00 LAPTOP-6OTU1RGQ kernel: ACPI: XSDT 0x0000000000100000 000044 (v01 VRTUAL MICROSFT 00000001 MSFT 00000001)
2026-02-09T22:26:41.248640+07:00 LAPTOP-6OTU1RGQ kernel: ACPI: FACP 0x0000000000101000 000114 (v06 VRTUAL MICROSFT 00000001 MSFT 00000001)
2026-02-09T22:26:41.248641+07:00 LAPTOP-6OTU1RGQ kernel: ACPI: DSDT 0x00000000001011B8 01E11C (v02 MSFTVM DSDT01   00000001 INTL 20230628)
2026-02-09T22:26:41.248641+07:00 LAPTOP-6OTU1RGQ kernel: ACPI: FACS 0x0000000000101114 000040
2026-02-09T22:26:41.248641+07:00 LAPTOP-6OTU1RGQ kernel: ACPI: OEM0 0x0000000000101154 000064 (v01 VRTUAL MICROSFT 00000001 MSFT 00000001)
2026-02-09T22:26:41.248641+07:00 LAPTOP-6OTU1RGQ kernel: ACPI: SRAT 0x000000000011F2D4 000430 (v02 VRTUAL MICROSFT 00000001 MSFT 00000001)
2026-02-09T22:26:41.248642+07:00 LAPTOP-6OTU1RGQ kernel: ACPI: APIC 0x000000000011F704 000108 (v04 VRTUAL MICROSFT 00000001 MSFT 00000001)
2026-02-09T22:26:41.248643+07:00 LAPTOP-6OTU1RGQ kernel: ACPI: Reserving FACP table memory at [mem 0x101000-0x101113]
2026-02-09T22:26:41.248643+07:00 LAPTOP-6OTU1RGQ kernel: ACPI: Reserving DSDT table memory at [mem 0x1011b8-0x11f2d3]
2026-02-09T22:26:41.248643+07:00 LAPTOP-6OTU1RGQ kernel: ACPI: Reserving FACS table memory at [mem 0x101114-0x101153]
2026-02-09T22:26:41.248643+07:00 LAPTOP-6OTU1RGQ kernel: ACPI: Reserving OEM0 table memory at [mem 0x101154-0x1011b7]
2026-02-09T22:26:41.248696+07:00 LAPTOP-6OTU1RGQ kernel: ACPI: Reserving SRAT table memory at [mem 0x11f2d4-0x11f703]
2026-02-09T22:26:41.248697+07:00 LAPTOP-6OTU1RGQ kernel: ACPI: Reserving APIC table memory at [mem 0x11f704-0x11f80b]
2026-02-09T22:26:41.248701+07:00 LAPTOP-6OTU1RGQ kernel: SRAT: PXM 0 -> APIC 0x00 -> Node 0
2026-02-09T22:26:41.248701+07:00 LAPTOP-6OTU1RGQ kernel: SRAT: PXM 0 -> APIC 0x01 -> Node 0
2026-02-09T22:26:41.248701+07:00 LAPTOP-6OTU1RGQ kernel: SRAT: PXM 0 -> APIC 0x02 -> Node 0
2026-02-09T22:26:41.248701+07:00 LAPTOP-6OTU1RGQ kernel: SRAT: PXM 0 -> APIC 0x03 -> Node 0
2026-02-09T22:26:41.248702+07:00 LAPTOP-6OTU1RGQ kernel: SRAT: PXM 0 -> APIC 0x04 -> Node 0
2026-02-09T22:26:41.248702+07:00 LAPTOP-6OTU1RGQ kernel: SRAT: PXM 0 -> APIC 0x05 -> Node 0
2026-02-09T22:26:41.248703+07:00 LAPTOP-6OTU1RGQ kernel: SRAT: PXM 0 -> APIC 0x06 -> Node 0
2026-02-09T22:26:41.248703+07:00 LAPTOP-6OTU1RGQ kernel: SRAT: PXM 0 -> APIC 0x07 -> Node 0
2026-02-09T22:26:41.248703+07:00 LAPTOP-6OTU1RGQ kernel: SRAT: PXM 0 -> APIC 0x08 -> Node 0
2026-02-09T22:26:41.248703+07:00 LAPTOP-6OTU1RGQ kernel: SRAT: PXM 0 -> APIC 0x09 -> Node 0
2026-02-09T22:26:41.248703+07:00 LAPTOP-6OTU1RGQ kernel: SRAT: PXM 0 -> APIC 0x0a -> Node 0
2026-02-09T22:26:41.248703+07:00 LAPTOP-6OTU1RGQ kernel: SRAT: PXM 0 -> APIC 0x0b -> Node 0
2026-02-09T22:26:41.248746+07:00 LAPTOP-6OTU1RGQ kernel: SRAT: PXM 0 -> APIC 0x0c -> Node 0
2026-02-09T22:26:41.248749+07:00 LAPTOP-6OTU1RGQ kernel: SRAT: PXM 0 -> APIC 0x0d -> Node 0
2026-02-09T22:26:41.248749+07:00 LAPTOP-6OTU1RGQ kernel: SRAT: PXM 0 -> APIC 0x0e -> Node 0
2026-02-09T22:26:41.248749+07:00 LAPTOP-6OTU1RGQ kernel: SRAT: PXM 0 -> APIC 0x0f -> Node 0
2026-02-09T22:26:41.248749+07:00 LAPTOP-6OTU1RGQ kernel: SRAT: PXM 0 -> APIC 0x10 -> Node 0
2026-02-09T22:26:41.248750+07:00 LAPTOP-6OTU1RGQ kernel: SRAT: PXM 0 -> APIC 0x11 -> Node 0
2026-02-09T22:26:41.248750+07:00 LAPTOP-6OTU1RGQ kernel: SRAT: PXM 0 -> APIC 0x12 -> Node 0
2026-02-09T22:26:41.248753+07:00 LAPTOP-6OTU1RGQ kernel: SRAT: PXM 0 -> APIC 0x13 -> Node 0
2026-02-09T22:26:41.248753+07:00 LAPTOP-6OTU1RGQ kernel: SRAT: PXM 0 -> APIC 0x14 -> Node 0
2026-02-09T22:26:41.248753+07:00 LAPTOP-6OTU1RGQ kernel: SRAT: PXM 0 -> APIC 0x15 -> Node 0
2026-02-09T22:26:41.248753+07:00 LAPTOP-6OTU1RGQ kernel: SRAT: PXM 0 -> APIC 0x16 -> Node 0
2026-02-09T22:26:41.248753+07:00 LAPTOP-6OTU1RGQ kernel: SRAT: PXM 0 -> APIC 0x17 -> Node 0
2026-02-09T22:26:41.248754+07:00 LAPTOP-6OTU1RGQ kernel: ACPI: SRAT: Node 0 PXM 0 [mem 0x00000000-0xf7ffffff] hotplug
2026-02-09T22:26:41.248755+07:00 LAPTOP-6OTU1RGQ kernel: ACPI: SRAT: Node 0 PXM 0 [mem 0x100000000-0x3ebbfffff] hotplug
2026-02-09T22:26:41.248756+07:00 LAPTOP-6OTU1RGQ kernel: ACPI: SRAT: Node 0 PXM 0 [mem 0x3ebc00000-0x9ffdfffff] hotplug
2026-02-09T22:26:41.248756+07:00 LAPTOP-6OTU1RGQ kernel: ACPI: SRAT: Node 0 PXM 0 [mem 0x1000000000-0xfcffffffff] hotplug
2026-02-09T22:26:41.248758+07:00 LAPTOP-6OTU1RGQ kernel: ACPI: SRAT: Node 0 PXM 0 [mem 0x10000000000-0x1ffffffffff] hotplug
2026-02-09T22:26:41.248759+07:00 LAPTOP-6OTU1RGQ kernel: ACPI: SRAT: Node 0 PXM 0 [mem 0x20000000000-0x3ffffffffff] hotplug
2026-02-09T22:26:41.248759+07:00 LAPTOP-6OTU1RGQ kernel: ACPI: SRAT: Node 0 PXM 0 [mem 0x40000000000-0x7ffffffffff] hotplug
2026-02-09T22:26:41.248759+07:00 LAPTOP-6OTU1RGQ kernel: ACPI: SRAT: Node 0 PXM 0 [mem 0x80000000000-0xfffffffffff] hotplug
2026-02-09T22:26:41.248760+07:00 LAPTOP-6OTU1RGQ kernel: ACPI: SRAT: Node 0 PXM 0 [mem 0x100000000000-0x1fffffffffff] hotplug
2026-02-09T22:26:41.248760+07:00 LAPTOP-6OTU1RGQ kernel: ACPI: SRAT: Node 0 PXM 0 [mem 0x200000000000-0x3fffffffffff] hotplug
2026-02-09T22:26:41.248761+07:00 LAPTOP-6OTU1RGQ kernel: ACPI: SRAT: Node 0 PXM 0 [mem 0x400000000000-0x7fffffffffff] hotplug
2026-02-09T22:26:41.248761+07:00 LAPTOP-6OTU1RGQ kernel: ACPI: SRAT: Node 0 PXM 0 [mem 0x800000000000-0xffffffffffff] hotplug
2026-02-09T22:26:41.248761+07:00 LAPTOP-6OTU1RGQ kernel: ACPI: SRAT: Node 0 PXM 0 [mem 0x1000000000000-0x1ffffffffffff] hotplug
2026-02-09T22:26:41.248761+07:00 LAPTOP-6OTU1RGQ kernel: ACPI: SRAT: Node 0 PXM 0 [mem 0x2000000000000-0x3ffffffffffff] hotplug
2026-02-09T22:26:41.248762+07:00 LAPTOP-6OTU1RGQ kernel: ACPI: SRAT: Node 0 PXM 0 [mem 0x4000000000000-0x7ffffffffffff] hotplug
2026-02-09T22:26:41.248763+07:00 LAPTOP-6OTU1RGQ kernel: ACPI: SRAT: Node 0 PXM 0 [mem 0x8000000000000-0xfffffffffffff] hotplug
2026-02-09T22:26:41.248763+07:00 LAPTOP-6OTU1RGQ kernel: NUMA: Node 0 [mem 0x00000000-0xf7ffffff] + [mem 0x100000000-0x3ebbfffff] -> [mem 0x00000000-0x3ebbfffff]
2026-02-09T22:26:41.248763+07:00 LAPTOP-6OTU1RGQ kernel: NODE_DATA(0) allocated [mem 0x3ebbde000-0x3ebbfffff]
2026-02-09T22:26:41.248763+07:00 LAPTOP-6OTU1RGQ kernel: Zone ranges:
2026-02-09T22:26:41.248764+07:00 LAPTOP-6OTU1RGQ kernel:   DMA32    [mem 0x0000000000001000-0x00000000ffffffff]
2026-02-09T22:26:41.248765+07:00 LAPTOP-6OTU1RGQ kernel:   Normal   [mem 0x0000000100000000-0x00000003ebbfffff]
2026-02-09T22:26:41.248765+07:00 LAPTOP-6OTU1RGQ kernel:   Device   empty
2026-02-09T22:26:41.248766+07:00 LAPTOP-6OTU1RGQ kernel: Movable zone start for each node
2026-02-09T22:26:41.248766+07:00 LAPTOP-6OTU1RGQ kernel: Early memory node ranges
2026-02-09T22:26:41.248766+07:00 LAPTOP-6OTU1RGQ kernel:   node   0: [mem 0x0000000000001000-0x000000000009ffff]
2026-02-09T22:26:41.248767+07:00 LAPTOP-6OTU1RGQ kernel:   node   0: [mem 0x0000000000200000-0x00000000f7ffffff]
2026-02-09T22:26:41.248767+07:00 LAPTOP-6OTU1RGQ kernel:   node   0: [mem 0x0000000100000000-0x00000003ebbfffff]
2026-02-09T22:26:41.248768+07:00 LAPTOP-6OTU1RGQ kernel: Initmem setup node 0 [mem 0x0000000000001000-0x00000003ebbfffff]
2026-02-09T22:26:41.248768+07:00 LAPTOP-6OTU1RGQ kernel: On node 0, zone DMA32: 1 pages in unavailable ranges
2026-02-09T22:26:41.248768+07:00 LAPTOP-6OTU1RGQ kernel: On node 0, zone DMA32: 352 pages in unavailable ranges
2026-02-09T22:26:41.248769+07:00 LAPTOP-6OTU1RGQ kernel: On node 0, zone Normal: 17408 pages in unavailable ranges
2026-02-09T22:26:41.248769+07:00 LAPTOP-6OTU1RGQ kernel: ACPI: PM-Timer IO Port: 0x408
2026-02-09T22:26:41.248769+07:00 LAPTOP-6OTU1RGQ kernel: ACPI: LAPIC_NMI (acpi_id[0x01] dfl dfl lint[0x1])
2026-02-09T22:26:41.248770+07:00 LAPTOP-6OTU1RGQ kernel: IOAPIC[0]: apic_id 24, version 17, address 0xfec00000, GSI 0-23
2026-02-09T22:26:41.248770+07:00 LAPTOP-6OTU1RGQ kernel: ACPI: INT_SRC_OVR (bus 0 bus_irq 9 global_irq 9 high level)
2026-02-09T22:26:41.248770+07:00 LAPTOP-6OTU1RGQ kernel: ACPI: Using ACPI (MADT) for SMP configuration information
2026-02-09T22:26:41.248771+07:00 LAPTOP-6OTU1RGQ kernel: smpboot: Allowing 24 CPUs, 0 hotplug CPUs
2026-02-09T22:26:41.248771+07:00 LAPTOP-6OTU1RGQ kernel: PM: hibernation: Registered nosave memory: [mem 0x00000000-0x00000fff]
2026-02-09T22:26:41.248771+07:00 LAPTOP-6OTU1RGQ kernel: PM: hibernation: Registered nosave memory: [mem 0x000a0000-0x000dffff]
2026-02-09T22:26:41.248773+07:00 LAPTOP-6OTU1RGQ kernel: PM: hibernation: Registered nosave memory: [mem 0x000e0000-0x000e0fff]
2026-02-09T22:26:41.248774+07:00 LAPTOP-6OTU1RGQ kernel: PM: hibernation: Registered nosave memory: [mem 0x000e1000-0x000fffff]
2026-02-09T22:26:41.248774+07:00 LAPTOP-6OTU1RGQ kernel: PM: hibernation: Registered nosave memory: [mem 0x00100000-0x001fffff]
2026-02-09T22:26:41.248799+07:00 LAPTOP-6OTU1RGQ kernel: PM: hibernation: Registered nosave memory: [mem 0xf8000000-0xffffffff]
2026-02-09T22:26:41.248800+07:00 LAPTOP-6OTU1RGQ kernel: [mem 0xf8000000-0xffffffff] available for PCI devices
2026-02-09T22:26:41.248800+07:00 LAPTOP-6OTU1RGQ kernel: Booting paravirtualized kernel on Hyper-V
2026-02-09T22:26:41.248801+07:00 LAPTOP-6OTU1RGQ kernel: clocksource: refined-jiffies: mask: 0xffffffff max_cycles: 0xffffffff, max_idle_ns: 7645519600211568 ns
2026-02-09T22:26:41.248802+07:00 LAPTOP-6OTU1RGQ kernel: setup_percpu: NR_CPUS:8192 nr_cpumask_bits:24 nr_cpu_ids:24 nr_node_ids:1
2026-02-09T22:26:41.248803+07:00 LAPTOP-6OTU1RGQ kernel: percpu: Embedded 63 pages/cpu s221184 r8192 d28672 u262144
2026-02-09T22:26:41.248803+07:00 LAPTOP-6OTU1RGQ kernel: pcpu-alloc: s221184 r8192 d28672 u262144 alloc=1*2097152
2026-02-09T22:26:41.248803+07:00 LAPTOP-6OTU1RGQ kernel: pcpu-alloc: [0] 00 01 02 03 04 05 06 07 [0] 08 09 10 11 12 13 14 15 
2026-02-09T22:26:41.248803+07:00 LAPTOP-6OTU1RGQ kernel: pcpu-alloc: [0] 16 17 18 19 20 21 22 23 
2026-02-09T22:26:41.248804+07:00 LAPTOP-6OTU1RGQ kernel: Hyper-V: PV spinlocks enabled
2026-02-09T22:26:41.248805+07:00 LAPTOP-6OTU1RGQ kernel: PV qspinlock hash table entries: 256 (order: 0, 4096 bytes, linear)
2026-02-09T22:26:41.248805+07:00 LAPTOP-6OTU1RGQ kernel: Kernel command line: initrd=\initrd.img WSL_ROOT_INIT=1 panic=-1 nr_cpus=24 hv_utils.timesync_implicit=1 console=hvc0 debug pty.legacy_count=0 WSL_ENABLE_CRASH_DUMP=1
2026-02-09T22:26:41.248806+07:00 LAPTOP-6OTU1RGQ kernel: Unknown kernel command line parameters "WSL_ROOT_INIT=1 WSL_ENABLE_CRASH_DUMP=1", will be passed to user space.
2026-02-09T22:26:41.248806+07:00 LAPTOP-6OTU1RGQ kernel: random: crng init done
2026-02-09T22:26:41.248806+07:00 LAPTOP-6OTU1RGQ kernel: Dentry cache hash table entries: 2097152 (order: 12, 16777216 bytes, linear)
2026-02-09T22:26:41.248807+07:00 LAPTOP-6OTU1RGQ kernel: Inode-cache hash table entries: 1048576 (order: 11, 8388608 bytes, linear)
2026-02-09T22:26:41.248808+07:00 LAPTOP-6OTU1RGQ kernel: Fallback order for Node 0: 0 
2026-02-09T22:26:41.248808+07:00 LAPTOP-6OTU1RGQ kernel: Built 1 zonelists, mobility grouping on.  Total pages: 4013840
2026-02-09T22:26:41.248808+07:00 LAPTOP-6OTU1RGQ kernel: Policy zone: Normal
2026-02-09T22:26:41.248808+07:00 LAPTOP-6OTU1RGQ kernel: mem auto-init: stack:off, heap alloc:on, heap free:off
2026-02-09T22:26:41.248809+07:00 LAPTOP-6OTU1RGQ kernel: software IO TLB: area num 32.
2026-02-09T22:26:41.248809+07:00 LAPTOP-6OTU1RGQ kernel: Memory: 4123788K/16312956K available (20480K kernel code, 3457K rwdata, 13496K rodata, 4492K init, 6208K bss, 405816K reserved, 0K cma-reserved)
2026-02-09T22:26:41.248810+07:00 LAPTOP-6OTU1RGQ kernel: SLUB: HWalign=64, Order=0-3, MinObjects=0, CPUs=24, Nodes=1
2026-02-09T22:26:41.248810+07:00 LAPTOP-6OTU1RGQ kernel: ftrace: allocating 55808 entries in 218 pages
2026-02-09T22:26:41.248810+07:00 LAPTOP-6OTU1RGQ kernel: ftrace: allocated 218 pages with 5 groups
2026-02-09T22:26:41.248810+07:00 LAPTOP-6OTU1RGQ kernel: Dynamic Preempt: none
2026-02-09T22:26:41.248810+07:00 LAPTOP-6OTU1RGQ kernel: rcu: Preemptible hierarchical RCU implementation.
2026-02-09T22:26:41.248811+07:00 LAPTOP-6OTU1RGQ kernel: rcu: 	RCU restricting CPUs from NR_CPUS=8192 to nr_cpu_ids=24.
2026-02-09T22:26:41.248811+07:00 LAPTOP-6OTU1RGQ kernel: 	Trampoline variant of Tasks RCU enabled.
2026-02-09T22:26:41.248812+07:00 LAPTOP-6OTU1RGQ kernel: 	Rude variant of Tasks RCU enabled.
2026-02-09T22:26:41.248812+07:00 LAPTOP-6OTU1RGQ kernel: 	Tracing variant of Tasks RCU enabled.
2026-02-09T22:26:41.248812+07:00 LAPTOP-6OTU1RGQ kernel: rcu: RCU calculated value of scheduler-enlistment delay is 25 jiffies.
2026-02-09T22:26:41.248812+07:00 LAPTOP-6OTU1RGQ kernel: rcu: Adjusting geometry for rcu_fanout_leaf=16, nr_cpu_ids=24
2026-02-09T22:26:41.248812+07:00 LAPTOP-6OTU1RGQ kernel: Using NULL legacy PIC
2026-02-09T22:26:41.248812+07:00 LAPTOP-6OTU1RGQ kernel: NR_IRQS: 524544, nr_irqs: 616, preallocated irqs: 0
2026-02-09T22:26:41.248813+07:00 LAPTOP-6OTU1RGQ kernel: rcu: srcu_init: Setting srcu_struct sizes based on contention.
2026-02-09T22:26:41.248813+07:00 LAPTOP-6OTU1RGQ kernel: Console: colour dummy device 80x25
2026-02-09T22:26:41.248813+07:00 LAPTOP-6OTU1RGQ kernel: ACPI: Core revision 20230628
2026-02-09T22:26:41.248814+07:00 LAPTOP-6OTU1RGQ kernel: Failed to register legacy timer interrupt
2026-02-09T22:26:41.248814+07:00 LAPTOP-6OTU1RGQ kernel: APIC: Switch to symmetric I/O mode setup
2026-02-09T22:26:41.248814+07:00 LAPTOP-6OTU1RGQ kernel: APIC: Switched APIC routing to: physical flat
2026-02-09T22:26:41.248815+07:00 LAPTOP-6OTU1RGQ kernel: Hyper-V: Host Build 10.0.26100.7705-7-0
2026-02-09T22:26:41.248815+07:00 LAPTOP-6OTU1RGQ kernel: Hyper-V: enabling crash_kexec_post_notifiers
2026-02-09T22:26:41.248815+07:00 LAPTOP-6OTU1RGQ kernel: Hyper-V: Using IPI hypercalls
2026-02-09T22:26:41.248815+07:00 LAPTOP-6OTU1RGQ kernel: APIC: send_IPI() replaced with hv_send_ipi()
2026-02-09T22:26:41.248815+07:00 LAPTOP-6OTU1RGQ kernel: APIC: send_IPI_mask() replaced with hv_send_ipi_mask()
2026-02-09T22:26:41.248815+07:00 LAPTOP-6OTU1RGQ kernel: APIC: send_IPI_mask_allbutself() replaced with hv_send_ipi_mask_allbutself()
2026-02-09T22:26:41.248816+07:00 LAPTOP-6OTU1RGQ kernel: APIC: send_IPI_allbutself() replaced with hv_send_ipi_allbutself()
2026-02-09T22:26:41.248846+07:00 LAPTOP-6OTU1RGQ kernel: APIC: send_IPI_all() replaced with hv_send_ipi_all()
2026-02-09T22:26:41.248849+07:00 LAPTOP-6OTU1RGQ kernel: APIC: send_IPI_self() replaced with hv_send_ipi_self()
2026-02-09T22:26:41.248849+07:00 LAPTOP-6OTU1RGQ kernel: Hyper-V: Using enlightened APIC (xapic mode)
2026-02-09T22:26:41.248849+07:00 LAPTOP-6OTU1RGQ kernel: APIC: eoi() replaced with hv_apic_eoi_write()
2026-02-09T22:26:41.248850+07:00 LAPTOP-6OTU1RGQ kernel: APIC: read() replaced with hv_apic_read()
2026-02-09T22:26:41.248850+07:00 LAPTOP-6OTU1RGQ kernel: APIC: write() replaced with hv_apic_write()
2026-02-09T22:26:41.248852+07:00 LAPTOP-6OTU1RGQ kernel: APIC: icr_write() replaced with hv_apic_icr_write()
2026-02-09T22:26:41.248853+07:00 LAPTOP-6OTU1RGQ kernel: APIC: icr_read() replaced with hv_apic_icr_read()
2026-02-09T22:26:41.248853+07:00 LAPTOP-6OTU1RGQ kernel: clocksource: tsc-early: mask: 0xffffffffffffffff max_cycles: 0x398c47f8f62, max_idle_ns: 881590782248 ns
2026-02-09T22:26:41.248853+07:00 LAPTOP-6OTU1RGQ kernel: Calibrating delay loop (skipped), value calculated using timer frequency.. 3992.39 BogoMIPS (lpj=7984780)
2026-02-09T22:26:41.248855+07:00 LAPTOP-6OTU1RGQ kernel: x86/cpu: User Mode Instruction Prevention (UMIP) activated
2026-02-09T22:26:41.248855+07:00 LAPTOP-6OTU1RGQ kernel: Last level iTLB entries: 4KB 64, 2MB 64, 4MB 32
2026-02-09T22:26:41.248856+07:00 LAPTOP-6OTU1RGQ kernel: Last level dTLB entries: 4KB 128, 2MB 128, 4MB 64, 1GB 0
2026-02-09T22:26:41.248856+07:00 LAPTOP-6OTU1RGQ kernel: Spectre V1 : Mitigation: usercopy/swapgs barriers and __user pointer sanitization
2026-02-09T22:26:41.248856+07:00 LAPTOP-6OTU1RGQ kernel: Spectre V2 : Mitigation: Retpolines
2026-02-09T22:26:41.248857+07:00 LAPTOP-6OTU1RGQ kernel: Spectre V2 : Spectre v2 / SpectreRSB mitigation: Filling RSB on context switch
2026-02-09T22:26:41.248857+07:00 LAPTOP-6OTU1RGQ kernel: Spectre V2 : Spectre v2 / SpectreRSB : Filling RSB on VMEXIT
2026-02-09T22:26:41.248857+07:00 LAPTOP-6OTU1RGQ kernel: Spectre V2 : Enabling Restricted Speculation for firmware calls
2026-02-09T22:26:41.248858+07:00 LAPTOP-6OTU1RGQ kernel: Spectre V2 : mitigation: Enabling conditional Indirect Branch Prediction Barrier
2026-02-09T22:26:41.248858+07:00 LAPTOP-6OTU1RGQ kernel: Spectre V2 : User space: Mitigation: STIBP always-on protection
2026-02-09T22:26:41.248858+07:00 LAPTOP-6OTU1RGQ kernel: Speculative Store Bypass: Mitigation: Speculative Store Bypass disabled via prctl
2026-02-09T22:26:41.248859+07:00 LAPTOP-6OTU1RGQ kernel: x86/fpu: Supporting XSAVE feature 0x001: 'x87 floating point registers'
2026-02-09T22:26:41.248859+07:00 LAPTOP-6OTU1RGQ kernel: x86/fpu: Supporting XSAVE feature 0x002: 'SSE registers'
2026-02-09T22:26:41.248859+07:00 LAPTOP-6OTU1RGQ kernel: x86/fpu: Supporting XSAVE feature 0x004: 'AVX registers'
2026-02-09T22:26:41.248859+07:00 LAPTOP-6OTU1RGQ kernel: x86/fpu: Supporting XSAVE feature 0x020: 'AVX-512 opmask'
2026-02-09T22:26:41.248860+07:00 LAPTOP-6OTU1RGQ kernel: x86/fpu: Supporting XSAVE feature 0x040: 'AVX-512 Hi256'
2026-02-09T22:26:41.248860+07:00 LAPTOP-6OTU1RGQ kernel: x86/fpu: Supporting XSAVE feature 0x080: 'AVX-512 ZMM_Hi256'
2026-02-09T22:26:41.248861+07:00 LAPTOP-6OTU1RGQ kernel: x86/fpu: Supporting XSAVE feature 0x800: 'Control-flow User registers'
2026-02-09T22:26:41.248861+07:00 LAPTOP-6OTU1RGQ kernel: x86/fpu: xstate_offset[2]:  576, xstate_sizes[2]:  256
2026-02-09T22:26:41.248861+07:00 LAPTOP-6OTU1RGQ kernel: x86/fpu: xstate_offset[5]:  832, xstate_sizes[5]:   64
2026-02-09T22:26:41.248861+07:00 LAPTOP-6OTU1RGQ kernel: x86/fpu: xstate_offset[6]:  896, xstate_sizes[6]:  512
2026-02-09T22:26:41.248862+07:00 LAPTOP-6OTU1RGQ kernel: x86/fpu: xstate_offset[7]: 1408, xstate_sizes[7]: 1024
2026-02-09T22:26:41.248862+07:00 LAPTOP-6OTU1RGQ kernel: x86/fpu: xstate_offset[11]: 2432, xstate_sizes[11]:   16
2026-02-09T22:26:41.248862+07:00 LAPTOP-6OTU1RGQ kernel: x86/fpu: Enabled xstate features 0x8e7, context size is 2448 bytes, using 'compacted' format.
2026-02-09T22:26:41.248863+07:00 LAPTOP-6OTU1RGQ kernel: Freeing SMP alternatives memory: 44K
2026-02-09T22:26:41.248863+07:00 LAPTOP-6OTU1RGQ kernel: pid_max: default: 32768 minimum: 301
2026-02-09T22:26:41.248863+07:00 LAPTOP-6OTU1RGQ kernel: LSM: initializing lsm=capability,landlock,yama,safesetid,selinux,integrity
2026-02-09T22:26:41.248863+07:00 LAPTOP-6OTU1RGQ kernel: landlock: Up and running.
2026-02-09T22:26:41.248864+07:00 LAPTOP-6OTU1RGQ kernel: Yama: becoming mindful.
2026-02-09T22:26:41.248865+07:00 LAPTOP-6OTU1RGQ kernel: SELinux:  Initializing.
2026-02-09T22:26:41.248865+07:00 LAPTOP-6OTU1RGQ kernel: Mount-cache hash table entries: 32768 (order: 6, 262144 bytes, linear)
2026-02-09T22:26:41.248865+07:00 LAPTOP-6OTU1RGQ kernel: Mountpoint-cache hash table entries: 32768 (order: 6, 262144 bytes, linear)
2026-02-09T22:26:41.248865+07:00 LAPTOP-6OTU1RGQ kernel: smpboot: CPU0: AMD Ryzen AI 9 HX 370 w/ Radeon 890M (family: 0x1a, model: 0x24, stepping: 0x0)
2026-02-09T22:26:41.248865+07:00 LAPTOP-6OTU1RGQ kernel: RCU Tasks: Setting shift to 5 and lim to 1 rcu_task_cb_adjust=1 rcu_task_cpu_ids=24.
2026-02-09T22:26:41.248876+07:00 LAPTOP-6OTU1RGQ kernel: RCU Tasks Rude: Setting shift to 5 and lim to 1 rcu_task_cb_adjust=1 rcu_task_cpu_ids=24.
2026-02-09T22:26:41.248877+07:00 LAPTOP-6OTU1RGQ kernel: RCU Tasks Trace: Setting shift to 5 and lim to 1 rcu_task_cb_adjust=1 rcu_task_cpu_ids=24.
2026-02-09T22:26:41.248877+07:00 LAPTOP-6OTU1RGQ kernel: Performance Events: Fam17h+ core perfctr, AMD PMU driver.
2026-02-09T22:26:41.248877+07:00 LAPTOP-6OTU1RGQ kernel: ... version:                0
2026-02-09T22:26:41.248878+07:00 LAPTOP-6OTU1RGQ kernel: ... bit width:              48
2026-02-09T22:26:41.248878+07:00 LAPTOP-6OTU1RGQ kernel: ... generic registers:      6
2026-02-09T22:26:41.248880+07:00 LAPTOP-6OTU1RGQ kernel: ... value mask:             0000ffffffffffff
2026-02-09T22:26:41.248881+07:00 LAPTOP-6OTU1RGQ kernel: ... max period:             00007fffffffffff
2026-02-09T22:26:41.248881+07:00 LAPTOP-6OTU1RGQ kernel: ... fixed-purpose events:   0
2026-02-09T22:26:41.248881+07:00 LAPTOP-6OTU1RGQ kernel: ... event mask:             000000000000003f
2026-02-09T22:26:41.248881+07:00 LAPTOP-6OTU1RGQ kernel: signal: max sigframe size: 3376
2026-02-09T22:26:41.248881+07:00 LAPTOP-6OTU1RGQ kernel: rcu: Hierarchical SRCU implementation.
2026-02-09T22:26:41.248882+07:00 LAPTOP-6OTU1RGQ kernel: rcu: 	Max phase no-delay instances is 1000.
2026-02-09T22:26:41.248883+07:00 LAPTOP-6OTU1RGQ kernel: smp: Bringing up secondary CPUs ...
2026-02-09T22:26:41.248884+07:00 LAPTOP-6OTU1RGQ kernel: smpboot: x86: Booting SMP configuration:
2026-02-09T22:26:41.248904+07:00 LAPTOP-6OTU1RGQ kernel: .... node  #0, CPUs:        #2  #4  #6  #8 #10 #12 #14 #16 #18 #20 #22  #1  #3  #5  #7  #9 #11 #13 #15 #17 #19 #21 #23
2026-02-09T22:26:41.248905+07:00 LAPTOP-6OTU1RGQ kernel: Spectre V2 : Update user space SMT mitigation: STIBP always-on
2026-02-09T22:26:41.248905+07:00 LAPTOP-6OTU1RGQ kernel: smp: Brought up 1 node, 24 CPUs
2026-02-09T22:26:41.248905+07:00 LAPTOP-6OTU1RGQ kernel: smpboot: Max logical packages: 1
2026-02-09T22:26:41.248906+07:00 LAPTOP-6OTU1RGQ kernel: smpboot: Total of 24 processors activated (95817.36 BogoMIPS)
2026-02-09T22:26:41.248906+07:00 LAPTOP-6OTU1RGQ kernel: node 0 deferred pages initialised in 24ms
2026-02-09T22:26:41.248907+07:00 LAPTOP-6OTU1RGQ kernel: devtmpfs: initialized
2026-02-09T22:26:41.248907+07:00 LAPTOP-6OTU1RGQ kernel: x86/mm: Memory block size: 128MB
2026-02-09T22:26:41.248907+07:00 LAPTOP-6OTU1RGQ kernel: clocksource: jiffies: mask: 0xffffffff max_cycles: 0xffffffff, max_idle_ns: 7645041785100000 ns
2026-02-09T22:26:41.248908+07:00 LAPTOP-6OTU1RGQ kernel: futex hash table entries: 8192 (order: 7, 524288 bytes, linear)
2026-02-09T22:26:41.248909+07:00 LAPTOP-6OTU1RGQ kernel: pinctrl core: initialized pinctrl subsystem
2026-02-09T22:26:41.248909+07:00 LAPTOP-6OTU1RGQ kernel: NET: Registered PF_NETLINK/PF_ROUTE protocol family
2026-02-09T22:26:41.248909+07:00 LAPTOP-6OTU1RGQ kernel: DMA: preallocated 2048 KiB GFP_KERNEL pool for atomic allocations
2026-02-09T22:26:41.248909+07:00 LAPTOP-6OTU1RGQ kernel: DMA: preallocated 2048 KiB GFP_KERNEL|GFP_DMA32 pool for atomic allocations
2026-02-09T22:26:41.248910+07:00 LAPTOP-6OTU1RGQ kernel: audit: initializing netlink subsys (disabled)
2026-02-09T22:26:41.248910+07:00 LAPTOP-6OTU1RGQ kernel: audit: type=2000 audit(1770650796.060:1): state=initialized audit_enabled=0 res=1
2026-02-09T22:26:41.248911+07:00 LAPTOP-6OTU1RGQ kernel: thermal_sys: Registered thermal governor 'step_wise'
2026-02-09T22:26:41.248913+07:00 LAPTOP-6OTU1RGQ kernel: thermal_sys: Registered thermal governor 'user_space'
2026-02-09T22:26:41.248913+07:00 LAPTOP-6OTU1RGQ kernel: cpuidle: using governor ladder
2026-02-09T22:26:41.248913+07:00 LAPTOP-6OTU1RGQ kernel: cpuidle: using governor menu
2026-02-09T22:26:41.248913+07:00 LAPTOP-6OTU1RGQ kernel: acpiphp: ACPI Hot Plug PCI Controller Driver version: 0.5
2026-02-09T22:26:41.248915+07:00 LAPTOP-6OTU1RGQ kernel: dca service started, version 1.12.1
2026-02-09T22:26:41.248915+07:00 LAPTOP-6OTU1RGQ kernel: PCI: Fatal: No config space access function found
2026-02-09T22:26:41.248916+07:00 LAPTOP-6OTU1RGQ kernel: kprobes: kprobe jump-optimization is enabled. All kprobes are optimized if possible.
2026-02-09T22:26:41.248916+07:00 LAPTOP-6OTU1RGQ kernel: HugeTLB: registered 1.00 GiB page size, pre-allocated 0 pages
2026-02-09T22:26:41.248916+07:00 LAPTOP-6OTU1RGQ kernel: HugeTLB: 16380 KiB vmemmap can be freed for a 1.00 GiB page
2026-02-09T22:26:41.248917+07:00 LAPTOP-6OTU1RGQ kernel: HugeTLB: registered 2.00 MiB page size, pre-allocated 0 pages
2026-02-09T22:26:41.248917+07:00 LAPTOP-6OTU1RGQ kernel: HugeTLB: 28 KiB vmemmap can be freed for a 2.00 MiB page
2026-02-09T22:26:41.248917+07:00 LAPTOP-6OTU1RGQ kernel: cryptd: max_cpu_qlen set to 1000
2026-02-09T22:26:41.248917+07:00 LAPTOP-6OTU1RGQ kernel: ACPI: Added _OSI(Module Device)
2026-02-09T22:26:41.248918+07:00 LAPTOP-6OTU1RGQ kernel: ACPI: Added _OSI(Processor Device)
2026-02-09T22:26:41.248919+07:00 LAPTOP-6OTU1RGQ kernel: ACPI: Added _OSI(3.0 _SCP Extensions)
2026-02-09T22:26:41.248919+07:00 LAPTOP-6OTU1RGQ kernel: ACPI: Added _OSI(Processor Aggregator Device)
2026-02-09T22:26:41.248919+07:00 LAPTOP-6OTU1RGQ kernel: ACPI: 1 ACPI AML tables successfully acquired and loaded
2026-02-09T22:26:41.248942+07:00 LAPTOP-6OTU1RGQ kernel: ACPI: _OSC evaluation for CPUs failed, trying _PDC
2026-02-09T22:26:41.248945+07:00 LAPTOP-6OTU1RGQ kernel: ACPI: Interpreter enabled
2026-02-09T22:26:41.248952+07:00 LAPTOP-6OTU1RGQ kernel: ACPI: PM: (supports S0 S5)
2026-02-09T22:26:41.248953+07:00 LAPTOP-6OTU1RGQ kernel: ACPI: Using IOAPIC for interrupt routing
2026-02-09T22:26:41.248953+07:00 LAPTOP-6OTU1RGQ kernel: PCI: Using host bridge windows from ACPI; if necessary, use "pci=nocrs" and report a bug
2026-02-09T22:26:41.248953+07:00 LAPTOP-6OTU1RGQ kernel: PCI: Using E820 reservations for host bridge windows
2026-02-09T22:26:41.248954+07:00 LAPTOP-6OTU1RGQ kernel: ACPI: Enabled 2 GPEs in block 00 to 0F
2026-02-09T22:26:41.248954+07:00 LAPTOP-6OTU1RGQ kernel: iommu: Default domain type: Translated
2026-02-09T22:26:41.248990+07:00 LAPTOP-6OTU1RGQ kernel: iommu: DMA domain TLB invalidation policy: lazy mode
2026-02-09T22:26:41.248992+07:00 LAPTOP-6OTU1RGQ kernel: SCSI subsystem initialized
2026-02-09T22:26:41.248993+07:00 LAPTOP-6OTU1RGQ kernel: libata version 3.00 loaded.
2026-02-09T22:26:41.248993+07:00 LAPTOP-6OTU1RGQ kernel: pps_core: LinuxPPS API ver. 1 registered
2026-02-09T22:26:41.248993+07:00 LAPTOP-6OTU1RGQ kernel: pps_core: Software ver. 5.3.6 - Copyright 2005-2007 Rodolfo Giometti <giometti@linux.it>
2026-02-09T22:26:41.248994+07:00 LAPTOP-6OTU1RGQ kernel: PTP clock support registered
2026-02-09T22:26:41.248994+07:00 LAPTOP-6OTU1RGQ kernel: EDAC MC: Ver: 3.0.0
2026-02-09T22:26:41.248999+07:00 LAPTOP-6OTU1RGQ kernel: hv_vmbus: Vmbus version:5.3
2026-02-09T22:26:41.248999+07:00 LAPTOP-6OTU1RGQ kernel: hv_vmbus: Unknown GUID: 6e382d18-3336-4f4b-acc4-2b7703d4df4a
2026-02-09T22:26:41.249000+07:00 LAPTOP-6OTU1RGQ kernel: NetLabel: Initializing
2026-02-09T22:26:41.249000+07:00 LAPTOP-6OTU1RGQ kernel: NetLabel:  domain hash size = 128
2026-02-09T22:26:41.249000+07:00 LAPTOP-6OTU1RGQ kernel: NetLabel:  protocols = UNLABELED CIPSOv4 CALIPSO
2026-02-09T22:26:41.249000+07:00 LAPTOP-6OTU1RGQ kernel: NetLabel:  unlabeled traffic allowed by default
2026-02-09T22:26:41.249032+07:00 LAPTOP-6OTU1RGQ kernel: PCI: Using ACPI for IRQ routing
2026-02-09T22:26:41.249034+07:00 LAPTOP-6OTU1RGQ kernel: PCI: System does not support PCI
2026-02-09T22:26:41.249034+07:00 LAPTOP-6OTU1RGQ kernel: hv_vmbus: Unknown GUID: dde9cbc0-5060-4436-9448-ea1254a5d177
2026-02-09T22:26:41.249034+07:00 LAPTOP-6OTU1RGQ kernel: vgaarb: loaded
2026-02-09T22:26:41.249035+07:00 LAPTOP-6OTU1RGQ kernel: clocksource: Switched to clocksource tsc-early
2026-02-09T22:26:41.249035+07:00 LAPTOP-6OTU1RGQ kernel: VFS: Disk quotas dquot_6.6.0
2026-02-09T22:26:41.249036+07:00 LAPTOP-6OTU1RGQ kernel: VFS: Dquot-cache hash table entries: 512 (order 0, 4096 bytes)
2026-02-09T22:26:41.249041+07:00 LAPTOP-6OTU1RGQ kernel: FS-Cache: Loaded
2026-02-09T22:26:41.249041+07:00 LAPTOP-6OTU1RGQ kernel: pnp: PnP ACPI init
2026-02-09T22:26:41.249042+07:00 LAPTOP-6OTU1RGQ kernel: pnp: PnP ACPI: found 1 devices
2026-02-09T22:26:41.249042+07:00 LAPTOP-6OTU1RGQ kernel: clocksource: acpi_pm: mask: 0xffffff max_cycles: 0xffffff, max_idle_ns: 2085701024 ns
2026-02-09T22:26:41.249042+07:00 LAPTOP-6OTU1RGQ kernel: NET: Registered PF_INET protocol family
2026-02-09T22:26:41.249042+07:00 LAPTOP-6OTU1RGQ kernel: IP idents hash table entries: 262144 (order: 9, 2097152 bytes, linear)
2026-02-09T22:26:41.249044+07:00 LAPTOP-6OTU1RGQ kernel: tcp_listen_portaddr_hash hash table entries: 8192 (order: 5, 131072 bytes, linear)
2026-02-09T22:26:41.249044+07:00 LAPTOP-6OTU1RGQ kernel: Table-perturb hash table entries: 65536 (order: 6, 262144 bytes, linear)
2026-02-09T22:26:41.249045+07:00 LAPTOP-6OTU1RGQ kernel: TCP established hash table entries: 131072 (order: 8, 1048576 bytes, linear)
2026-02-09T22:26:41.249045+07:00 LAPTOP-6OTU1RGQ kernel: TCP bind hash table entries: 65536 (order: 9, 2097152 bytes, linear)
2026-02-09T22:26:41.249045+07:00 LAPTOP-6OTU1RGQ kernel: TCP: Hash tables configured (established 131072 bind 65536)
2026-02-09T22:26:41.249045+07:00 LAPTOP-6OTU1RGQ kernel: UDP hash table entries: 8192 (order: 6, 262144 bytes, linear)
2026-02-09T22:26:41.249046+07:00 LAPTOP-6OTU1RGQ kernel: UDP-Lite hash table entries: 8192 (order: 6, 262144 bytes, linear)
2026-02-09T22:26:41.249046+07:00 LAPTOP-6OTU1RGQ kernel: NET: Registered PF_UNIX/PF_LOCAL protocol family
2026-02-09T22:26:41.249047+07:00 LAPTOP-6OTU1RGQ kernel: NET: Registered PF_XDP protocol family
2026-02-09T22:26:41.249047+07:00 LAPTOP-6OTU1RGQ kernel: PCI: CLS 0 bytes, default 64
2026-02-09T22:26:41.249048+07:00 LAPTOP-6OTU1RGQ kernel: PCI-DMA: Using software bounce buffering for IO (SWIOTLB)
2026-02-09T22:26:41.249048+07:00 LAPTOP-6OTU1RGQ kernel: software IO TLB: mapped [mem 0x00000000f4000000-0x00000000f8000000] (64MB)
2026-02-09T22:26:41.249049+07:00 LAPTOP-6OTU1RGQ kernel: Trying to unpack rootfs image as initramfs...
2026-02-09T22:26:41.249052+07:00 LAPTOP-6OTU1RGQ kernel: Freeing initrd memory: 2672K
2026-02-09T22:26:41.249053+07:00 LAPTOP-6OTU1RGQ kernel: clocksource: tsc: mask: 0xffffffffffffffff max_cycles: 0x398c47f8f62, max_idle_ns: 881590782248 ns
2026-02-09T22:26:41.249053+07:00 LAPTOP-6OTU1RGQ kernel: clocksource: Switched to clocksource tsc
2026-02-09T22:26:41.249054+07:00 LAPTOP-6OTU1RGQ kernel: Initialise system trusted keyrings
2026-02-09T22:26:41.249055+07:00 LAPTOP-6OTU1RGQ kernel: Key type blacklist registered
2026-02-09T22:26:41.249055+07:00 LAPTOP-6OTU1RGQ kernel: workingset: timestamp_bits=36 max_order=22 bucket_order=0
2026-02-09T22:26:41.249056+07:00 LAPTOP-6OTU1RGQ kernel: squashfs: version 4.0 (2009/01/31) Phillip Lougher
2026-02-09T22:26:41.249057+07:00 LAPTOP-6OTU1RGQ kernel: fuse: init (API version 7.39)
2026-02-09T22:26:41.249057+07:00 LAPTOP-6OTU1RGQ kernel: SGI XFS with ACLs, security attributes, realtime, verbose warnings, quota, no debug enabled
2026-02-09T22:26:41.249057+07:00 LAPTOP-6OTU1RGQ kernel: 9p: Installing v9fs 9p2000 file system support
2026-02-09T22:26:41.249058+07:00 LAPTOP-6OTU1RGQ kernel: Key type asymmetric registered
2026-02-09T22:26:41.249058+07:00 LAPTOP-6OTU1RGQ kernel: Asymmetric key parser 'x509' registered
2026-02-09T22:26:41.249058+07:00 LAPTOP-6OTU1RGQ kernel: Block layer SCSI generic (bsg) driver version 0.4 loaded (major 245)
2026-02-09T22:26:41.249060+07:00 LAPTOP-6OTU1RGQ kernel: io scheduler mq-deadline registered
2026-02-09T22:26:41.249061+07:00 LAPTOP-6OTU1RGQ kernel: io scheduler kyber registered
2026-02-09T22:26:41.249061+07:00 LAPTOP-6OTU1RGQ kernel: hv_vmbus: registering driver hv_pci
2026-02-09T22:26:41.249061+07:00 LAPTOP-6OTU1RGQ kernel: hv_pci c4b741f5-5582-4c98-8f8b-2e082933c396: PCI VMBus probing: Using version 0x10004
2026-02-09T22:26:41.249062+07:00 LAPTOP-6OTU1RGQ kernel: hv_pci c4b741f5-5582-4c98-8f8b-2e082933c396: PCI host bridge to bus 5582:00
2026-02-09T22:26:41.249062+07:00 LAPTOP-6OTU1RGQ kernel: pci_bus 5582:00: root bus resource [mem 0x9ffe00000-0x9ffe02fff window]
2026-02-09T22:26:41.249064+07:00 LAPTOP-6OTU1RGQ kernel: pci_bus 5582:00: No busn resource found for root bus, will use [bus 00-ff]
2026-02-09T22:26:41.249064+07:00 LAPTOP-6OTU1RGQ kernel: pci 5582:00:00.0: [1af4:1043] type 00 class 0x010000
2026-02-09T22:26:41.249064+07:00 LAPTOP-6OTU1RGQ kernel: pci 5582:00:00.0: reg 0x10: [mem 0x9ffe00000-0x9ffe00fff 64bit]
2026-02-09T22:26:41.249077+07:00 LAPTOP-6OTU1RGQ kernel: pci 5582:00:00.0: reg 0x18: [mem 0x9ffe01000-0x9ffe01fff 64bit]
2026-02-09T22:26:41.249078+07:00 LAPTOP-6OTU1RGQ kernel: pci 5582:00:00.0: reg 0x20: [mem 0x9ffe02000-0x9ffe02fff 64bit]
2026-02-09T22:26:41.249078+07:00 LAPTOP-6OTU1RGQ kernel: pci_bus 5582:00: busn_res: [bus 00-ff] end is updated to 00
2026-02-09T22:26:41.249085+07:00 LAPTOP-6OTU1RGQ kernel: pci 5582:00:00.0: BAR 0: assigned [mem 0x9ffe00000-0x9ffe00fff 64bit]
2026-02-09T22:26:41.249085+07:00 LAPTOP-6OTU1RGQ kernel: pci 5582:00:00.0: BAR 2: assigned [mem 0x9ffe01000-0x9ffe01fff 64bit]
2026-02-09T22:26:41.249086+07:00 LAPTOP-6OTU1RGQ kernel: pci 5582:00:00.0: BAR 4: assigned [mem 0x9ffe02000-0x9ffe02fff 64bit]
2026-02-09T22:26:41.249086+07:00 LAPTOP-6OTU1RGQ kernel: hv_pci 22de551e-a61c-489c-bb40-17934512262d: PCI VMBus probing: Using version 0x10004
2026-02-09T22:26:41.249086+07:00 LAPTOP-6OTU1RGQ kernel: hv_pci 22de551e-a61c-489c-bb40-17934512262d: PCI host bridge to bus a61c:00
2026-02-09T22:26:41.249147+07:00 LAPTOP-6OTU1RGQ kernel: pci_bus a61c:00: No busn resource found for root bus, will use [bus 00-ff]
2026-02-09T22:26:41.249149+07:00 LAPTOP-6OTU1RGQ kernel: pci a61c:00:00.0: [1414:008a] type 00 class 0x030200
2026-02-09T22:26:41.249157+07:00 LAPTOP-6OTU1RGQ kernel: pci_bus a61c:00: busn_res: [bus 00-ff] end is updated to 00
2026-02-09T22:26:41.249157+07:00 LAPTOP-6OTU1RGQ kernel: ioatdma: Intel(R) QuickData Technology Driver 5.00
2026-02-09T22:26:41.249177+07:00 LAPTOP-6OTU1RGQ kernel: virtio-pci 5582:00:00.0: enabling device (0000 -> 0002)
2026-02-09T22:26:41.249177+07:00 LAPTOP-6OTU1RGQ kernel: Serial: 8250/16550 driver, 8 ports, IRQ sharing enabled
2026-02-09T22:26:41.249178+07:00 LAPTOP-6OTU1RGQ kernel: Linux agpgart interface v0.103
2026-02-09T22:26:41.249178+07:00 LAPTOP-6OTU1RGQ kernel: AMD-Vi: AMD IOMMUv2 functionality not available on this system - This is not a bug.
2026-02-09T22:26:41.249180+07:00 LAPTOP-6OTU1RGQ kernel: ACPI: bus type drm_connector registered
2026-02-09T22:26:41.249181+07:00 LAPTOP-6OTU1RGQ kernel: printk: console [hvc0] enabled
2026-02-09T22:26:41.249181+07:00 LAPTOP-6OTU1RGQ kernel: brd: module loaded
2026-02-09T22:26:41.249181+07:00 LAPTOP-6OTU1RGQ kernel: loop: module loaded
2026-02-09T22:26:41.249181+07:00 LAPTOP-6OTU1RGQ kernel: Loading iSCSI transport class v2.0-870.
2026-02-09T22:26:41.249181+07:00 LAPTOP-6OTU1RGQ kernel: rdac: device handler registered
2026-02-09T22:26:41.249182+07:00 LAPTOP-6OTU1RGQ kernel: Microchip SmartPQI Driver (v2.1.24-046)
2026-02-09T22:26:41.249183+07:00 LAPTOP-6OTU1RGQ kernel: VMware PVSCSI driver - version 1.0.7.0-k
2026-02-09T22:26:41.249184+07:00 LAPTOP-6OTU1RGQ kernel: hv_vmbus: registering driver hv_storvsc
2026-02-09T22:26:41.249184+07:00 LAPTOP-6OTU1RGQ kernel: PPP generic driver version 2.4.2
2026-02-09T22:26:41.249184+07:00 LAPTOP-6OTU1RGQ kernel: VMware vmxnet3 virtual NIC driver - version 1.7.0.0-k-NAPI
2026-02-09T22:26:41.249184+07:00 LAPTOP-6OTU1RGQ kernel: hv_vmbus: registering driver hv_netvsc
2026-02-09T22:26:41.249185+07:00 LAPTOP-6OTU1RGQ kernel: scsi host0: storvsc_host_t
2026-02-09T22:26:41.249186+07:00 LAPTOP-6OTU1RGQ kernel: Fusion MPT base driver 3.04.20
2026-02-09T22:26:41.249187+07:00 LAPTOP-6OTU1RGQ kernel: Copyright (c) 1999-2008 LSI Corporation
2026-02-09T22:26:41.249187+07:00 LAPTOP-6OTU1RGQ kernel: Fusion MPT SPI Host driver 3.04.20
2026-02-09T22:26:41.249187+07:00 LAPTOP-6OTU1RGQ kernel: Fusion MPT SAS Host driver 3.04.20
2026-02-09T22:26:41.249187+07:00 LAPTOP-6OTU1RGQ kernel: Fusion MPT misc device (ioctl) driver 3.04.20
2026-02-09T22:26:41.249188+07:00 LAPTOP-6OTU1RGQ kernel: mptctl: Registered with Fusion MPT base driver
2026-02-09T22:26:41.249189+07:00 LAPTOP-6OTU1RGQ kernel: mptctl: /dev/mptctl @ (major,minor=10,220)
2026-02-09T22:26:41.249189+07:00 LAPTOP-6OTU1RGQ kernel: i8042: PNP: No PS/2 controller found.
2026-02-09T22:26:41.249190+07:00 LAPTOP-6OTU1RGQ kernel: hv_vmbus: registering driver hyperv_keyboard
2026-02-09T22:26:41.249190+07:00 LAPTOP-6OTU1RGQ kernel: rtc_cmos 00:00: RTC can wake from S4
2026-02-09T22:26:41.249190+07:00 LAPTOP-6OTU1RGQ kernel: rtc_cmos 00:00: registered as rtc0
2026-02-09T22:26:41.249190+07:00 LAPTOP-6OTU1RGQ kernel: rtc_cmos 00:00: setting system clock to 2026-02-09T15:26:36 UTC (1770650796)
2026-02-09T22:26:41.249190+07:00 LAPTOP-6OTU1RGQ kernel: rtc_cmos 00:00: alarms up to one month, 114 bytes nvram
2026-02-09T22:26:41.249192+07:00 LAPTOP-6OTU1RGQ kernel: device-mapper: core: CONFIG_IMA_DISABLE_HTABLE is disabled. Duplicate IMA measurements will not be recorded in the IMA log.
2026-02-09T22:26:41.249193+07:00 LAPTOP-6OTU1RGQ kernel: device-mapper: uevent: version 1.0.3
2026-02-09T22:26:41.249193+07:00 LAPTOP-6OTU1RGQ kernel: device-mapper: ioctl: 4.48.0-ioctl (2023-03-01) initialised: dm-devel@redhat.com
2026-02-09T22:26:41.249193+07:00 LAPTOP-6OTU1RGQ kernel: hv_utils: Registering HyperV Utility Driver
2026-02-09T22:26:41.249193+07:00 LAPTOP-6OTU1RGQ kernel: hv_vmbus: registering driver hv_utils
2026-02-09T22:26:41.249193+07:00 LAPTOP-6OTU1RGQ kernel: hv_vmbus: registering driver hv_balloon
2026-02-09T22:26:41.249195+07:00 LAPTOP-6OTU1RGQ kernel: hv_utils: TimeSync IC version 4.0
2026-02-09T22:26:41.249195+07:00 LAPTOP-6OTU1RGQ kernel: hv_vmbus: registering driver dxgkrnl
2026-02-09T22:26:41.249196+07:00 LAPTOP-6OTU1RGQ kernel: hv_balloon: Using Dynamic Memory protocol version 2.0
2026-02-09T22:26:41.249196+07:00 LAPTOP-6OTU1RGQ kernel: drop_monitor: Initializing network drop monitor service
2026-02-09T22:26:41.249196+07:00 LAPTOP-6OTU1RGQ kernel: Free page reporting enabled
2026-02-09T22:26:41.249196+07:00 LAPTOP-6OTU1RGQ kernel: hv_balloon: Cold memory discard hint enabled with order 9
2026-02-09T22:26:41.249244+07:00 LAPTOP-6OTU1RGQ kernel: NET: Registered PF_INET6 protocol family
2026-02-09T22:26:41.249247+07:00 LAPTOP-6OTU1RGQ kernel: Segment Routing with IPv6
2026-02-09T22:26:41.249247+07:00 LAPTOP-6OTU1RGQ kernel: In-situ OAM (IOAM) with IPv6
2026-02-09T22:26:41.249248+07:00 LAPTOP-6OTU1RGQ kernel: NET: Registered PF_PACKET protocol family
2026-02-09T22:26:41.249248+07:00 LAPTOP-6OTU1RGQ kernel: 9pnet: Installing 9P2000 support
2026-02-09T22:26:41.249248+07:00 LAPTOP-6OTU1RGQ kernel: NET: Registered PF_VSOCK protocol family
2026-02-09T22:26:41.249248+07:00 LAPTOP-6OTU1RGQ kernel: hv_vmbus: registering driver hv_sock
2026-02-09T22:26:41.249254+07:00 LAPTOP-6OTU1RGQ kernel: IPI shorthand broadcast: enabled
2026-02-09T22:26:41.249255+07:00 LAPTOP-6OTU1RGQ kernel: AVX2 version of gcm_enc/dec engaged.
2026-02-09T22:26:41.249255+07:00 LAPTOP-6OTU1RGQ kernel: AES CTR mode by8 optimization enabled
2026-02-09T22:26:41.249255+07:00 LAPTOP-6OTU1RGQ kernel: sched_clock: Marking stable (356005976, 483440)->(377303129, -20813713)
2026-02-09T22:26:41.249255+07:00 LAPTOP-6OTU1RGQ kernel: registered taskstats version 1
2026-02-09T22:26:41.249256+07:00 LAPTOP-6OTU1RGQ kernel: Loading compiled-in X.509 certificates
2026-02-09T22:26:41.249257+07:00 LAPTOP-6OTU1RGQ kernel: ima: No TPM chip found, activating TPM-bypass!
2026-02-09T22:26:41.249258+07:00 LAPTOP-6OTU1RGQ kernel: ima: Allocated hash algorithm: sha256
2026-02-09T22:26:41.249258+07:00 LAPTOP-6OTU1RGQ kernel: ima: No architecture policies found
2026-02-09T22:26:41.249259+07:00 LAPTOP-6OTU1RGQ kernel: RAS: Correctable Errors collector initialized.
2026-02-09T22:26:41.249259+07:00 LAPTOP-6OTU1RGQ kernel: clk: Disabling unused clocks
2026-02-09T22:26:41.249259+07:00 LAPTOP-6OTU1RGQ kernel: Freeing unused decrypted memory: 2028K
2026-02-09T22:26:41.249259+07:00 LAPTOP-6OTU1RGQ kernel: Freeing unused kernel image (initmem) memory: 4492K
2026-02-09T22:26:41.249262+07:00 LAPTOP-6OTU1RGQ kernel: Write protecting the kernel read-only data: 34816k
2026-02-09T22:26:41.249263+07:00 LAPTOP-6OTU1RGQ kernel: Freeing unused kernel image (rodata/data gap) memory: 840K
2026-02-09T22:26:41.249263+07:00 LAPTOP-6OTU1RGQ kernel: Run /init as init process
2026-02-09T22:26:41.249264+07:00 LAPTOP-6OTU1RGQ kernel:   with arguments:
2026-02-09T22:26:41.249264+07:00 LAPTOP-6OTU1RGQ kernel:     /init
2026-02-09T22:26:41.249264+07:00 LAPTOP-6OTU1RGQ kernel:   with environment:
2026-02-09T22:26:41.249266+07:00 LAPTOP-6OTU1RGQ kernel:     HOME=/
2026-02-09T22:26:41.249266+07:00 LAPTOP-6OTU1RGQ kernel:     TERM=linux
2026-02-09T22:26:41.249266+07:00 LAPTOP-6OTU1RGQ kernel:     WSL_ROOT_INIT=1
2026-02-09T22:26:41.249267+07:00 LAPTOP-6OTU1RGQ kernel:     WSL_ENABLE_CRASH_DUMP=1
2026-02-09T22:26:41.249267+07:00 LAPTOP-6OTU1RGQ kernel: hv_vmbus: Unknown GUID: 6e382d18-3336-4f4b-acc4-2b7703d4df4a
2026-02-09T22:26:41.249267+07:00 LAPTOP-6OTU1RGQ kernel: hv_pci fefdb6a0-a78a-4ead-8e8f-7a0c41bcd458: PCI VMBus probing: Using version 0x10004
2026-02-09T22:26:41.249269+07:00 LAPTOP-6OTU1RGQ kernel: hv_vmbus: Unknown GUID: 6e382d18-3336-4f4b-acc4-2b7703d4df4a
2026-02-09T22:26:41.249269+07:00 LAPTOP-6OTU1RGQ kernel: hv_pci fefdb6a0-a78a-4ead-8e8f-7a0c41bcd458: PCI host bridge to bus a78a:00
2026-02-09T22:26:41.249270+07:00 LAPTOP-6OTU1RGQ kernel: pci_bus a78a:00: No busn resource found for root bus, will use [bus 00-ff]
2026-02-09T22:26:41.249270+07:00 LAPTOP-6OTU1RGQ kernel: pci a78a:00:00.0: [1414:008e] type 00 class 0x030200
2026-02-09T22:26:41.249270+07:00 LAPTOP-6OTU1RGQ kernel: pci_bus a78a:00: busn_res: [bus 00-ff] end is updated to 00
2026-02-09T22:26:41.249270+07:00 LAPTOP-6OTU1RGQ kernel: hv_pci e3ae8e91-78de-4f4f-9dc7-e31cdc4ebf63: PCI VMBus probing: Using version 0x10004
2026-02-09T22:26:41.249270+07:00 LAPTOP-6OTU1RGQ kernel: hv_pci e3ae8e91-78de-4f4f-9dc7-e31cdc4ebf63: PCI host bridge to bus 78de:00
2026-02-09T22:26:41.249272+07:00 LAPTOP-6OTU1RGQ kernel: pci_bus 78de:00: No busn resource found for root bus, will use [bus 00-ff]
2026-02-09T22:26:41.249272+07:00 LAPTOP-6OTU1RGQ kernel: pci 78de:00:00.0: [1414:008e] type 00 class 0x030200
2026-02-09T22:26:41.249273+07:00 LAPTOP-6OTU1RGQ kernel: pci_bus 78de:00: busn_res: [bus 00-ff] end is updated to 00
2026-02-09T22:26:41.249273+07:00 LAPTOP-6OTU1RGQ kernel: scsi 0:0:0:0: Direct-Access     Msft     Virtual Disk     1.0  PQ: 0 ANSI: 5
2026-02-09T22:26:41.249273+07:00 LAPTOP-6OTU1RGQ kernel: scsi 0:0:0:1: Direct-Access     Msft     Virtual Disk     1.0  PQ: 0 ANSI: 5
2026-02-09T22:26:41.249273+07:00 LAPTOP-6OTU1RGQ kernel: sd 0:0:0:0: Attached scsi generic sg0 type 0
2026-02-09T22:26:41.249275+07:00 LAPTOP-6OTU1RGQ kernel: sd 0:0:0:0: [sda] 795536 512-byte logical blocks: (407 MB/388 MiB)
2026-02-09T22:26:41.249275+07:00 LAPTOP-6OTU1RGQ kernel: sd 0:0:0:1: Attached scsi generic sg1 type 0
2026-02-09T22:26:41.249275+07:00 LAPTOP-6OTU1RGQ kernel: sd 0:0:0:1: [sdb] 381016 512-byte logical blocks: (195 MB/186 MiB)
2026-02-09T22:26:41.249275+07:00 LAPTOP-6OTU1RGQ kernel: sd 0:0:0:1: [sdb] Write Protect is on
2026-02-09T22:26:41.249276+07:00 LAPTOP-6OTU1RGQ kernel: sd 0:0:0:1: [sdb] Mode Sense: 0f 00 80 00
2026-02-09T22:26:41.249277+07:00 LAPTOP-6OTU1RGQ kernel: sd 0:0:0:1: [sdb] Write cache: disabled, read cache: enabled, doesn't support DPO or FUA
2026-02-09T22:26:41.249277+07:00 LAPTOP-6OTU1RGQ kernel: sd 0:0:0:0: [sda] Write Protect is on
2026-02-09T22:26:41.249280+07:00 LAPTOP-6OTU1RGQ kernel: sd 0:0:0:0: [sda] Mode Sense: 0f 00 80 00
2026-02-09T22:26:41.249280+07:00 LAPTOP-6OTU1RGQ kernel: sd 0:0:0:0: [sda] Write cache: disabled, read cache: enabled, doesn't support DPO or FUA
2026-02-09T22:26:41.249281+07:00 LAPTOP-6OTU1RGQ kernel: sd 0:0:0:0: [sda] Attached SCSI disk
2026-02-09T22:26:41.249281+07:00 LAPTOP-6OTU1RGQ kernel: sd 0:0:0:1: [sdb] Attached SCSI disk
2026-02-09T22:26:41.249281+07:00 LAPTOP-6OTU1RGQ kernel: scsi 0:0:0:2: Direct-Access     Msft     Virtual Disk     1.0  PQ: 0 ANSI: 5
2026-02-09T22:26:41.249281+07:00 LAPTOP-6OTU1RGQ kernel: sd 0:0:0:2: Attached scsi generic sg2 type 0
2026-02-09T22:26:41.249283+07:00 LAPTOP-6OTU1RGQ kernel: sd 0:0:0:2: [sdc] 8388616 512-byte logical blocks: (4.29 GB/4.00 GiB)
2026-02-09T22:26:41.249283+07:00 LAPTOP-6OTU1RGQ kernel: sd 0:0:0:2: [sdc] 4096-byte physical blocks
2026-02-09T22:26:41.249283+07:00 LAPTOP-6OTU1RGQ kernel: sd 0:0:0:2: [sdc] Write Protect is off
2026-02-09T22:26:41.249283+07:00 LAPTOP-6OTU1RGQ kernel: sd 0:0:0:2: [sdc] Mode Sense: 0f 00 00 00
2026-02-09T22:26:41.249284+07:00 LAPTOP-6OTU1RGQ kernel: sd 0:0:0:2: [sdc] Write cache: enabled, read cache: enabled, doesn't support DPO or FUA
2026-02-09T22:26:41.249284+07:00 LAPTOP-6OTU1RGQ kernel: sd 0:0:0:2: [sdc] Attached SCSI disk
2026-02-09T22:26:41.249285+07:00 LAPTOP-6OTU1RGQ kernel: EXT4-fs (sda): mounted filesystem 00000000-0000-0000-0000-000000000000 ro without journal. Quota mode: none.
2026-02-09T22:26:41.249286+07:00 LAPTOP-6OTU1RGQ kernel: EXT4-fs (sdb): mounted filesystem 00000000-0000-0000-0000-000000000000 ro without journal. Quota mode: none.
2026-02-09T22:26:41.249286+07:00 LAPTOP-6OTU1RGQ kernel: tun: Universal TUN/TAP device driver, 1.6
2026-02-09T22:26:41.249287+07:00 LAPTOP-6OTU1RGQ kernel: Adding 4194304k swap on /dev/sdc.  Priority:-2 extents:1 across:4194304k 
2026-02-09T22:26:41.249287+07:00 LAPTOP-6OTU1RGQ kernel: bridge: filtering via arp/ip/ip6tables is no longer available by default. Update your scripts to load br_netfilter if you need this.
2026-02-09T22:26:41.249287+07:00 LAPTOP-6OTU1RGQ kernel: Bridge firewalling registered
2026-02-09T22:26:41.249289+07:00 LAPTOP-6OTU1RGQ kernel: hv_pci febf4167-7575-432f-80b3-1ee0f002826f: PCI VMBus probing: Using version 0x10004
2026-02-09T22:26:41.249289+07:00 LAPTOP-6OTU1RGQ kernel: hv_pci febf4167-7575-432f-80b3-1ee0f002826f: PCI host bridge to bus 7575:00
2026-02-09T22:26:41.249289+07:00 LAPTOP-6OTU1RGQ kernel: pci_bus 7575:00: root bus resource [mem 0xc00000000-0xe00001fff window]
2026-02-09T22:26:41.249298+07:00 LAPTOP-6OTU1RGQ kernel: pci_bus 7575:00: No busn resource found for root bus, will use [bus 00-ff]
2026-02-09T22:26:41.249299+07:00 LAPTOP-6OTU1RGQ kernel: pci 7575:00:00.0: [1af4:105a] type 00 class 0x088000
2026-02-09T22:26:41.249299+07:00 LAPTOP-6OTU1RGQ kernel: pci 7575:00:00.0: reg 0x10: [mem 0xe00000000-0xe00000fff 64bit]
2026-02-09T22:26:41.249313+07:00 LAPTOP-6OTU1RGQ kernel: pci 7575:00:00.0: reg 0x18: [mem 0xe00001000-0xe00001fff 64bit]
2026-02-09T22:26:41.249322+07:00 LAPTOP-6OTU1RGQ kernel: pci 7575:00:00.0: reg 0x20: [mem 0xc00000000-0xdffffffff 64bit]
2026-02-09T22:26:41.249323+07:00 LAPTOP-6OTU1RGQ kernel: pci_bus 7575:00: busn_res: [bus 00-ff] end is updated to 00
2026-02-09T22:26:41.249323+07:00 LAPTOP-6OTU1RGQ kernel: pci 7575:00:00.0: BAR 4: assigned [mem 0xc00000000-0xdffffffff 64bit]
2026-02-09T22:26:41.249323+07:00 LAPTOP-6OTU1RGQ kernel: pci 7575:00:00.0: BAR 0: assigned [mem 0xe00000000-0xe00000fff 64bit]
2026-02-09T22:26:41.249323+07:00 LAPTOP-6OTU1RGQ kernel: pci 7575:00:00.0: BAR 2: assigned [mem 0xe00001000-0xe00001fff 64bit]
2026-02-09T22:26:41.249324+07:00 LAPTOP-6OTU1RGQ kernel: virtio-pci 7575:00:00.0: enabling device (0000 -> 0002)
2026-02-09T22:26:41.249326+07:00 LAPTOP-6OTU1RGQ kernel: virtiofs virtio1: Cache len: 0x200000000 @ 0xc00000000
2026-02-09T22:26:41.249326+07:00 LAPTOP-6OTU1RGQ kernel: scsi 0:0:0:3: Direct-Access     Msft     Virtual Disk     1.0  PQ: 0 ANSI: 5
2026-02-09T22:26:41.249326+07:00 LAPTOP-6OTU1RGQ kernel: sd 0:0:0:3: [sdd] 2147483648 512-byte logical blocks: (1.10 TB/1.00 TiB)
2026-02-09T22:26:41.249326+07:00 LAPTOP-6OTU1RGQ kernel: sd 0:0:0:3: Attached scsi generic sg3 type 0
2026-02-09T22:26:41.249327+07:00 LAPTOP-6OTU1RGQ kernel: sd 0:0:0:3: [sdd] 4096-byte physical blocks
2026-02-09T22:26:41.249327+07:00 LAPTOP-6OTU1RGQ kernel: sd 0:0:0:3: [sdd] Write Protect is off
2026-02-09T22:26:41.249328+07:00 LAPTOP-6OTU1RGQ kernel: sd 0:0:0:3: [sdd] Mode Sense: 0f 00 00 00
2026-02-09T22:26:41.249329+07:00 LAPTOP-6OTU1RGQ kernel: sd 0:0:0:3: [sdd] Write cache: enabled, read cache: enabled, doesn't support DPO or FUA
2026-02-09T22:26:41.249329+07:00 LAPTOP-6OTU1RGQ kernel: sd 0:0:0:3: [sdd] Attached SCSI disk
2026-02-09T22:26:41.249329+07:00 LAPTOP-6OTU1RGQ kernel: EXT4-fs (sdd): mounted filesystem 0d10eddf-f9e8-493f-b603-175a38043c85 r/w with ordered data mode. Quota mode: none.
2026-02-09T22:26:41.249330+07:00 LAPTOP-6OTU1RGQ kernel: pulseaudio[361]: memfd_create() called without MFD_EXEC or MFD_NOEXEC_SEAL set
2026-02-09T22:26:41.249330+07:00 LAPTOP-6OTU1RGQ kernel: misc dxg: dxgk: dxgkio_is_feature_enabled: Ioctl failed: -22
2026-02-09T22:26:41.249330+07:00 LAPTOP-6OTU1RGQ kernel: misc dxg: dxgk: dxgkio_query_adapter_info: Ioctl failed: -1
2026-02-09T22:26:41.249332+07:00 LAPTOP-6OTU1RGQ kernel: misc dxg: dxgk: dxgkio_query_adapter_info: Ioctl failed: -22
2026-02-09T22:26:41.249335+07:00 LAPTOP-6OTU1RGQ kernel: message repeated 4 times: [ misc dxg: dxgk: dxgkio_query_adapter_info: Ioctl failed: -22]
2026-02-09T22:26:41.249335+07:00 LAPTOP-6OTU1RGQ kernel: misc dxg: dxgk: dxgkio_query_adapter_info: Ioctl failed: -2
2026-02-09T22:26:41.249338+07:00 LAPTOP-6OTU1RGQ kernel: misc dxg: dxgk: dxgkio_query_adapter_info: Ioctl failed: -22
2026-02-09T22:26:41.249340+07:00 LAPTOP-6OTU1RGQ kernel: message repeated 2 times: [ misc dxg: dxgk: dxgkio_query_adapter_info: Ioctl failed: -22]
2026-02-09T22:26:41.249341+07:00 LAPTOP-6OTU1RGQ kernel: misc dxg: dxgk: dxgkio_query_adapter_info: Ioctl failed: -2
2026-02-09T22:26:41.249402+07:00 LAPTOP-6OTU1RGQ kernel: misc dxg: dxgk: dxgkio_query_adapter_info: Ioctl failed: -22
2026-02-09T22:26:41.249406+07:00 LAPTOP-6OTU1RGQ kernel: message repeated 2 times: [ misc dxg: dxgk: dxgkio_query_adapter_info: Ioctl failed: -22]
2026-02-09T22:26:41.249406+07:00 LAPTOP-6OTU1RGQ kernel: misc dxg: dxgk: dxgkio_query_adapter_info: Ioctl failed: -2
2026-02-09T22:26:41.249413+07:00 LAPTOP-6OTU1RGQ kernel: ACPI: AC: AC Adapter [AC1] (off-line)
2026-02-09T22:26:41.249414+07:00 LAPTOP-6OTU1RGQ kernel: ACPI: battery: Slot [BAT1] (battery present)
2026-02-09T22:26:41.370626+07:00 LAPTOP-6OTU1RGQ kernel: kvm_amd: TSC scaling supported
2026-02-09T22:26:41.370643+07:00 LAPTOP-6OTU1RGQ kernel: kvm_amd: Nested Virtualization enabled
2026-02-09T22:26:41.370643+07:00 LAPTOP-6OTU1RGQ kernel: kvm_amd: Nested Paging enabled
2026-02-09T22:26:41.370643+07:00 LAPTOP-6OTU1RGQ kernel: kvm_amd: kvm_amd: Hyper-V enlightened NPT TLB flush enabled
2026-02-09T22:26:41.370644+07:00 LAPTOP-6OTU1RGQ kernel: kvm_amd: kvm_amd: Hyper-V Direct TLB Flush enabled
2026-02-09T22:26:41.370644+07:00 LAPTOP-6OTU1RGQ kernel: kvm_amd: Virtual VMLOAD VMSAVE supported
2026-02-09T22:26:42.039590+07:00 LAPTOP-6OTU1RGQ kernel: TCP: eth0: Driver has suspect GRO implementation, TCP performance may be compromised.
2026-02-09T22:27:24.649266+07:00 LAPTOP-6OTU1RGQ kernel: hv_balloon: Max. dynamic memory size: 15932 MB
2026-02-09T22:36:38.114524+07:00 LAPTOP-6OTU1RGQ kernel: mini_init (318): drop_caches: 1
